1557760358.856:532785,CC7C9A7F-4BD4-5E0F-88B4-3EA111554703:null:null,READ,0100D00F-0B00-5800-0000-0000678E005A,/etc/hosts:0,ta1-theia-1
1557760358.856:532784,CC7C9A7F-4BD4-5E0F-88B4-3EA111554703:null:null,READ,0100D00F-0B00-5800-0000-0000678E005A,/etc/hosts:0,ta1-theia-1
1557760354.946:532749,CC7C9A7F-4BD4-5E0F-88B4-3EA111554703:null:null,READ,0100D00F-0B00-5800-0000-0000678E005A,/etc/hosts:0,ta1-theia-1
1557760354.946:532748,CC7C9A7F-4BD4-5E0F-88B4-3EA111554703:null:null,READ,0100D00F-0B00-5800-0000-0000678E005A,/etc/hosts:0,ta1-theia-1
1557760329.855:532719,CC7C9A7F-4BD4-5E0F-88B4-3EA111554703:null:null,READ,0100D00F-0B00-5800-0000-0000678E005A,/etc/hosts:0,ta1-theia-1
1557760329.855:532718,CC7C9A7F-4BD4-5E0F-88B4-3EA111554703:null:null,READ,0100D00F-0B00-5800-0000-0000678E005A,/etc/hosts:0,ta1-theia-1
1557760324.866:532674,CC7C9A7F-4BD4-5E0F-88B4-3EA111554703:null:null,READ,0100D00F-0B00-5800-0000-0000678E005A,/etc/hosts:0,ta1-theia-1
1557760324.866:532673,CC7C9A7F-4BD4-5E0F-88B4-3EA111554703:null:null,READ,0100D00F-0B00-5800-0000-0000678E005A,/etc/hosts:0,ta1-theia-1
1557760308.036:532639,CC7C9A7F-4BD4-5E0F-88B4-3EA111554703:null:null,READ,0100D00F-0B00-5800-0000-0000678E005A,/etc/hosts:0,ta1-theia-1
1557760308.036:532638,CC7C9A7F-4BD4-5E0F-88B4-3EA111554703:null:null,READ,0100D00F-0B00-5800-0000-0000678E005A,/etc/hosts:0,ta1-theia-1
1557760298.856:532598,CC7C9A7F-4BD4-5E0F-88B4-3EA111554703:null:null,READ,0100D00F-0B00-5800-0000-0000678E005A,/etc/hosts:0,ta1-theia-1
1557760298.856:532597,CC7C9A7F-4BD4-5E0F-88B4-3EA111554703:null:null,READ,0100D00F-0B00-5800-0000-0000678E005A,/etc/hosts:0,ta1-theia-1
1557760294.914:532561,CC7C9A7F-4BD4-5E0F-88B4-3EA111554703:null:null,READ,0100D00F-0B00-5800-0000-0000678E005A,/etc/hosts:0,ta1-theia-1
1557760294.914:532560,CC7C9A7F-4BD4-5E0F-88B4-3EA111554703:null:null,READ,0100D00F-0B00-5800-0000-0000678E005A,/etc/hosts:0,ta1-theia-1
1557760289.787:532536,CC7C9A7F-4BD4-5E0F-88B4-3EA111554703:null:null,READ,0100D00F-0B00-5800-0000-0000678E005A,/etc/hosts:0,ta1-theia-1
1557760289.787:532535,CC7C9A7F-4BD4-5E0F-88B4-3EA111554703:null:null,READ,0100D00F-0B00-5800-0000-0000678E005A,/etc/hosts:0,ta1-theia-1
1557760268.855:532490,CC7C9A7F-4BD4-5E0F-88B4-3EA111554703:null:null,READ,0100D00F-0B00-5800-0000-0000678E005A,/etc/hosts:0,ta1-theia-1
1557760268.855:532489,CC7C9A7F-4BD4-5E0F-88B4-3EA111554703:null:null,READ,0100D00F-0B00-5800-0000-0000678E005A,/etc/hosts:0,ta1-theia-1
1557760264.962:532453,CC7C9A7F-4BD4-5E0F-88B4-3EA111554703:null:null,READ,0100D00F-0B00-5800-0000-0000678E005A,/etc/hosts:0,ta1-theia-1
1557760264.962:532452,CC7C9A7F-4BD4-5E0F-88B4-3EA111554703:null:null,READ,0100D00F-0B00-5800-0000-0000678E005A,/etc/hosts:0,ta1-theia-1
1557760257.726:532428,CC7C9A7F-4BD4-5E0F-88B4-3EA111554703:null:null,READ,0100D00F-0B00-5800-0000-0000678E005A,/etc/hosts:0,ta1-theia-1
1557760257.725:532427,CC7C9A7F-4BD4-5E0F-88B4-3EA111554703:null:null,READ,0100D00F-0B00-5800-0000-0000678E005A,/etc/hosts:0,ta1-theia-1
1557760250.591:129192,D2254D75-B9E0-55BB-A06C-FF862E97E769:null:null,CLONE,443A4CB1-5105-575C-B556-3CCBD05E4868,b'xscreensaver -no-splash':1003,ta1-theia-1
1557760250.459:139,50F4D656-5E0A-53EF-888A-4EB93031ED1A:b'/usr/bin/python /usr/share/apport/apport 191901 11 0':1003,CLONE,4F632A8B-EB7C-529E-8399-D3E7D86156D0,b'/usr/bin/gdbus call -e -d org.gnome.SessionManager -o /org/gnome/SessionManager -m org.gnome.SessionManager.IsSessionRunning':1003,ta1-theia-1
1557760250.450:1214,D540D530-9D61-553E-969E-7B47680E1F55:b'/usr/bin/python /usr/share/apport/apport 191901 11 0':0,CLONE,50F4D656-5E0A-53EF-888A-4EB93031ED1A,b'/usr/bin/python /usr/share/apport/apport 191901 11 0':1003,ta1-theia-1
1557760250.371:129165,D2254D75-B9E0-55BB-A06C-FF862E97E769:null:null,CLONE,FF47F8FF-4760-5568-8EA1-8C3E797877D4,b'xscreensaver -no-splash':1003,ta1-theia-1
1557760235.744:532378,CC7C9A7F-4BD4-5E0F-88B4-3EA111554703:null:null,READ,0100D00F-0B00-5800-0000-0000678E005A,/etc/hosts:0,ta1-theia-1
1557760235.744:532377,CC7C9A7F-4BD4-5E0F-88B4-3EA111554703:null:null,READ,0100D00F-0B00-5800-0000-0000678E005A,/etc/hosts:0,ta1-theia-1
1557760211.851:532337,CC7C9A7F-4BD4-5E0F-88B4-3EA111554703:null:null,READ,0100D00F-0B00-5800-0000-0000678E005A,/etc/hosts:0,ta1-theia-1
1557760211.851:532336,CC7C9A7F-4BD4-5E0F-88B4-3EA111554703:null:null,READ,0100D00F-0B00-5800-0000-0000678E005A,/etc/hosts:0,ta1-theia-1
1557760204.930:532300,CC7C9A7F-4BD4-5E0F-88B4-3EA111554703:null:null,READ,0100D00F-0B00-5800-0000-0000678E005A,/etc/hosts:0,ta1-theia-1
1557760204.930:532299,CC7C9A7F-4BD4-5E0F-88B4-3EA111554703:null:null,READ,0100D00F-0B00-5800-0000-0000678E005A,/etc/hosts:0,ta1-theia-1
1557760148.851:532275,CC7C9A7F-4BD4-5E0F-88B4-3EA111554703:null:null,READ,0100D00F-0B00-5800-0000-0000678E005A,/etc/hosts:0,ta1-theia-1
1557760148.851:532274,CC7C9A7F-4BD4-5E0F-88B4-3EA111554703:null:null,READ,0100D00F-0B00-5800-0000-0000678E005A,/etc/hosts:0,ta1-theia-1
1557760148.065:28,66CFF6A1-AAAB-5761-B11F-5906A4A3C15A:b'sshd: admin [priv]  ':0,CLONE,6BF1D64B-4483-580B-AC1F-B995968C5CAE,b'sshd: admin@notty   ':1003,ta1-theia-1
1557760148.062:591,B5FAF448-C3D3-59A8-A868-00F3F14E8FC8:b'/usr/sbin/sshd -D':0,CLONE,66CFF6A1-AAAB-5761-B11F-5906A4A3C15A,b'sshd: admin [priv]  ':0,ta1-theia-1
1557760148.055:35,10AE9BC0-7DC6-5D1C-BF3C-9B6A0907A708:b'sh -c /usr/bin/env -i PATH=/usr/local/sbin:/usr/local/bin:/usr/sbin:/usr/bin:/sbin:/bin run-parts --lsbsysinit /etc/update-motd.d > /var/run/motd.new':0,CLONE,806C3BC4-2A1A-580E-B79E-9564DF874587,b'run-parts --lsbsysinit /etc/update-motd.d':0,ta1-theia-1
1557760148.053:34,10AE9BC0-7DC6-5D1C-BF3C-9B6A0907A708:b'sh -c /usr/bin/env -i PATH=/usr/local/sbin:/usr/local/bin:/usr/sbin:/usr/bin:/sbin:/bin run-parts --lsbsysinit /etc/update-motd.d > /var/run/motd.new':0,CLONE,8077F1AE-8AD5-5DAD-B73B-88A102750D38,b'run-parts --lsbsysinit /etc/update-motd.d':0,ta1-theia-1
1557760148.047:0,260F112C-06CF-5ECD-9E41-0227195B3986:b'/bin/sh /usr/lib/update-notifier/update-motd-fsck-at-reboot':0,EXECUTE,0100D00F-9E00-3200-0000-0000B790005A,/bin/cat:0,ta1-theia-1
1557760148.047:43,DD209417-D79A-5D04-A741-FF85A5246BFD:b'run-parts --lsbsysinit /etc/update-motd.d':0,CLONE,260F112C-06CF-5ECD-9E41-0227195B3986,b'/bin/sh /usr/lib/update-notifier/update-motd-fsck-at-reboot':0,ta1-theia-1
1557760148.037:40,DD209417-D79A-5D04-A741-FF85A5246BFD:b'run-parts --lsbsysinit /etc/update-motd.d':0,CLONE,DBC78C5B-5692-5DAC-8E27-0FF9663088AC,b'/bin/sh /usr/lib/update-notifier/update-motd-fsck-at-reboot':0,ta1-theia-1
1557760148.035:36,DD209417-D79A-5D04-A741-FF85A5246BFD:b'run-parts --lsbsysinit /etc/update-motd.d':0,CLONE,D8E58A25-C99B-5B88-ADAB-D659C1711876,b'/bin/sh /usr/lib/update-notifier/update-motd-fsck-at-reboot':0,ta1-theia-1
1557760148.026:33,10AE9BC0-7DC6-5D1C-BF3C-9B6A0907A708:b'sh -c /usr/bin/env -i PATH=/usr/local/sbin:/usr/local/bin:/usr/sbin:/usr/bin:/sbin:/bin run-parts --lsbsysinit /etc/update-motd.d > /var/run/motd.new':0,CLONE,DD209417-D79A-5D04-A741-FF85A5246BFD,b'run-parts --lsbsysinit /etc/update-motd.d':0,ta1-theia-1
1557760148.025:0,A3E2C948-39FB-517F-B971-C444D6A6B176:b'/bin/sh -e /usr/lib/update-notifier/update-motd-hwe-eol':0,EXECUTE,0100D00F-9E00-3200-0000-0000B790005A,/bin/cat:0,ta1-theia-1
1557760148.025:57,101AAB62-FFCA-50DA-A5DB-8B43215D8227:b'run-parts --lsbsysinit /etc/update-motd.d':0,CLONE,A3E2C948-39FB-517F-B971-C444D6A6B176,b'/bin/sh -e /usr/lib/update-notifier/update-motd-hwe-eol':0,ta1-theia-1
1557760148.013:55,101AAB62-FFCA-50DA-A5DB-8B43215D8227:b'run-parts --lsbsysinit /etc/update-motd.d':0,CLONE,40C56C70-F87F-5838-9745-B738BC7E72C1,b'/bin/sh -e /usr/lib/update-notifier/update-motd-hwe-eol':0,ta1-theia-1
1557760148.002:105,4DAEAA45-898A-5B3C-8CBA-D0554E2D5420:b'/bin/sh -e /usr/lib/update-notifier/update-motd-hwe-eol':0,CLONE,3B7956AC-1825-57C7-B2D3-6DE0BA34D2C9,b'apt-config shell DpkgStatusDir Dir::State::status':0,ta1-theia-1
1557760147.998:51,101AAB62-FFCA-50DA-A5DB-8B43215D8227:b'run-parts --lsbsysinit /etc/update-motd.d':0,CLONE,4DAEAA45-898A-5B3C-8CBA-D0554E2D5420,b'/bin/sh -e /usr/lib/update-notifier/update-motd-hwe-eol':0,ta1-theia-1
1557760147.981:105,7A238DBA-04D1-5215-85FC-8ACD6BE011A1:b'/bin/sh -e /usr/lib/update-notifier/update-motd-hwe-eol':0,CLONE,C9CFB7E8-54BD-58D7-92F2-089EED7CEDDA,b'apt-config shell SourceList Dir::Etc::sourcelist':0,ta1-theia-1
1557760147.978:47,101AAB62-FFCA-50DA-A5DB-8B43215D8227:b'run-parts --lsbsysinit /etc/update-motd.d':0,CLONE,7A238DBA-04D1-5215-85FC-8ACD6BE011A1,b'/bin/sh -e /usr/lib/update-notifier/update-motd-hwe-eol':0,ta1-theia-1
1557760147.966:105,7DFFDFFD-EBDB-5986-99B8-A05D13ABB514:b'/bin/sh -e /usr/lib/update-notifier/update-motd-hwe-eol':0,CLONE,980B8A31-4468-5453-8570-461E6F85DFBD,b'apt-config shell EtcDir Dir::Etc':0,ta1-theia-1
1557760147.963:43,101AAB62-FFCA-50DA-A5DB-8B43215D8227:b'run-parts --lsbsysinit /etc/update-motd.d':0,CLONE,7DFFDFFD-EBDB-5986-99B8-A05D13ABB514,b'/bin/sh -e /usr/lib/update-notifier/update-motd-hwe-eol':0,ta1-theia-1
1557760147.953:105,0D8FC48F-AFF9-5891-B206-AD412E207D0D:b'/bin/sh -e /usr/lib/update-notifier/update-motd-hwe-eol':0,CLONE,81F4D6A8-B699-57F9-95F6-5BF19D6FFD0F,b'apt-config shell ListDir Dir::State::Lists':0,ta1-theia-1
1557760147.950:39,101AAB62-FFCA-50DA-A5DB-8B43215D8227:b'run-parts --lsbsysinit /etc/update-motd.d':0,CLONE,0D8FC48F-AFF9-5891-B206-AD412E207D0D,b'/bin/sh -e /usr/lib/update-notifier/update-motd-hwe-eol':0,ta1-theia-1
1557760147.942:105,DC6B9474-4CFF-5920-8556-37B8C86D9E21:b'/bin/sh -e /usr/lib/update-notifier/update-motd-hwe-eol':0,CLONE,B85EC328-C2AF-5B86-905E-8B5E400DBF72,b'apt-config shell StateDir Dir::State':0,ta1-theia-1
1557760147.939:35,101AAB62-FFCA-50DA-A5DB-8B43215D8227:b'run-parts --lsbsysinit /etc/update-motd.d':0,CLONE,DC6B9474-4CFF-5920-8556-37B8C86D9E21,b'/bin/sh -e /usr/lib/update-notifier/update-motd-hwe-eol':0,ta1-theia-1
1557760147.937:32,10AE9BC0-7DC6-5D1C-BF3C-9B6A0907A708:b'sh -c /usr/bin/env -i PATH=/usr/local/sbin:/usr/local/bin:/usr/sbin:/usr/bin:/sbin:/bin run-parts --lsbsysinit /etc/update-motd.d > /var/run/motd.new':0,CLONE,101AAB62-FFCA-50DA-A5DB-8B43215D8227,b'run-parts --lsbsysinit /etc/update-motd.d':0,ta1-theia-1
1557760147.928:0,1F6AC565-2BC2-5C15-A535-143418B210CF:b'/bin/sh -e /usr/lib/update-manager/release-upgrade-motd':0,EXECUTE,0100D00F-9E00-3200-0000-0000B790005A,/bin/cat:0,ta1-theia-1
1557760147.928:34,88DF213D-ED94-57EE-8A8D-467B3417E9A7:b'run-parts --lsbsysinit /etc/update-motd.d':0,CLONE,1F6AC565-2BC2-5C15-A535-143418B210CF,b'/bin/sh -e /usr/lib/update-manager/release-upgrade-motd':0,ta1-theia-1
1557760147.925:31,10AE9BC0-7DC6-5D1C-BF3C-9B6A0907A708:b'sh -c /usr/bin/env -i PATH=/usr/local/sbin:/usr/local/bin:/usr/sbin:/usr/bin:/sbin:/bin run-parts --lsbsysinit /etc/update-motd.d > /var/run/motd.new':0,CLONE,88DF213D-ED94-57EE-8A8D-467B3417E9A7,b'run-parts --lsbsysinit /etc/update-motd.d':0,ta1-theia-1
1557760147.906:0,65708136-E131-59AD-BCFF-A6080FE15F36:b'/bin/sh -e /usr/lib/update-notifier/update-motd-updates-available':0,EXECUTE,0100D00F-9E00-3200-0000-0000B790005A,/bin/cat:0,ta1-theia-1
1557760147.906:447,FDD200C8-3455-5A93-9D73-28C4281AC3ED:b'run-parts --lsbsysinit /etc/update-motd.d':0,CLONE,65708136-E131-59AD-BCFF-A6080FE15F36,b'/bin/sh -e /usr/lib/update-notifier/update-motd-updates-available':0,ta1-theia-1
1557760147.905:444,FDD200C8-3455-5A93-9D73-28C4281AC3ED:b'run-parts --lsbsysinit /etc/update-motd.d':0,CLONE,883C9B48-A131-5CF9-8B97-EE85B99730B8,b'/bin/sh -e /usr/lib/update-notifier/update-motd-updates-available':0,ta1-theia-1
1557760147.887:105,AC738E11-D1CC-502E-BB31-CC046E26B5A4:b'/bin/sh -e /usr/lib/update-notifier/update-motd-updates-available':0,CLONE,C983F351-FC56-5662-B09E-58430583E379,b'apt-config shell SourceList Dir::Etc::sourcelist':0,ta1-theia-1
1557760147.884:440,FDD200C8-3455-5A93-9D73-28C4281AC3ED:b'run-parts --lsbsysinit /etc/update-motd.d':0,CLONE,AC738E11-D1CC-502E-BB31-CC046E26B5A4,b'/bin/sh -e /usr/lib/update-notifier/update-motd-updates-available':0,ta1-theia-1
1557760147.882:105,23A3F4BE-0590-526B-9049-071304D20553:b'/bin/sh -e /usr/lib/update-notifier/update-motd-updates-available':0,CLONE,C43E7657-7448-5E75-A29C-E80BFA904C0E,b'apt-config shell EtcDir Dir::Etc':0,ta1-theia-1
1557760147.876:436,FDD200C8-3455-5A93-9D73-28C4281AC3ED:b'run-parts --lsbsysinit /etc/update-motd.d':0,CLONE,23A3F4BE-0590-526B-9049-071304D20553,b'/bin/sh -e /usr/lib/update-notifier/update-motd-updates-available':0,ta1-theia-1
1557760147.874:432,FDD200C8-3455-5A93-9D73-28C4281AC3ED:b'run-parts --lsbsysinit /etc/update-motd.d':0,CLONE,5D672292-74C1-5BCD-B982-E96F27FC14DF,b'/bin/sh -e /usr/lib/update-notifier/update-motd-updates-available':0,ta1-theia-1
1557760147.872:428,FDD200C8-3455-5A93-9D73-28C4281AC3ED:b'run-parts --lsbsysinit /etc/update-motd.d':0,CLONE,9A5A5D27-8F65-5255-AC9D-A372923A4BE5,b'/bin/sh -e /usr/lib/update-notifier/update-motd-updates-available':0,ta1-theia-1
1557760147.870:424,FDD200C8-3455-5A93-9D73-28C4281AC3ED:b'run-parts --lsbsysinit /etc/update-motd.d':0,CLONE,A70B5F03-3DCC-589E-8730-6E006F64D6CC,b'/bin/sh -e /usr/lib/update-notifier/update-motd-updates-available':0,ta1-theia-1
1557760147.863:420,FDD200C8-3455-5A93-9D73-28C4281AC3ED:b'run-parts --lsbsysinit /etc/update-motd.d':0,CLONE,8925E426-C88C-5991-A7F3-9FF54C57848C,b'/bin/sh -e /usr/lib/update-notifier/update-motd-updates-available':0,ta1-theia-1
1557760147.860:416,FDD200C8-3455-5A93-9D73-28C4281AC3ED:b'run-parts --lsbsysinit /etc/update-motd.d':0,CLONE,615FC03D-81C6-5A8C-834E-3E73D33E0BB3,b'/bin/sh -e /usr/lib/update-notifier/update-motd-updates-available':0,ta1-theia-1
1557760147.855:412,FDD200C8-3455-5A93-9D73-28C4281AC3ED:b'run-parts --lsbsysinit /etc/update-motd.d':0,CLONE,9F705044-F963-5D44-9EF6-C2C6EC6DAED3,b'/bin/sh -e /usr/lib/update-notifier/update-motd-updates-available':0,ta1-theia-1
1557760147.849:408,FDD200C8-3455-5A93-9D73-28C4281AC3ED:b'run-parts --lsbsysinit /etc/update-motd.d':0,CLONE,9E68D79E-4C7D-5735-A37A-6A1ADB3757CC,b'/bin/sh -e /usr/lib/update-notifier/update-motd-updates-available':0,ta1-theia-1
1557760147.793:404,FDD200C8-3455-5A93-9D73-28C4281AC3ED:b'run-parts --lsbsysinit /etc/update-motd.d':0,CLONE,70C55017-1378-5241-A472-030B75F2E5D4,b'/bin/sh -e /usr/lib/update-notifier/update-motd-updates-available':0,ta1-theia-1
1557760147.661:400,FDD200C8-3455-5A93-9D73-28C4281AC3ED:b'run-parts --lsbsysinit /etc/update-motd.d':0,CLONE,1EDAAA9F-0F31-5D02-A6C7-1C897A2D2B8F,b'/bin/sh -e /usr/lib/update-notifier/update-motd-updates-available':0,ta1-theia-1
1557760147.609:396,FDD200C8-3455-5A93-9D73-28C4281AC3ED:b'run-parts --lsbsysinit /etc/update-motd.d':0,CLONE,44426922-36AE-5844-B6AB-2B5A9CFDA3B0,b'/bin/sh -e /usr/lib/update-notifier/update-motd-updates-available':0,ta1-theia-1
1557760147.553:392,FDD200C8-3455-5A93-9D73-28C4281AC3ED:b'run-parts --lsbsysinit /etc/update-motd.d':0,CLONE,A28D947B-8555-5E85-A230-437424A5C030,b'/bin/sh -e /usr/lib/update-notifier/update-motd-updates-available':0,ta1-theia-1
1557760147.457:388,FDD200C8-3455-5A93-9D73-28C4281AC3ED:b'run-parts --lsbsysinit /etc/update-motd.d':0,CLONE,91DDBB21-99A1-5839-B496-F6783CD7967B,b'/bin/sh -e /usr/lib/update-notifier/update-motd-updates-available':0,ta1-theia-1
1557760147.401:384,FDD200C8-3455-5A93-9D73-28C4281AC3ED:b'run-parts --lsbsysinit /etc/update-motd.d':0,CLONE,C359923F-3860-5885-94E5-1464B5830DB0,b'/bin/sh -e /usr/lib/update-notifier/update-motd-updates-available':0,ta1-theia-1
1557760147.349:380,FDD200C8-3455-5A93-9D73-28C4281AC3ED:b'run-parts --lsbsysinit /etc/update-motd.d':0,CLONE,944C9B9F-BFF5-51B5-83E4-D2A64567B978,b'/bin/sh -e /usr/lib/update-notifier/update-motd-updates-available':0,ta1-theia-1
1557760147.293:376,FDD200C8-3455-5A93-9D73-28C4281AC3ED:b'run-parts --lsbsysinit /etc/update-motd.d':0,CLONE,23CA146C-AD28-5BAA-8880-98E1B66B8805,b'/bin/sh -e /usr/lib/update-notifier/update-motd-updates-available':0,ta1-theia-1
1557760147.237:372,FDD200C8-3455-5A93-9D73-28C4281AC3ED:b'run-parts --lsbsysinit /etc/update-motd.d':0,CLONE,93BAC3F4-264C-59CD-8A78-29B0D1831450,b'/bin/sh -e /usr/lib/update-notifier/update-motd-updates-available':0,ta1-theia-1
1557760147.181:368,FDD200C8-3455-5A93-9D73-28C4281AC3ED:b'run-parts --lsbsysinit /etc/update-motd.d':0,CLONE,359CEE9A-95A6-54F1-A74B-7C07EB6BDC59,b'/bin/sh -e /usr/lib/update-notifier/update-motd-updates-available':0,ta1-theia-1
1557760147.125:364,FDD200C8-3455-5A93-9D73-28C4281AC3ED:b'run-parts --lsbsysinit /etc/update-motd.d':0,CLONE,8A046555-4B04-58A3-8856-F9A0B80EE09D,b'/bin/sh -e /usr/lib/update-notifier/update-motd-updates-available':0,ta1-theia-1
1557760147.069:360,FDD200C8-3455-5A93-9D73-28C4281AC3ED:b'run-parts --lsbsysinit /etc/update-motd.d':0,CLONE,32D5C484-58E5-5E5A-9B7F-DAB5D70A3C70,b'/bin/sh -e /usr/lib/update-notifier/update-motd-updates-available':0,ta1-theia-1
1557760147.013:356,FDD200C8-3455-5A93-9D73-28C4281AC3ED:b'run-parts --lsbsysinit /etc/update-motd.d':0,CLONE,5185DA14-641C-559E-9926-01A2C31E0258,b'/bin/sh -e /usr/lib/update-notifier/update-motd-updates-available':0,ta1-theia-1
1557760146.957:352,FDD200C8-3455-5A93-9D73-28C4281AC3ED:b'run-parts --lsbsysinit /etc/update-motd.d':0,CLONE,ECA9FDFB-7A36-5715-8CF7-F67DA029F6FB,b'/bin/sh -e /usr/lib/update-notifier/update-motd-updates-available':0,ta1-theia-1
1557760146.901:348,FDD200C8-3455-5A93-9D73-28C4281AC3ED:b'run-parts --lsbsysinit /etc/update-motd.d':0,CLONE,C75206F9-F9B4-53D1-8F7B-15B0EEB534D6,b'/bin/sh -e /usr/lib/update-notifier/update-motd-updates-available':0,ta1-theia-1
1557760146.845:344,FDD200C8-3455-5A93-9D73-28C4281AC3ED:b'run-parts --lsbsysinit /etc/update-motd.d':0,CLONE,8A65ABCF-01BF-58AF-B2D4-A072F325F33D,b'/bin/sh -e /usr/lib/update-notifier/update-motd-updates-available':0,ta1-theia-1
1557760146.793:340,FDD200C8-3455-5A93-9D73-28C4281AC3ED:b'run-parts --lsbsysinit /etc/update-motd.d':0,CLONE,CF95B526-DE47-5FD8-9702-3BF7F4CD9860,b'/bin/sh -e /usr/lib/update-notifier/update-motd-updates-available':0,ta1-theia-1
1557760146.737:336,FDD200C8-3455-5A93-9D73-28C4281AC3ED:b'run-parts --lsbsysinit /etc/update-motd.d':0,CLONE,181AC85C-B022-5C55-B8A3-A7B33EF3CDB2,b'/bin/sh -e /usr/lib/update-notifier/update-motd-updates-available':0,ta1-theia-1
1557760146.681:332,FDD200C8-3455-5A93-9D73-28C4281AC3ED:b'run-parts --lsbsysinit /etc/update-motd.d':0,CLONE,DFBFEA3E-9ADD-5716-B1F5-0715C0A0F163,b'/bin/sh -e /usr/lib/update-notifier/update-motd-updates-available':0,ta1-theia-1
1557760146.621:328,FDD200C8-3455-5A93-9D73-28C4281AC3ED:b'run-parts --lsbsysinit /etc/update-motd.d':0,CLONE,EA4F5083-8AF6-57EA-954E-24BF9EC11AF4,b'/bin/sh -e /usr/lib/update-notifier/update-motd-updates-available':0,ta1-theia-1
1557760146.565:324,FDD200C8-3455-5A93-9D73-28C4281AC3ED:b'run-parts --lsbsysinit /etc/update-motd.d':0,CLONE,B30F3901-9B78-5C96-A972-465DDEF9E455,b'/bin/sh -e /usr/lib/update-notifier/update-motd-updates-available':0,ta1-theia-1
1557760146.469:320,FDD200C8-3455-5A93-9D73-28C4281AC3ED:b'run-parts --lsbsysinit /etc/update-motd.d':0,CLONE,B8BAF70C-402B-58FB-89B3-D13AB2B0C91D,b'/bin/sh -e /usr/lib/update-notifier/update-motd-updates-available':0,ta1-theia-1
1557760146.413:316,FDD200C8-3455-5A93-9D73-28C4281AC3ED:b'run-parts --lsbsysinit /etc/update-motd.d':0,CLONE,7B2B5208-320E-522F-8DB2-2CD6E3739DF3,b'/bin/sh -e /usr/lib/update-notifier/update-motd-updates-available':0,ta1-theia-1
1557760146.357:312,FDD200C8-3455-5A93-9D73-28C4281AC3ED:b'run-parts --lsbsysinit /etc/update-motd.d':0,CLONE,C98FCA49-64B3-5D70-8177-719CEB9AA5DC,b'/bin/sh -e /usr/lib/update-notifier/update-motd-updates-available':0,ta1-theia-1
1557760146.301:308,FDD200C8-3455-5A93-9D73-28C4281AC3ED:b'run-parts --lsbsysinit /etc/update-motd.d':0,CLONE,8516B2FC-B49E-5188-BDD0-29E260FE1993,b'/bin/sh -e /usr/lib/update-notifier/update-motd-updates-available':0,ta1-theia-1
1557760146.245:304,FDD200C8-3455-5A93-9D73-28C4281AC3ED:b'run-parts --lsbsysinit /etc/update-motd.d':0,CLONE,97CBB851-C88F-54CE-9394-23A0F1A90DFA,b'/bin/sh -e /usr/lib/update-notifier/update-motd-updates-available':0,ta1-theia-1
1557760146.189:300,FDD200C8-3455-5A93-9D73-28C4281AC3ED:b'run-parts --lsbsysinit /etc/update-motd.d':0,CLONE,3154A82D-7E3B-559D-B825-811AF3FA42D7,b'/bin/sh -e /usr/lib/update-notifier/update-motd-updates-available':0,ta1-theia-1
1557760146.133:296,FDD200C8-3455-5A93-9D73-28C4281AC3ED:b'run-parts --lsbsysinit /etc/update-motd.d':0,CLONE,36F3987A-011A-5F24-8DF3-F192167DC2E1,b'/bin/sh -e /usr/lib/update-notifier/update-motd-updates-available':0,ta1-theia-1
1557760146.077:292,FDD200C8-3455-5A93-9D73-28C4281AC3ED:b'run-parts --lsbsysinit /etc/update-motd.d':0,CLONE,D55B4092-C622-548E-8200-8021467E7144,b'/bin/sh -e /usr/lib/update-notifier/update-motd-updates-available':0,ta1-theia-1
1557760146.021:288,FDD200C8-3455-5A93-9D73-28C4281AC3ED:b'run-parts --lsbsysinit /etc/update-motd.d':0,CLONE,2C1A3D99-CB32-54D7-AAEE-0E6DA571E0E9,b'/bin/sh -e /usr/lib/update-notifier/update-motd-updates-available':0,ta1-theia-1
1557760145.965:284,FDD200C8-3455-5A93-9D73-28C4281AC3ED:b'run-parts --lsbsysinit /etc/update-motd.d':0,CLONE,CC2F75E7-0EE9-54CF-A794-0759B3986493,b'/bin/sh -e /usr/lib/update-notifier/update-motd-updates-available':0,ta1-theia-1
1557760145.909:280,FDD200C8-3455-5A93-9D73-28C4281AC3ED:b'run-parts --lsbsysinit /etc/update-motd.d':0,CLONE,E797A0A4-EF5F-5A42-ADAF-F8708229EBB7,b'/bin/sh -e /usr/lib/update-notifier/update-motd-updates-available':0,ta1-theia-1
1557760145.853:276,FDD200C8-3455-5A93-9D73-28C4281AC3ED:b'run-parts --lsbsysinit /etc/update-motd.d':0,CLONE,80AD202D-CD6C-57CD-B530-810E0D5C5882,b'/bin/sh -e /usr/lib/update-notifier/update-motd-updates-available':0,ta1-theia-1
1557760145.797:272,FDD200C8-3455-5A93-9D73-28C4281AC3ED:b'run-parts --lsbsysinit /etc/update-motd.d':0,CLONE,81629BF9-93A9-577C-870F-511586233CB5,b'/bin/sh -e /usr/lib/update-notifier/update-motd-updates-available':0,ta1-theia-1
1557760145.737:268,FDD200C8-3455-5A93-9D73-28C4281AC3ED:b'run-parts --lsbsysinit /etc/update-motd.d':0,CLONE,8DC5B585-25FE-5809-9B31-1CBEC31CA7F7,b'/bin/sh -e /usr/lib/update-notifier/update-motd-updates-available':0,ta1-theia-1
1557760145.681:264,FDD200C8-3455-5A93-9D73-28C4281AC3ED:b'run-parts --lsbsysinit /etc/update-motd.d':0,CLONE,A6C353F0-CE94-5B8F-BF14-699BCA916604,b'/bin/sh -e /usr/lib/update-notifier/update-motd-updates-available':0,ta1-theia-1
1557760145.625:260,FDD200C8-3455-5A93-9D73-28C4281AC3ED:b'run-parts --lsbsysinit /etc/update-motd.d':0,CLONE,F7B6B5D0-B994-547F-836A-AF4AFABE6784,b'/bin/sh -e /usr/lib/update-notifier/update-motd-updates-available':0,ta1-theia-1
1557760145.569:256,FDD200C8-3455-5A93-9D73-28C4281AC3ED:b'run-parts --lsbsysinit /etc/update-motd.d':0,CLONE,0E8D3B86-8A8C-59D7-BC06-C2EA206FB273,b'/bin/sh -e /usr/lib/update-notifier/update-motd-updates-available':0,ta1-theia-1
1557760145.473:252,FDD200C8-3455-5A93-9D73-28C4281AC3ED:b'run-parts --lsbsysinit /etc/update-motd.d':0,CLONE,3E0AA018-DC3F-5CDC-AAFD-4B54EFF89994,b'/bin/sh -e /usr/lib/update-notifier/update-motd-updates-available':0,ta1-theia-1
1557760145.413:248,FDD200C8-3455-5A93-9D73-28C4281AC3ED:b'run-parts --lsbsysinit /etc/update-motd.d':0,CLONE,E4F55BF5-8858-53B5-9E4C-9E03165F705C,b'/bin/sh -e /usr/lib/update-notifier/update-motd-updates-available':0,ta1-theia-1
1557760145.357:244,FDD200C8-3455-5A93-9D73-28C4281AC3ED:b'run-parts --lsbsysinit /etc/update-motd.d':0,CLONE,9E097141-07E7-5F0C-B6A1-36323DDC193D,b'/bin/sh -e /usr/lib/update-notifier/update-motd-updates-available':0,ta1-theia-1
1557760145.301:240,FDD200C8-3455-5A93-9D73-28C4281AC3ED:b'run-parts --lsbsysinit /etc/update-motd.d':0,CLONE,BB6F12F2-B680-5CE5-8452-30B51DB3EEC2,b'/bin/sh -e /usr/lib/update-notifier/update-motd-updates-available':0,ta1-theia-1
1557760145.245:236,FDD200C8-3455-5A93-9D73-28C4281AC3ED:b'run-parts --lsbsysinit /etc/update-motd.d':0,CLONE,FF81FD3A-40A0-5CF9-9B46-C06890A9CD08,b'/bin/sh -e /usr/lib/update-notifier/update-motd-updates-available':0,ta1-theia-1
1557760145.189:232,FDD200C8-3455-5A93-9D73-28C4281AC3ED:b'run-parts --lsbsysinit /etc/update-motd.d':0,CLONE,A633F81B-0886-5464-998F-F92084394420,b'/bin/sh -e /usr/lib/update-notifier/update-motd-updates-available':0,ta1-theia-1
1557760145.133:228,FDD200C8-3455-5A93-9D73-28C4281AC3ED:b'run-parts --lsbsysinit /etc/update-motd.d':0,CLONE,298AA337-FAB6-590C-A098-3C1026845762,b'/bin/sh -e /usr/lib/update-notifier/update-motd-updates-available':0,ta1-theia-1
1557760145.077:224,FDD200C8-3455-5A93-9D73-28C4281AC3ED:b'run-parts --lsbsysinit /etc/update-motd.d':0,CLONE,5C2BEE11-9794-53B6-945A-9C96A9100847,b'/bin/sh -e /usr/lib/update-notifier/update-motd-updates-available':0,ta1-theia-1
1557760145.021:220,FDD200C8-3455-5A93-9D73-28C4281AC3ED:b'run-parts --lsbsysinit /etc/update-motd.d':0,CLONE,0E9FB89C-7937-5B5D-A9FC-D92DE3B8DD83,b'/bin/sh -e /usr/lib/update-notifier/update-motd-updates-available':0,ta1-theia-1
1557760144.965:216,FDD200C8-3455-5A93-9D73-28C4281AC3ED:b'run-parts --lsbsysinit /etc/update-motd.d':0,CLONE,CCD2E995-F6D9-5F08-A1B4-1D8AE808FB69,b'/bin/sh -e /usr/lib/update-notifier/update-motd-updates-available':0,ta1-theia-1
1557760144.909:212,FDD200C8-3455-5A93-9D73-28C4281AC3ED:b'run-parts --lsbsysinit /etc/update-motd.d':0,CLONE,C1B86A03-B773-51ED-9B0B-9F45FF057C5E,b'/bin/sh -e /usr/lib/update-notifier/update-motd-updates-available':0,ta1-theia-1
1557760144.898:532239,CC7C9A7F-4BD4-5E0F-88B4-3EA111554703:null:null,READ,0100D00F-0B00-5800-0000-0000678E005A,/etc/hosts:0,ta1-theia-1
1557760144.898:532238,CC7C9A7F-4BD4-5E0F-88B4-3EA111554703:null:null,READ,0100D00F-0B00-5800-0000-0000678E005A,/etc/hosts:0,ta1-theia-1
1557760144.853:208,FDD200C8-3455-5A93-9D73-28C4281AC3ED:b'run-parts --lsbsysinit /etc/update-motd.d':0,CLONE,77FE9287-C74C-5307-866A-94E1CB08834E,b'/bin/sh -e /usr/lib/update-notifier/update-motd-updates-available':0,ta1-theia-1
1557760144.801:204,FDD200C8-3455-5A93-9D73-28C4281AC3ED:b'run-parts --lsbsysinit /etc/update-motd.d':0,CLONE,A7AC559C-E464-5CE8-84E7-1649551D251F,b'/bin/sh -e /usr/lib/update-notifier/update-motd-updates-available':0,ta1-theia-1
1557760144.749:200,FDD200C8-3455-5A93-9D73-28C4281AC3ED:b'run-parts --lsbsysinit /etc/update-motd.d':0,CLONE,D3BBF939-0510-5DA0-A4C3-351B225232AC,b'/bin/sh -e /usr/lib/update-notifier/update-motd-updates-available':0,ta1-theia-1
1557760144.693:196,FDD200C8-3455-5A93-9D73-28C4281AC3ED:b'run-parts --lsbsysinit /etc/update-motd.d':0,CLONE,2BB55E03-4EF4-5EB1-BA9D-ED74C17C27AC,b'/bin/sh -e /usr/lib/update-notifier/update-motd-updates-available':0,ta1-theia-1
1557760144.637:192,FDD200C8-3455-5A93-9D73-28C4281AC3ED:b'run-parts --lsbsysinit /etc/update-motd.d':0,CLONE,AA83524E-00EA-5F54-B926-607F0F8C12F4,b'/bin/sh -e /usr/lib/update-notifier/update-motd-updates-available':0,ta1-theia-1
1557760144.581:188,FDD200C8-3455-5A93-9D73-28C4281AC3ED:b'run-parts --lsbsysinit /etc/update-motd.d':0,CLONE,4F954B62-ED98-56C2-A0C5-151A2F15DC1A,b'/bin/sh -e /usr/lib/update-notifier/update-motd-updates-available':0,ta1-theia-1
1557760144.485:184,FDD200C8-3455-5A93-9D73-28C4281AC3ED:b'run-parts --lsbsysinit /etc/update-motd.d':0,CLONE,02135CB3-C2E8-5365-8D9E-EDC27732D713,b'/bin/sh -e /usr/lib/update-notifier/update-motd-updates-available':0,ta1-theia-1
1557760144.429:180,FDD200C8-3455-5A93-9D73-28C4281AC3ED:b'run-parts --lsbsysinit /etc/update-motd.d':0,CLONE,E6752140-BA95-5254-B364-A8250241A043,b'/bin/sh -e /usr/lib/update-notifier/update-motd-updates-available':0,ta1-theia-1
1557760144.373:176,FDD200C8-3455-5A93-9D73-28C4281AC3ED:b'run-parts --lsbsysinit /etc/update-motd.d':0,CLONE,B5C71D21-3428-5661-9897-1C2B82D2AD0D,b'/bin/sh -e /usr/lib/update-notifier/update-motd-updates-available':0,ta1-theia-1
1557760144.317:172,FDD200C8-3455-5A93-9D73-28C4281AC3ED:b'run-parts --lsbsysinit /etc/update-motd.d':0,CLONE,0A76EB4C-C4CF-5B3A-A44A-BDD81B73C966,b'/bin/sh -e /usr/lib/update-notifier/update-motd-updates-available':0,ta1-theia-1
1557760144.261:168,FDD200C8-3455-5A93-9D73-28C4281AC3ED:b'run-parts --lsbsysinit /etc/update-motd.d':0,CLONE,2CAE6AD3-F8B6-5EBF-B304-87F828A3389D,b'/bin/sh -e /usr/lib/update-notifier/update-motd-updates-available':0,ta1-theia-1
1557760144.205:164,FDD200C8-3455-5A93-9D73-28C4281AC3ED:b'run-parts --lsbsysinit /etc/update-motd.d':0,CLONE,87ACA73A-ECF7-5FD0-886C-ABB2F7BBB97E,b'/bin/sh -e /usr/lib/update-notifier/update-motd-updates-available':0,ta1-theia-1
1557760144.149:160,FDD200C8-3455-5A93-9D73-28C4281AC3ED:b'run-parts --lsbsysinit /etc/update-motd.d':0,CLONE,99A897F1-2FDA-524E-9058-ABA779E8FFE1,b'/bin/sh -e /usr/lib/update-notifier/update-motd-updates-available':0,ta1-theia-1
1557760144.093:156,FDD200C8-3455-5A93-9D73-28C4281AC3ED:b'run-parts --lsbsysinit /etc/update-motd.d':0,CLONE,DFA7C554-451E-5D64-B093-D6E98BAF2B74,b'/bin/sh -e /usr/lib/update-notifier/update-motd-updates-available':0,ta1-theia-1
1557760144.037:152,FDD200C8-3455-5A93-9D73-28C4281AC3ED:b'run-parts --lsbsysinit /etc/update-motd.d':0,CLONE,BC11CFE2-ACD7-5CDE-9864-E56218E9279B,b'/bin/sh -e /usr/lib/update-notifier/update-motd-updates-available':0,ta1-theia-1
1557760143.981:148,FDD200C8-3455-5A93-9D73-28C4281AC3ED:b'run-parts --lsbsysinit /etc/update-motd.d':0,CLONE,1086654A-B396-5A80-A110-D5F97C942A2B,b'/bin/sh -e /usr/lib/update-notifier/update-motd-updates-available':0,ta1-theia-1
1557760143.925:144,FDD200C8-3455-5A93-9D73-28C4281AC3ED:b'run-parts --lsbsysinit /etc/update-motd.d':0,CLONE,604F5335-F7EA-5722-BCAA-BE4088D72BFF,b'/bin/sh -e /usr/lib/update-notifier/update-motd-updates-available':0,ta1-theia-1
1557760143.869:140,FDD200C8-3455-5A93-9D73-28C4281AC3ED:b'run-parts --lsbsysinit /etc/update-motd.d':0,CLONE,E9655F6D-5406-5269-AD96-365317AC002D,b'/bin/sh -e /usr/lib/update-notifier/update-motd-updates-available':0,ta1-theia-1
1557760143.813:136,FDD200C8-3455-5A93-9D73-28C4281AC3ED:b'run-parts --lsbsysinit /etc/update-motd.d':0,CLONE,D6456833-E315-5F9B-B93E-9DF1E3635B3F,b'/bin/sh -e /usr/lib/update-notifier/update-motd-updates-available':0,ta1-theia-1
1557760143.757:132,FDD200C8-3455-5A93-9D73-28C4281AC3ED:b'run-parts --lsbsysinit /etc/update-motd.d':0,CLONE,91FD7BE0-A5A4-52EC-A3ED-9EF696073FB3,b'/bin/sh -e /usr/lib/update-notifier/update-motd-updates-available':0,ta1-theia-1
1557760143.701:128,FDD200C8-3455-5A93-9D73-28C4281AC3ED:b'run-parts --lsbsysinit /etc/update-motd.d':0,CLONE,04CC327F-05D4-59AC-9927-92DDF87F76BB,b'/bin/sh -e /usr/lib/update-notifier/update-motd-updates-available':0,ta1-theia-1
1557760143.641:124,FDD200C8-3455-5A93-9D73-28C4281AC3ED:b'run-parts --lsbsysinit /etc/update-motd.d':0,CLONE,4920BB15-BA59-5808-8010-1BEBC586B36E,b'/bin/sh -e /usr/lib/update-notifier/update-motd-updates-available':0,ta1-theia-1
1557760143.585:120,FDD200C8-3455-5A93-9D73-28C4281AC3ED:b'run-parts --lsbsysinit /etc/update-motd.d':0,CLONE,E01E2D1D-7208-5C9D-9DD6-B0A42C99F7D3,b'/bin/sh -e /usr/lib/update-notifier/update-motd-updates-available':0,ta1-theia-1
1557760143.489:116,FDD200C8-3455-5A93-9D73-28C4281AC3ED:b'run-parts --lsbsysinit /etc/update-motd.d':0,CLONE,9923FD68-BB03-5CE1-9B35-C0D002ECB3FF,b'/bin/sh -e /usr/lib/update-notifier/update-motd-updates-available':0,ta1-theia-1
1557760143.433:112,FDD200C8-3455-5A93-9D73-28C4281AC3ED:b'run-parts --lsbsysinit /etc/update-motd.d':0,CLONE,F737A65F-A297-567D-99C1-CB728DCC2878,b'/bin/sh -e /usr/lib/update-notifier/update-motd-updates-available':0,ta1-theia-1
1557760143.377:108,FDD200C8-3455-5A93-9D73-28C4281AC3ED:b'run-parts --lsbsysinit /etc/update-motd.d':0,CLONE,398FFBE2-5C15-5916-8C36-213C5C3DBA23,b'/bin/sh -e /usr/lib/update-notifier/update-motd-updates-available':0,ta1-theia-1
1557760143.321:104,FDD200C8-3455-5A93-9D73-28C4281AC3ED:b'run-parts --lsbsysinit /etc/update-motd.d':0,CLONE,B5FFDED4-0F2A-5973-95CE-E4387FBD165F,b'/bin/sh -e /usr/lib/update-notifier/update-motd-updates-available':0,ta1-theia-1
1557760143.265:100,FDD200C8-3455-5A93-9D73-28C4281AC3ED:b'run-parts --lsbsysinit /etc/update-motd.d':0,CLONE,01E8AE5C-1834-552F-B2D0-2B133BA5864B,b'/bin/sh -e /usr/lib/update-notifier/update-motd-updates-available':0,ta1-theia-1
1557760143.209:96,FDD200C8-3455-5A93-9D73-28C4281AC3ED:b'run-parts --lsbsysinit /etc/update-motd.d':0,CLONE,A958B8C1-6D8C-5EAF-A533-A7FED2A90DE5,b'/bin/sh -e /usr/lib/update-notifier/update-motd-updates-available':0,ta1-theia-1
1557760143.153:92,FDD200C8-3455-5A93-9D73-28C4281AC3ED:b'run-parts --lsbsysinit /etc/update-motd.d':0,CLONE,33EDF5E6-5EC4-5ABB-BCA6-545E5F285B95,b'/bin/sh -e /usr/lib/update-notifier/update-motd-updates-available':0,ta1-theia-1
1557760143.097:88,FDD200C8-3455-5A93-9D73-28C4281AC3ED:b'run-parts --lsbsysinit /etc/update-motd.d':0,CLONE,A73DAED5-09C3-598B-AC25-914DD891E3F0,b'/bin/sh -e /usr/lib/update-notifier/update-motd-updates-available':0,ta1-theia-1
1557760143.046:84,FDD200C8-3455-5A93-9D73-28C4281AC3ED:b'run-parts --lsbsysinit /etc/update-motd.d':0,CLONE,266C9FAB-F147-523F-936C-159E5ECCCE6F,b'/bin/sh -e /usr/lib/update-notifier/update-motd-updates-available':0,ta1-theia-1
1557760142.989:80,FDD200C8-3455-5A93-9D73-28C4281AC3ED:b'run-parts --lsbsysinit /etc/update-motd.d':0,CLONE,80B6D327-7919-5F98-B655-A341F5519933,b'/bin/sh -e /usr/lib/update-notifier/update-motd-updates-available':0,ta1-theia-1
1557760142.929:76,FDD200C8-3455-5A93-9D73-28C4281AC3ED:b'run-parts --lsbsysinit /etc/update-motd.d':0,CLONE,10F438A7-7B27-5030-AACD-ED237D1ACA2A,b'/bin/sh -e /usr/lib/update-notifier/update-motd-updates-available':0,ta1-theia-1
1557760142.873:72,FDD200C8-3455-5A93-9D73-28C4281AC3ED:b'run-parts --lsbsysinit /etc/update-motd.d':0,CLONE,BECEB8BA-674D-53A8-8DC9-FFB0AE1C1B3B,b'/bin/sh -e /usr/lib/update-notifier/update-motd-updates-available':0,ta1-theia-1
1557760142.817:68,FDD200C8-3455-5A93-9D73-28C4281AC3ED:b'run-parts --lsbsysinit /etc/update-motd.d':0,CLONE,2CC69058-0BAA-5F91-B387-912C9554EF2A,b'/bin/sh -e /usr/lib/update-notifier/update-motd-updates-available':0,ta1-theia-1
1557760142.761:64,FDD200C8-3455-5A93-9D73-28C4281AC3ED:b'run-parts --lsbsysinit /etc/update-motd.d':0,CLONE,D18DF7BD-9FB3-504D-AB98-D5190203A9B0,b'/bin/sh -e /usr/lib/update-notifier/update-motd-updates-available':0,ta1-theia-1
1557760142.661:60,FDD200C8-3455-5A93-9D73-28C4281AC3ED:b'run-parts --lsbsysinit /etc/update-motd.d':0,CLONE,14022BF6-29B9-5B63-9E46-A4717C4B60DE,b'/bin/sh -e /usr/lib/update-notifier/update-motd-updates-available':0,ta1-theia-1
1557760142.605:56,FDD200C8-3455-5A93-9D73-28C4281AC3ED:b'run-parts --lsbsysinit /etc/update-motd.d':0,CLONE,BE964EBC-C362-51D9-801A-232663A778A7,b'/bin/sh -e /usr/lib/update-notifier/update-motd-updates-available':0,ta1-theia-1
1557760142.549:52,FDD200C8-3455-5A93-9D73-28C4281AC3ED:b'run-parts --lsbsysinit /etc/update-motd.d':0,CLONE,684BAFD9-2DA4-5EE9-9101-D7CB27D7F6DB,b'/bin/sh -e /usr/lib/update-notifier/update-motd-updates-available':0,ta1-theia-1
1557760142.454:48,FDD200C8-3455-5A93-9D73-28C4281AC3ED:b'run-parts --lsbsysinit /etc/update-motd.d':0,CLONE,70421CA6-E76E-5BF5-A286-43F1D88C4CF3,b'/bin/sh -e /usr/lib/update-notifier/update-motd-updates-available':0,ta1-theia-1
1557760142.324:105,8EA12D14-864E-537C-B77A-7360D936BB0E:b'/bin/sh -e /usr/lib/update-notifier/update-motd-updates-available':0,CLONE,CD2BC198-B49A-5DAD-8142-853805A354DC,b'apt-config shell ListDir Dir::State::Lists':0,ta1-theia-1
1557760142.313:43,FDD200C8-3455-5A93-9D73-28C4281AC3ED:b'run-parts --lsbsysinit /etc/update-motd.d':0,CLONE,8EA12D14-864E-537C-B77A-7360D936BB0E,b'/bin/sh -e /usr/lib/update-notifier/update-motd-updates-available':0,ta1-theia-1
1557760142.183:105,1EB078BC-74BE-5167-A115-695870BAD5A6:b'/bin/sh -e /usr/lib/update-notifier/update-motd-updates-available':0,CLONE,C58DE378-116A-59A0-A0CE-E5A88D1C1825,b'apt-config shell StateDir Dir::State':0,ta1-theia-1
1557760142.177:39,FDD200C8-3455-5A93-9D73-28C4281AC3ED:b'run-parts --lsbsysinit /etc/update-motd.d':0,CLONE,1EB078BC-74BE-5167-A115-695870BAD5A6,b'/bin/sh -e /usr/lib/update-notifier/update-motd-updates-available':0,ta1-theia-1
1557760142.146:35,FDD200C8-3455-5A93-9D73-28C4281AC3ED:b'run-parts --lsbsysinit /etc/update-motd.d':0,CLONE,60518E76-A276-52AE-A3D6-D45729EE65F1,b'/bin/sh -e /usr/lib/update-notifier/update-motd-updates-available':0,ta1-theia-1
1557760142.141:30,10AE9BC0-7DC6-5D1C-BF3C-9B6A0907A708:b'sh -c /usr/bin/env -i PATH=/usr/local/sbin:/usr/local/bin:/usr/sbin:/usr/bin:/sbin:/bin run-parts --lsbsysinit /etc/update-motd.d > /var/run/motd.new':0,CLONE,FDD200C8-3455-5A93-9D73-28C4281AC3ED,b'run-parts --lsbsysinit /etc/update-motd.d':0,ta1-theia-1
1557760141.589:4,438ECB9F-5A67-5E1D-823C-F32CE47B32B9:b'/usr/bin/python /usr/bin/landscape-sysinfo':0,EXECUTE,0100D00F-C326-0C00-0000-0000B790005A,/usr/bin/who:0,ta1-theia-1
1557760141.549:5054,59C25B98-EE72-564D-A5A1-A6ADB8D01A4D:b'/bin/sh /etc/update-motd.d/50-landscape-sysinfo':0,CLONE,438ECB9F-5A67-5E1D-823C-F32CE47B32B9,b'/usr/bin/python /usr/bin/landscape-sysinfo':0,ta1-theia-1
1557760140.541:1903,59C25B98-EE72-564D-A5A1-A6ADB8D01A4D:b'/bin/sh /etc/update-motd.d/50-landscape-sysinfo':0,CLONE,633C8696-1D7D-542A-8F6F-A3AE18156F85,b'/usr/bin/python /usr/bin/landscape-sysinfo':0,ta1-theia-1
1557760140.195:16,4F87D90B-604E-5D7A-A0FD-8915B530F43D:b'/usr/bin/python /usr/bin/landscape-sysinfo':0,CLONE,7B4B1D81-B15F-533A-9571-DEDA3BC4C29D,b'sh -c /sbin/ldconfig -p 2>/dev/null':0,ta1-theia-1
1557760140.192:1732,59C25B98-EE72-564D-A5A1-A6ADB8D01A4D:b'/bin/sh /etc/update-motd.d/50-landscape-sysinfo':0,CLONE,4F87D90B-604E-5D7A-A0FD-8915B530F43D,b'/usr/bin/python /usr/bin/landscape-sysinfo':0,ta1-theia-1
1557760140.092:16,6235BE91-7E54-5351-9A65-3DD862050CAF:b'/usr/bin/python /usr/bin/landscape-sysinfo':0,CLONE,C019DCCD-D2D5-56B1-B828-FB993981080D,b'sh -c /sbin/ldconfig -p 2>/dev/null':0,ta1-theia-1
1557760140.090:1707,59C25B98-EE72-564D-A5A1-A6ADB8D01A4D:b'/bin/sh /etc/update-motd.d/50-landscape-sysinfo':0,CLONE,6235BE91-7E54-5351-9A65-3DD862050CAF,b'/usr/bin/python /usr/bin/landscape-sysinfo':0,ta1-theia-1
1557760139.249:29,607532CF-6EE0-5BC8-A59C-7C110BAD23BC:b'run-parts --lsbsysinit /etc/update-motd.d':0,CLONE,59C25B98-EE72-564D-A5A1-A6ADB8D01A4D,b'/bin/sh /etc/update-motd.d/50-landscape-sysinfo':0,ta1-theia-1
1557760139.173:27,607532CF-6EE0-5BC8-A59C-7C110BAD23BC:b'run-parts --lsbsysinit /etc/update-motd.d':0,CLONE,F4F1DACC-CAF6-5920-BF83-F2B9E5E8AF75,b'/bin/sh /etc/update-motd.d/50-landscape-sysinfo':0,ta1-theia-1
1557760139.073:1,F3643680-4DB6-5D66-8376-DEB6F4E5404C:b'/bin/sh /etc/update-motd.d/50-landscape-sysinfo':0,CLONE,D90C7F46-FC58-5C07-A267-383C613B4724,b'/bin/sh /etc/update-motd.d/50-landscape-sysinfo':0,ta1-theia-1
1557760139.066:2,25E48418-693F-5F4A-8AA1-7B8584006E54:b'/bin/sh /etc/update-motd.d/50-landscape-sysinfo':0,CLONE,0623B050-B085-5B49-B460-C6BF6C1E7D27,b'/bin/sh /etc/update-motd.d/50-landscape-sysinfo':0,ta1-theia-1
1557760139.066:1,25E48418-693F-5F4A-8AA1-7B8584006E54:b'/bin/sh /etc/update-motd.d/50-landscape-sysinfo':0,CLONE,F3643680-4DB6-5D66-8376-DEB6F4E5404C,b'/bin/sh /etc/update-motd.d/50-landscape-sysinfo':0,ta1-theia-1
1557760139.065:22,607532CF-6EE0-5BC8-A59C-7C110BAD23BC:b'run-parts --lsbsysinit /etc/update-motd.d':0,CLONE,25E48418-693F-5F4A-8AA1-7B8584006E54,b'/bin/sh /etc/update-motd.d/50-landscape-sysinfo':0,ta1-theia-1
1557760139.016:18,607532CF-6EE0-5BC8-A59C-7C110BAD23BC:b'run-parts --lsbsysinit /etc/update-motd.d':0,CLONE,535F4D10-C561-5DA4-9E1C-7F6A15B32AFC,b'/bin/sh /etc/update-motd.d/50-landscape-sysinfo':0,ta1-theia-1
1557760139.013:29,10AE9BC0-7DC6-5D1C-BF3C-9B6A0907A708:b'sh -c /usr/bin/env -i PATH=/usr/local/sbin:/usr/local/bin:/usr/sbin:/usr/bin:/sbin:/bin run-parts --lsbsysinit /etc/update-motd.d > /var/run/motd.new':0,CLONE,607532CF-6EE0-5BC8-A59C-7C110BAD23BC,b'run-parts --lsbsysinit /etc/update-motd.d':0,ta1-theia-1
1557760138.840:24,893AE235-1449-5127-B1C7-D60072ED550D:b'run-parts --lsbsysinit /etc/update-motd.d':0,CLONE,A4140241-73B1-5C40-AC9C-FB4CA2598A02,b'/bin/sh /etc/update-motd.d/10-help-text':0,ta1-theia-1
1557760138.840:23,893AE235-1449-5127-B1C7-D60072ED550D:b'run-parts --lsbsysinit /etc/update-motd.d':0,CLONE,AE9E0BFC-45B4-550E-83D1-E790775A95F5,b'/bin/sh /etc/update-motd.d/10-help-text':0,ta1-theia-1
1557760138.837:28,10AE9BC0-7DC6-5D1C-BF3C-9B6A0907A708:b'sh -c /usr/bin/env -i PATH=/usr/local/sbin:/usr/local/bin:/usr/sbin:/usr/bin:/sbin:/bin run-parts --lsbsysinit /etc/update-motd.d > /var/run/motd.new':0,CLONE,893AE235-1449-5127-B1C7-D60072ED550D,b'run-parts --lsbsysinit /etc/update-motd.d':0,ta1-theia-1
1557760138.737:31,61F5144D-FAF2-5AF7-84D6-F434F19F93C4:b'run-parts --lsbsysinit /etc/update-motd.d':0,CLONE,73739F13-7EC2-5419-98F8-94A185FDCCEC,b'/bin/sh /etc/update-motd.d/00-header':0,ta1-theia-1
1557760138.685:27,61F5144D-FAF2-5AF7-84D6-F434F19F93C4:b'run-parts --lsbsysinit /etc/update-motd.d':0,CLONE,4AEB644B-7D6B-5FE7-9B7E-7B43B41C9A3B,b'/bin/sh /etc/update-motd.d/00-header':0,ta1-theia-1
1557760138.634:23,61F5144D-FAF2-5AF7-84D6-F434F19F93C4:b'run-parts --lsbsysinit /etc/update-motd.d':0,CLONE,EECA47AC-431A-5A76-915C-9C1ED11CE7D4,b'/bin/sh /etc/update-motd.d/00-header':0,ta1-theia-1
1557760138.574:27,10AE9BC0-7DC6-5D1C-BF3C-9B6A0907A708:b'sh -c /usr/bin/env -i PATH=/usr/local/sbin:/usr/local/bin:/usr/sbin:/usr/bin:/sbin:/bin run-parts --lsbsysinit /etc/update-motd.d > /var/run/motd.new':0,CLONE,61F5144D-FAF2-5AF7-84D6-F434F19F93C4,b'run-parts --lsbsysinit /etc/update-motd.d':0,ta1-theia-1
1557760138.570:16,093B51A4-CE6E-573D-BFA6-3DD27A87187D:b'sshd: admin [priv]  ':0,CLONE,10AE9BC0-7DC6-5D1C-BF3C-9B6A0907A708,b'sh -c /usr/bin/env -i PATH=/usr/local/sbin:/usr/local/bin:/usr/sbin:/usr/bin:/sbin:/bin run-parts --lsbsysinit /etc/update-motd.d > /var/run/motd.new':0,ta1-theia-1
1557760138.563:538,B5FAF448-C3D3-59A8-A868-00F3F14E8FC8:b'/usr/sbin/sshd -D':0,CLONE,093B51A4-CE6E-573D-BFA6-3DD27A87187D,b'sshd: admin [priv]  ':0,ta1-theia-1
1557760137.216:293,B5FAF448-C3D3-59A8-A868-00F3F14E8FC8:b'/usr/sbin/sshd -D':0,READ,0100D00F-0B00-5800-0000-0000678E005A,/etc/hosts:0,ta1-theia-1
1557760137.216:292,B5FAF448-C3D3-59A8-A868-00F3F14E8FC8:b'/usr/sbin/sshd -D':0,READ,0100D00F-0B00-5800-0000-0000678E005A,/etc/hosts:0,ta1-theia-1
1557760137.215:283,B5FAF448-C3D3-59A8-A868-00F3F14E8FC8:b'/usr/sbin/sshd -D':0,READ,0100D00F-0B00-5800-0000-0000678E005A,/etc/hosts:0,ta1-theia-1
1557760137.161:258,B5FAF448-C3D3-59A8-A868-00F3F14E8FC8:b'/usr/sbin/sshd -D':0,CLONE,958B6866-CF66-59C2-A660-4B3C16F7B52D,b'sshd: [accepted]    ':0,ta1-theia-1
1557760136.778:5394,84053D48-9767-59AE-A797-BAC5E4ED3368:null:null,CLONE,B5FAF448-C3D3-59A8-A868-00F3F14E8FC8,b'/usr/sbin/sshd -D':0,ta1-theia-1
1557760128.854:532209,CC7C9A7F-4BD4-5E0F-88B4-3EA111554703:null:null,READ,0100D00F-0B00-5800-0000-0000678E005A,/etc/hosts:0,ta1-theia-1
1557760128.854:532208,CC7C9A7F-4BD4-5E0F-88B4-3EA111554703:null:null,READ,0100D00F-0B00-5800-0000-0000678E005A,/etc/hosts:0,ta1-theia-1
1557760119.852:532168,CC7C9A7F-4BD4-5E0F-88B4-3EA111554703:null:null,READ,0100D00F-0B00-5800-0000-0000678E005A,/etc/hosts:0,ta1-theia-1
1557760119.852:532167,CC7C9A7F-4BD4-5E0F-88B4-3EA111554703:null:null,READ,0100D00F-0B00-5800-0000-0000678E005A,/etc/hosts:0,ta1-theia-1
1557760114.945:532131,CC7C9A7F-4BD4-5E0F-88B4-3EA111554703:null:null,READ,0100D00F-0B00-5800-0000-0000678E005A,/etc/hosts:0,ta1-theia-1
1557760114.945:532130,CC7C9A7F-4BD4-5E0F-88B4-3EA111554703:null:null,READ,0100D00F-0B00-5800-0000-0000678E005A,/etc/hosts:0,ta1-theia-1
1557760097.849:532106,CC7C9A7F-4BD4-5E0F-88B4-3EA111554703:null:null,READ,0100D00F-0B00-5800-0000-0000678E005A,/etc/hosts:0,ta1-theia-1
1557760097.849:532105,CC7C9A7F-4BD4-5E0F-88B4-3EA111554703:null:null,READ,0100D00F-0B00-5800-0000-0000678E005A,/etc/hosts:0,ta1-theia-1
1557760088.848:532065,CC7C9A7F-4BD4-5E0F-88B4-3EA111554703:null:null,READ,0100D00F-0B00-5800-0000-0000678E005A,/etc/hosts:0,ta1-theia-1
1557760088.848:532064,CC7C9A7F-4BD4-5E0F-88B4-3EA111554703:null:null,READ,0100D00F-0B00-5800-0000-0000678E005A,/etc/hosts:0,ta1-theia-1
1557760084.866:532028,CC7C9A7F-4BD4-5E0F-88B4-3EA111554703:null:null,READ,0100D00F-0B00-5800-0000-0000678E005A,/etc/hosts:0,ta1-theia-1
1557760084.866:532027,CC7C9A7F-4BD4-5E0F-88B4-3EA111554703:null:null,READ,0100D00F-0B00-5800-0000-0000678E005A,/etc/hosts:0,ta1-theia-1
1557760075.850:532003,CC7C9A7F-4BD4-5E0F-88B4-3EA111554703:null:null,READ,0100D00F-0B00-5800-0000-0000678E005A,/etc/hosts:0,ta1-theia-1
1557760075.849:532002,CC7C9A7F-4BD4-5E0F-88B4-3EA111554703:null:null,READ,0100D00F-0B00-5800-0000-0000678E005A,/etc/hosts:0,ta1-theia-1
1557760067.850:531962,CC7C9A7F-4BD4-5E0F-88B4-3EA111554703:null:null,READ,0100D00F-0B00-5800-0000-0000678E005A,/etc/hosts:0,ta1-theia-1
1557760067.850:531961,CC7C9A7F-4BD4-5E0F-88B4-3EA111554703:null:null,READ,0100D00F-0B00-5800-0000-0000678E005A,/etc/hosts:0,ta1-theia-1
1557760058.850:531917,CC7C9A7F-4BD4-5E0F-88B4-3EA111554703:null:null,READ,0100D00F-0B00-5800-0000-0000678E005A,/etc/hosts:0,ta1-theia-1
1557760058.850:531916,CC7C9A7F-4BD4-5E0F-88B4-3EA111554703:null:null,READ,0100D00F-0B00-5800-0000-0000678E005A,/etc/hosts:0,ta1-theia-1
1557760054.914:531880,CC7C9A7F-4BD4-5E0F-88B4-3EA111554703:null:null,READ,0100D00F-0B00-5800-0000-0000678E005A,/etc/hosts:0,ta1-theia-1
1557760054.914:531879,CC7C9A7F-4BD4-5E0F-88B4-3EA111554703:null:null,READ,0100D00F-0B00-5800-0000-0000678E005A,/etc/hosts:0,ta1-theia-1
1557760037.850:531855,CC7C9A7F-4BD4-5E0F-88B4-3EA111554703:null:null,READ,0100D00F-0B00-5800-0000-0000678E005A,/etc/hosts:0,ta1-theia-1
1557760037.850:531854,CC7C9A7F-4BD4-5E0F-88B4-3EA111554703:null:null,READ,0100D00F-0B00-5800-0000-0000678E005A,/etc/hosts:0,ta1-theia-1
1557760028.847:531814,CC7C9A7F-4BD4-5E0F-88B4-3EA111554703:null:null,READ,0100D00F-0B00-5800-0000-0000678E005A,/etc/hosts:0,ta1-theia-1
1557760028.847:531813,CC7C9A7F-4BD4-5E0F-88B4-3EA111554703:null:null,READ,0100D00F-0B00-5800-0000-0000678E005A,/etc/hosts:0,ta1-theia-1
1557760024.962:531778,CC7C9A7F-4BD4-5E0F-88B4-3EA111554703:null:null,READ,0100D00F-0B00-5800-0000-0000678E005A,/etc/hosts:0,ta1-theia-1
1557760024.962:531777,CC7C9A7F-4BD4-5E0F-88B4-3EA111554703:null:null,READ,0100D00F-0B00-5800-0000-0000678E005A,/etc/hosts:0,ta1-theia-1
1557759989.522:531738,CC7C9A7F-4BD4-5E0F-88B4-3EA111554703:null:null,READ,0100D00F-0B00-5800-0000-0000678E005A,/etc/hosts:0,ta1-theia-1
1557759989.522:531737,CC7C9A7F-4BD4-5E0F-88B4-3EA111554703:null:null,READ,0100D00F-0B00-5800-0000-0000678E005A,/etc/hosts:0,ta1-theia-1
1557759979.481:531697,CC7C9A7F-4BD4-5E0F-88B4-3EA111554703:null:null,READ,0100D00F-0B00-5800-0000-0000678E005A,/etc/hosts:0,ta1-theia-1
1557759979.481:531696,CC7C9A7F-4BD4-5E0F-88B4-3EA111554703:null:null,READ,0100D00F-0B00-5800-0000-0000678E005A,/etc/hosts:0,ta1-theia-1
1557759968.845:531651,CC7C9A7F-4BD4-5E0F-88B4-3EA111554703:null:null,READ,0100D00F-0B00-5800-0000-0000678E005A,/etc/hosts:0,ta1-theia-1
1557759968.845:531650,CC7C9A7F-4BD4-5E0F-88B4-3EA111554703:null:null,READ,0100D00F-0B00-5800-0000-0000678E005A,/etc/hosts:0,ta1-theia-1
1557759964.930:531615,CC7C9A7F-4BD4-5E0F-88B4-3EA111554703:null:null,READ,0100D00F-0B00-5800-0000-0000678E005A,/etc/hosts:0,ta1-theia-1
1557759964.930:531614,CC7C9A7F-4BD4-5E0F-88B4-3EA111554703:null:null,READ,0100D00F-0B00-5800-0000-0000678E005A,/etc/hosts:0,ta1-theia-1
1557759952.818:531570,CC7C9A7F-4BD4-5E0F-88B4-3EA111554703:null:null,READ,0100D00F-0B00-5800-0000-0000678E005A,/etc/hosts:0,ta1-theia-1
1557759952.818:531569,CC7C9A7F-4BD4-5E0F-88B4-3EA111554703:null:null,READ,0100D00F-0B00-5800-0000-0000678E005A,/etc/hosts:0,ta1-theia-1
1557759938.845:531529,CC7C9A7F-4BD4-5E0F-88B4-3EA111554703:null:null,READ,0100D00F-0B00-5800-0000-0000678E005A,/etc/hosts:0,ta1-theia-1
1557759938.844:531528,CC7C9A7F-4BD4-5E0F-88B4-3EA111554703:null:null,READ,0100D00F-0B00-5800-0000-0000678E005A,/etc/hosts:0,ta1-theia-1
1557759934.914:531492,CC7C9A7F-4BD4-5E0F-88B4-3EA111554703:null:null,READ,0100D00F-0B00-5800-0000-0000678E005A,/etc/hosts:0,ta1-theia-1
1557759934.914:531491,CC7C9A7F-4BD4-5E0F-88B4-3EA111554703:null:null,READ,0100D00F-0B00-5800-0000-0000678E005A,/etc/hosts:0,ta1-theia-1
1557759923.891:531467,CC7C9A7F-4BD4-5E0F-88B4-3EA111554703:null:null,READ,0100D00F-0B00-5800-0000-0000678E005A,/etc/hosts:0,ta1-theia-1
1557759923.891:531466,CC7C9A7F-4BD4-5E0F-88B4-3EA111554703:null:null,READ,0100D00F-0B00-5800-0000-0000678E005A,/etc/hosts:0,ta1-theia-1
1557759909.848:531422,CC7C9A7F-4BD4-5E0F-88B4-3EA111554703:null:null,READ,0100D00F-0B00-5800-0000-0000678E005A,/etc/hosts:0,ta1-theia-1
1557759909.848:531421,CC7C9A7F-4BD4-5E0F-88B4-3EA111554703:null:null,READ,0100D00F-0B00-5800-0000-0000678E005A,/etc/hosts:0,ta1-theia-1
1557759904.897:531380,CC7C9A7F-4BD4-5E0F-88B4-3EA111554703:null:null,READ,0100D00F-0B00-5800-0000-0000678E005A,/etc/hosts:0,ta1-theia-1
1557759904.897:531379,CC7C9A7F-4BD4-5E0F-88B4-3EA111554703:null:null,READ,0100D00F-0B00-5800-0000-0000678E005A,/etc/hosts:0,ta1-theia-1
1557759883.848:531355,CC7C9A7F-4BD4-5E0F-88B4-3EA111554703:null:null,READ,0100D00F-0B00-5800-0000-0000678E005A,/etc/hosts:0,ta1-theia-1
1557759883.848:531354,CC7C9A7F-4BD4-5E0F-88B4-3EA111554703:null:null,READ,0100D00F-0B00-5800-0000-0000678E005A,/etc/hosts:0,ta1-theia-1
1557759874.946:531310,CC7C9A7F-4BD4-5E0F-88B4-3EA111554703:null:null,READ,0100D00F-0B00-5800-0000-0000678E005A,/etc/hosts:0,ta1-theia-1
1557759874.946:531309,CC7C9A7F-4BD4-5E0F-88B4-3EA111554703:null:null,READ,0100D00F-0B00-5800-0000-0000678E005A,/etc/hosts:0,ta1-theia-1
1557759836.553:531275,CC7C9A7F-4BD4-5E0F-88B4-3EA111554703:null:null,READ,0100D00F-0B00-5800-0000-0000678E005A,/etc/hosts:0,ta1-theia-1
1557759836.553:531274,CC7C9A7F-4BD4-5E0F-88B4-3EA111554703:null:null,READ,0100D00F-0B00-5800-0000-0000678E005A,/etc/hosts:0,ta1-theia-1
1557759803.434:15867,94E4DFBD-838C-514F-903B-19CAECEF6F62:null:null,READ,0100D00F-0B00-5800-0000-0000678E005A,/etc/hosts:0,ta1-theia-1
1557759803.434:15866,94E4DFBD-838C-514F-903B-19CAECEF6F62:null:null,READ,0100D00F-0B00-5800-0000-0000678E005A,/etc/hosts:0,ta1-theia-1
1557759803.433:15862,94E4DFBD-838C-514F-903B-19CAECEF6F62:null:null,READ,0100D00F-0B00-5800-0000-0000678E005A,/etc/hosts:0,ta1-theia-1
1557759792.844:531219,CC7C9A7F-4BD4-5E0F-88B4-3EA111554703:null:null,READ,0100D00F-0B00-5800-0000-0000678E005A,/etc/hosts:0,ta1-theia-1
1557759792.844:531218,CC7C9A7F-4BD4-5E0F-88B4-3EA111554703:null:null,READ,0100D00F-0B00-5800-0000-0000678E005A,/etc/hosts:0,ta1-theia-1
1557759784.962:531178,CC7C9A7F-4BD4-5E0F-88B4-3EA111554703:null:null,READ,0100D00F-0B00-5800-0000-0000678E005A,/etc/hosts:0,ta1-theia-1
1557759784.962:531177,CC7C9A7F-4BD4-5E0F-88B4-3EA111554703:null:null,READ,0100D00F-0B00-5800-0000-0000678E005A,/etc/hosts:0,ta1-theia-1
1557759746.843:531143,CC7C9A7F-4BD4-5E0F-88B4-3EA111554703:null:null,READ,0100D00F-0B00-5800-0000-0000678E005A,/etc/hosts:0,ta1-theia-1
1557759746.842:531142,CC7C9A7F-4BD4-5E0F-88B4-3EA111554703:null:null,READ,0100D00F-0B00-5800-0000-0000678E005A,/etc/hosts:0,ta1-theia-1
1557759739.477:531098,CC7C9A7F-4BD4-5E0F-88B4-3EA111554703:null:null,READ,0100D00F-0B00-5800-0000-0000678E005A,/etc/hosts:0,ta1-theia-1
1557759739.477:531097,CC7C9A7F-4BD4-5E0F-88B4-3EA111554703:null:null,READ,0100D00F-0B00-5800-0000-0000678E005A,/etc/hosts:0,ta1-theia-1
1557759731.841:531057,CC7C9A7F-4BD4-5E0F-88B4-3EA111554703:null:null,READ,0100D00F-0B00-5800-0000-0000678E005A,/etc/hosts:0,ta1-theia-1
1557759731.841:531056,CC7C9A7F-4BD4-5E0F-88B4-3EA111554703:null:null,READ,0100D00F-0B00-5800-0000-0000678E005A,/etc/hosts:0,ta1-theia-1
1557759724.930:531020,CC7C9A7F-4BD4-5E0F-88B4-3EA111554703:null:null,READ,0100D00F-0B00-5800-0000-0000678E005A,/etc/hosts:0,ta1-theia-1
1557759724.930:531019,CC7C9A7F-4BD4-5E0F-88B4-3EA111554703:null:null,READ,0100D00F-0B00-5800-0000-0000678E005A,/etc/hosts:0,ta1-theia-1
1557759669.840:530995,CC7C9A7F-4BD4-5E0F-88B4-3EA111554703:null:null,READ,0100D00F-0B00-5800-0000-0000678E005A,/etc/hosts:0,ta1-theia-1
1557759669.840:530994,CC7C9A7F-4BD4-5E0F-88B4-3EA111554703:null:null,READ,0100D00F-0B00-5800-0000-0000678E005A,/etc/hosts:0,ta1-theia-1
1557759664.898:530958,CC7C9A7F-4BD4-5E0F-88B4-3EA111554703:null:null,READ,0100D00F-0B00-5800-0000-0000678E005A,/etc/hosts:0,ta1-theia-1
1557759664.897:530957,CC7C9A7F-4BD4-5E0F-88B4-3EA111554703:null:null,READ,0100D00F-0B00-5800-0000-0000678E005A,/etc/hosts:0,ta1-theia-1
1557759655.110:530933,CC7C9A7F-4BD4-5E0F-88B4-3EA111554703:null:null,READ,0100D00F-0B00-5800-0000-0000678E005A,/etc/hosts:0,ta1-theia-1
1557759655.110:530932,CC7C9A7F-4BD4-5E0F-88B4-3EA111554703:null:null,READ,0100D00F-0B00-5800-0000-0000678E005A,/etc/hosts:0,ta1-theia-1
1557759650.349:129083,D2254D75-B9E0-55BB-A06C-FF862E97E769:null:null,CLONE,FA565584-45B6-5099-B079-14B1F2C06B62,b'xscreensaver -no-splash':1003,ta1-theia-1
1557759650.332:139,77803AF1-83B2-5DBF-AEC5-797D4BE72AC7:b'/usr/bin/python /usr/share/apport/apport 191699 11 0':1003,CLONE,451D0B76-95D3-59A7-8937-BB52C84D898B,b'/usr/bin/gdbus call -e -d org.gnome.SessionManager -o /org/gnome/SessionManager -m org.gnome.SessionManager.IsSessionRunning':1003,ta1-theia-1
1557759650.325:1214,75226C42-42F5-506D-874D-B640BA72F9F4:b'/usr/bin/python /usr/share/apport/apport 191699 11 0':0,CLONE,77803AF1-83B2-5DBF-AEC5-797D4BE72AC7,b'/usr/bin/python /usr/share/apport/apport 191699 11 0':1003,ta1-theia-1
1557759650.271:129056,D2254D75-B9E0-55BB-A06C-FF862E97E769:null:null,CLONE,57F3017E-F421-5036-A00C-8EC7717EB48E,b'xscreensaver -no-splash':1003,ta1-theia-1
1557759648.841:530883,CC7C9A7F-4BD4-5E0F-88B4-3EA111554703:null:null,READ,0100D00F-0B00-5800-0000-0000678E005A,/etc/hosts:0,ta1-theia-1
1557759648.841:530882,CC7C9A7F-4BD4-5E0F-88B4-3EA111554703:null:null,READ,0100D00F-0B00-5800-0000-0000678E005A,/etc/hosts:0,ta1-theia-1
1557759639.838:530842,CC7C9A7F-4BD4-5E0F-88B4-3EA111554703:null:null,READ,0100D00F-0B00-5800-0000-0000678E005A,/etc/hosts:0,ta1-theia-1
1557759639.838:530841,CC7C9A7F-4BD4-5E0F-88B4-3EA111554703:null:null,READ,0100D00F-0B00-5800-0000-0000678E005A,/etc/hosts:0,ta1-theia-1
1557759634.946:530805,CC7C9A7F-4BD4-5E0F-88B4-3EA111554703:null:null,READ,0100D00F-0B00-5800-0000-0000678E005A,/etc/hosts:0,ta1-theia-1
1557759634.946:530804,CC7C9A7F-4BD4-5E0F-88B4-3EA111554703:null:null,READ,0100D00F-0B00-5800-0000-0000678E005A,/etc/hosts:0,ta1-theia-1
1557759618.839:530780,CC7C9A7F-4BD4-5E0F-88B4-3EA111554703:null:null,READ,0100D00F-0B00-5800-0000-0000678E005A,/etc/hosts:0,ta1-theia-1
1557759618.839:530779,CC7C9A7F-4BD4-5E0F-88B4-3EA111554703:null:null,READ,0100D00F-0B00-5800-0000-0000678E005A,/etc/hosts:0,ta1-theia-1
1557759609.838:530739,CC7C9A7F-4BD4-5E0F-88B4-3EA111554703:null:null,READ,0100D00F-0B00-5800-0000-0000678E005A,/etc/hosts:0,ta1-theia-1
1557759609.838:530738,CC7C9A7F-4BD4-5E0F-88B4-3EA111554703:null:null,READ,0100D00F-0B00-5800-0000-0000678E005A,/etc/hosts:0,ta1-theia-1
1557759604.866:530703,CC7C9A7F-4BD4-5E0F-88B4-3EA111554703:null:null,READ,0100D00F-0B00-5800-0000-0000678E005A,/etc/hosts:0,ta1-theia-1
1557759604.866:530702,CC7C9A7F-4BD4-5E0F-88B4-3EA111554703:null:null,READ,0100D00F-0B00-5800-0000-0000678E005A,/etc/hosts:0,ta1-theia-1
1557759583.838:530673,CC7C9A7F-4BD4-5E0F-88B4-3EA111554703:null:null,READ,0100D00F-0B00-5800-0000-0000678E005A,/etc/hosts:0,ta1-theia-1
1557759583.838:530672,CC7C9A7F-4BD4-5E0F-88B4-3EA111554703:null:null,READ,0100D00F-0B00-5800-0000-0000678E005A,/etc/hosts:0,ta1-theia-1
1557759574.914:530631,CC7C9A7F-4BD4-5E0F-88B4-3EA111554703:null:null,READ,0100D00F-0B00-5800-0000-0000678E005A,/etc/hosts:0,ta1-theia-1
1557759574.914:530630,CC7C9A7F-4BD4-5E0F-88B4-3EA111554703:null:null,READ,0100D00F-0B00-5800-0000-0000678E005A,/etc/hosts:0,ta1-theia-1
1557759565.265:15855,94E4DFBD-838C-514F-903B-19CAECEF6F62:null:null,READ,0100D00F-0B00-5800-0000-0000678E005A,/etc/hosts:0,ta1-theia-1
1557759565.265:15854,94E4DFBD-838C-514F-903B-19CAECEF6F62:null:null,READ,0100D00F-0B00-5800-0000-0000678E005A,/etc/hosts:0,ta1-theia-1
1557759565.265:15850,94E4DFBD-838C-514F-903B-19CAECEF6F62:null:null,READ,0100D00F-0B00-5800-0000-0000678E005A,/etc/hosts:0,ta1-theia-1
1557759562.821:530606,CC7C9A7F-4BD4-5E0F-88B4-3EA111554703:null:null,READ,0100D00F-0B00-5800-0000-0000678E005A,/etc/hosts:0,ta1-theia-1
1557759562.821:530605,CC7C9A7F-4BD4-5E0F-88B4-3EA111554703:null:null,READ,0100D00F-0B00-5800-0000-0000678E005A,/etc/hosts:0,ta1-theia-1
1557759554.822:530565,CC7C9A7F-4BD4-5E0F-88B4-3EA111554703:null:null,READ,0100D00F-0B00-5800-0000-0000678E005A,/etc/hosts:0,ta1-theia-1
1557759554.822:530564,CC7C9A7F-4BD4-5E0F-88B4-3EA111554703:null:null,READ,0100D00F-0B00-5800-0000-0000678E005A,/etc/hosts:0,ta1-theia-1
1557759545.804:530524,CC7C9A7F-4BD4-5E0F-88B4-3EA111554703:null:null,READ,0100D00F-0B00-5800-0000-0000678E005A,/etc/hosts:0,ta1-theia-1
1557759545.804:530523,CC7C9A7F-4BD4-5E0F-88B4-3EA111554703:null:null,READ,0100D00F-0B00-5800-0000-0000678E005A,/etc/hosts:0,ta1-theia-1
1557759539.666:15835,94E4DFBD-838C-514F-903B-19CAECEF6F62:null:null,READ,0100D00F-0B00-5800-0000-0000678E005A,/etc/hosts:0,ta1-theia-1
1557759539.666:15834,94E4DFBD-838C-514F-903B-19CAECEF6F62:null:null,READ,0100D00F-0B00-5800-0000-0000678E005A,/etc/hosts:0,ta1-theia-1
1557759539.665:15830,94E4DFBD-838C-514F-903B-19CAECEF6F62:null:null,READ,0100D00F-0B00-5800-0000-0000678E005A,/etc/hosts:0,ta1-theia-1
1557759538.937:530489,CC7C9A7F-4BD4-5E0F-88B4-3EA111554703:null:null,READ,0100D00F-0B00-5800-0000-0000678E005A,/etc/hosts:0,ta1-theia-1
1557759538.937:530488,CC7C9A7F-4BD4-5E0F-88B4-3EA111554703:null:null,READ,0100D00F-0B00-5800-0000-0000678E005A,/etc/hosts:0,ta1-theia-1
1557759519.787:530448,CC7C9A7F-4BD4-5E0F-88B4-3EA111554703:null:null,READ,0100D00F-0B00-5800-0000-0000678E005A,/etc/hosts:0,ta1-theia-1
1557759519.787:530447,CC7C9A7F-4BD4-5E0F-88B4-3EA111554703:null:null,READ,0100D00F-0B00-5800-0000-0000678E005A,/etc/hosts:0,ta1-theia-1
1557759514.882:530412,CC7C9A7F-4BD4-5E0F-88B4-3EA111554703:null:null,READ,0100D00F-0B00-5800-0000-0000678E005A,/etc/hosts:0,ta1-theia-1
1557759514.882:530411,CC7C9A7F-4BD4-5E0F-88B4-3EA111554703:null:null,READ,0100D00F-0B00-5800-0000-0000678E005A,/etc/hosts:0,ta1-theia-1
1557759490.772:530382,CC7C9A7F-4BD4-5E0F-88B4-3EA111554703:null:null,READ,0100D00F-0B00-5800-0000-0000678E005A,/etc/hosts:0,ta1-theia-1
1557759490.772:530381,CC7C9A7F-4BD4-5E0F-88B4-3EA111554703:null:null,READ,0100D00F-0B00-5800-0000-0000678E005A,/etc/hosts:0,ta1-theia-1
1557759484.930:530332,CC7C9A7F-4BD4-5E0F-88B4-3EA111554703:null:null,READ,0100D00F-0B00-5800-0000-0000678E005A,/etc/hosts:0,ta1-theia-1
1557759484.930:530331,CC7C9A7F-4BD4-5E0F-88B4-3EA111554703:null:null,READ,0100D00F-0B00-5800-0000-0000678E005A,/etc/hosts:0,ta1-theia-1
1557759441.757:530297,CC7C9A7F-4BD4-5E0F-88B4-3EA111554703:null:null,READ,0100D00F-0B00-5800-0000-0000678E005A,/etc/hosts:0,ta1-theia-1
1557759441.757:530296,CC7C9A7F-4BD4-5E0F-88B4-3EA111554703:null:null,READ,0100D00F-0B00-5800-0000-0000678E005A,/etc/hosts:0,ta1-theia-1
1557759432.755:530256,CC7C9A7F-4BD4-5E0F-88B4-3EA111554703:null:null,READ,0100D00F-0B00-5800-0000-0000678E005A,/etc/hosts:0,ta1-theia-1
1557759432.755:530255,CC7C9A7F-4BD4-5E0F-88B4-3EA111554703:null:null,READ,0100D00F-0B00-5800-0000-0000678E005A,/etc/hosts:0,ta1-theia-1
1557759424.898:530219,CC7C9A7F-4BD4-5E0F-88B4-3EA111554703:null:null,READ,0100D00F-0B00-5800-0000-0000678E005A,/etc/hosts:0,ta1-theia-1
1557759424.898:530218,CC7C9A7F-4BD4-5E0F-88B4-3EA111554703:null:null,READ,0100D00F-0B00-5800-0000-0000678E005A,/etc/hosts:0,ta1-theia-1
1557759347.707:530194,CC7C9A7F-4BD4-5E0F-88B4-3EA111554703:null:null,READ,0100D00F-0B00-5800-0000-0000678E005A,/etc/hosts:0,ta1-theia-1
1557759347.707:530193,CC7C9A7F-4BD4-5E0F-88B4-3EA111554703:null:null,READ,0100D00F-0B00-5800-0000-0000678E005A,/etc/hosts:0,ta1-theia-1
1557759339.346:530144,CC7C9A7F-4BD4-5E0F-88B4-3EA111554703:null:null,READ,0100D00F-0B00-5800-0000-0000678E005A,/etc/hosts:0,ta1-theia-1
1557759339.346:530143,CC7C9A7F-4BD4-5E0F-88B4-3EA111554703:null:null,READ,0100D00F-0B00-5800-0000-0000678E005A,/etc/hosts:0,ta1-theia-1
1557759311.690:530103,CC7C9A7F-4BD4-5E0F-88B4-3EA111554703:null:null,READ,0100D00F-0B00-5800-0000-0000678E005A,/etc/hosts:0,ta1-theia-1
1557759311.690:530102,CC7C9A7F-4BD4-5E0F-88B4-3EA111554703:null:null,READ,0100D00F-0B00-5800-0000-0000678E005A,/etc/hosts:0,ta1-theia-1
1557759304.962:530067,CC7C9A7F-4BD4-5E0F-88B4-3EA111554703:null:null,READ,0100D00F-0B00-5800-0000-0000678E005A,/etc/hosts:0,ta1-theia-1
1557759304.962:530066,CC7C9A7F-4BD4-5E0F-88B4-3EA111554703:null:null,READ,0100D00F-0B00-5800-0000-0000678E005A,/etc/hosts:0,ta1-theia-1
1557759293.064:28,7A69C688-2629-5E60-9E7B-E08F024C460D:b'sshd: admin [priv]  ':0,CLONE,FDF8B8BD-FF7C-57A9-9809-D61A30158A4A,b'sshd: admin@notty   ':1003,ta1-theia-1
1557759293.063:591,FA51D31A-93F1-5930-A34D-66C75090DCDA:b'/usr/sbin/sshd -D':0,CLONE,7A69C688-2629-5E60-9E7B-E08F024C460D,b'sshd: admin [priv]  ':0,ta1-theia-1
1557759293.055:35,CF01AA01-E99A-5691-BF91-6653A7326368:b'sh -c /usr/bin/env -i PATH=/usr/local/sbin:/usr/local/bin:/usr/sbin:/usr/bin:/sbin:/bin run-parts --lsbsysinit /etc/update-motd.d > /var/run/motd.new':0,CLONE,E872F23C-870C-5E08-A29A-E70170B18D01,b'run-parts --lsbsysinit /etc/update-motd.d':0,ta1-theia-1
1557759293.053:34,CF01AA01-E99A-5691-BF91-6653A7326368:b'sh -c /usr/bin/env -i PATH=/usr/local/sbin:/usr/local/bin:/usr/sbin:/usr/bin:/sbin:/bin run-parts --lsbsysinit /etc/update-motd.d > /var/run/motd.new':0,CLONE,6D60E83E-3064-54CD-B6C8-2626DD78B602,b'run-parts --lsbsysinit /etc/update-motd.d':0,ta1-theia-1
1557759293.045:0,8B4EB0DB-46B7-5FB4-8B27-F93205E88F7A:b'/bin/sh /usr/lib/update-notifier/update-motd-fsck-at-reboot':0,EXECUTE,0100D00F-9E00-3200-0000-0000B790005A,/bin/cat:0,ta1-theia-1
1557759293.045:43,4606330F-9FAB-5FFB-8621-4B7B6A128C20:b'run-parts --lsbsysinit /etc/update-motd.d':0,CLONE,8B4EB0DB-46B7-5FB4-8B27-F93205E88F7A,b'/bin/sh /usr/lib/update-notifier/update-motd-fsck-at-reboot':0,ta1-theia-1
1557759293.036:40,4606330F-9FAB-5FFB-8621-4B7B6A128C20:b'run-parts --lsbsysinit /etc/update-motd.d':0,CLONE,61DEE766-8616-508F-871D-FCB8E430BA4C,b'/bin/sh /usr/lib/update-notifier/update-motd-fsck-at-reboot':0,ta1-theia-1
1557759293.034:36,4606330F-9FAB-5FFB-8621-4B7B6A128C20:b'run-parts --lsbsysinit /etc/update-motd.d':0,CLONE,C3A168DD-F803-5B69-9EFD-74ABAD972AC0,b'/bin/sh /usr/lib/update-notifier/update-motd-fsck-at-reboot':0,ta1-theia-1
1557759293.026:33,CF01AA01-E99A-5691-BF91-6653A7326368:b'sh -c /usr/bin/env -i PATH=/usr/local/sbin:/usr/local/bin:/usr/sbin:/usr/bin:/sbin:/bin run-parts --lsbsysinit /etc/update-motd.d > /var/run/motd.new':0,CLONE,4606330F-9FAB-5FFB-8621-4B7B6A128C20,b'run-parts --lsbsysinit /etc/update-motd.d':0,ta1-theia-1
1557759293.025:0,50D7D0A6-66D3-5555-A59F-F5812C7445B6:b'/bin/sh -e /usr/lib/update-notifier/update-motd-hwe-eol':0,EXECUTE,0100D00F-9E00-3200-0000-0000B790005A,/bin/cat:0,ta1-theia-1
1557759293.025:57,9D3C0C84-DFE2-58FC-B986-3433114CBFFB:b'run-parts --lsbsysinit /etc/update-motd.d':0,CLONE,50D7D0A6-66D3-5555-A59F-F5812C7445B6,b'/bin/sh -e /usr/lib/update-notifier/update-motd-hwe-eol':0,ta1-theia-1
1557759293.017:55,9D3C0C84-DFE2-58FC-B986-3433114CBFFB:b'run-parts --lsbsysinit /etc/update-motd.d':0,CLONE,214A9DA7-A4A7-53BE-8DB2-C7E9F93EDB45,b'/bin/sh -e /usr/lib/update-notifier/update-motd-hwe-eol':0,ta1-theia-1
1557759293.009:105,F5E44D9A-5E5A-5065-B5FA-223D4698393B:b'/bin/sh -e /usr/lib/update-notifier/update-motd-hwe-eol':0,CLONE,FCDDCE26-B1AA-5A13-B9E3-8EF12AFCBFFC,b'apt-config shell DpkgStatusDir Dir::State::status':0,ta1-theia-1
1557759293.005:51,9D3C0C84-DFE2-58FC-B986-3433114CBFFB:b'run-parts --lsbsysinit /etc/update-motd.d':0,CLONE,F5E44D9A-5E5A-5065-B5FA-223D4698393B,b'/bin/sh -e /usr/lib/update-notifier/update-motd-hwe-eol':0,ta1-theia-1
1557759292.991:105,DAAB54C6-56FE-562B-BBEB-7A6B9CDEB4B5:b'/bin/sh -e /usr/lib/update-notifier/update-motd-hwe-eol':0,CLONE,5A5D0560-CDE7-585C-8EFC-B150858C06A9,b'apt-config shell SourceList Dir::Etc::sourcelist':0,ta1-theia-1
1557759292.987:47,9D3C0C84-DFE2-58FC-B986-3433114CBFFB:b'run-parts --lsbsysinit /etc/update-motd.d':0,CLONE,DAAB54C6-56FE-562B-BBEB-7A6B9CDEB4B5,b'/bin/sh -e /usr/lib/update-notifier/update-motd-hwe-eol':0,ta1-theia-1
1557759292.979:105,7FD4C41C-33A3-5EF9-9EA7-CEEB00E07D99:b'/bin/sh -e /usr/lib/update-notifier/update-motd-hwe-eol':0,CLONE,9AB7DC78-2864-5770-B33D-E510E459D15D,b'apt-config shell EtcDir Dir::Etc':0,ta1-theia-1
1557759292.975:43,9D3C0C84-DFE2-58FC-B986-3433114CBFFB:b'run-parts --lsbsysinit /etc/update-motd.d':0,CLONE,7FD4C41C-33A3-5EF9-9EA7-CEEB00E07D99,b'/bin/sh -e /usr/lib/update-notifier/update-motd-hwe-eol':0,ta1-theia-1
1557759292.967:105,72553319-B66B-5FF8-A1A5-F1B809E1323E:b'/bin/sh -e /usr/lib/update-notifier/update-motd-hwe-eol':0,CLONE,6EA6F57A-9077-57A6-849B-566FB8B5BDD3,b'apt-config shell ListDir Dir::State::Lists':0,ta1-theia-1
1557759292.963:39,9D3C0C84-DFE2-58FC-B986-3433114CBFFB:b'run-parts --lsbsysinit /etc/update-motd.d':0,CLONE,72553319-B66B-5FF8-A1A5-F1B809E1323E,b'/bin/sh -e /usr/lib/update-notifier/update-motd-hwe-eol':0,ta1-theia-1
1557759292.954:105,67B3453C-C973-5439-83AA-0B3106160640:b'/bin/sh -e /usr/lib/update-notifier/update-motd-hwe-eol':0,CLONE,230B0881-77B9-5B70-A662-33998DBE5802,b'apt-config shell StateDir Dir::State':0,ta1-theia-1
1557759292.951:35,9D3C0C84-DFE2-58FC-B986-3433114CBFFB:b'run-parts --lsbsysinit /etc/update-motd.d':0,CLONE,67B3453C-C973-5439-83AA-0B3106160640,b'/bin/sh -e /usr/lib/update-notifier/update-motd-hwe-eol':0,ta1-theia-1
1557759292.949:32,CF01AA01-E99A-5691-BF91-6653A7326368:b'sh -c /usr/bin/env -i PATH=/usr/local/sbin:/usr/local/bin:/usr/sbin:/usr/bin:/sbin:/bin run-parts --lsbsysinit /etc/update-motd.d > /var/run/motd.new':0,CLONE,9D3C0C84-DFE2-58FC-B986-3433114CBFFB,b'run-parts --lsbsysinit /etc/update-motd.d':0,ta1-theia-1
1557759292.943:0,810A0798-4652-5C25-9950-FA8C12CEAB8A:b'/bin/sh -e /usr/lib/update-manager/release-upgrade-motd':0,EXECUTE,0100D00F-9E00-3200-0000-0000B790005A,/bin/cat:0,ta1-theia-1
1557759292.943:34,C1ACDB90-A497-59C4-99BB-2165C04F3314:b'run-parts --lsbsysinit /etc/update-motd.d':0,CLONE,810A0798-4652-5C25-9950-FA8C12CEAB8A,b'/bin/sh -e /usr/lib/update-manager/release-upgrade-motd':0,ta1-theia-1
1557759292.941:31,CF01AA01-E99A-5691-BF91-6653A7326368:b'sh -c /usr/bin/env -i PATH=/usr/local/sbin:/usr/local/bin:/usr/sbin:/usr/bin:/sbin:/bin run-parts --lsbsysinit /etc/update-motd.d > /var/run/motd.new':0,CLONE,C1ACDB90-A497-59C4-99BB-2165C04F3314,b'run-parts --lsbsysinit /etc/update-motd.d':0,ta1-theia-1
1557759292.921:0,F92AB51A-7F5B-58C4-A7F8-E5225F9A8089:b'/bin/sh -e /usr/lib/update-notifier/update-motd-updates-available':0,EXECUTE,0100D00F-9E00-3200-0000-0000B790005A,/bin/cat:0,ta1-theia-1
1557759292.921:447,BFF0C6BA-58E7-5E51-8B65-89EA6717CABC:b'run-parts --lsbsysinit /etc/update-motd.d':0,CLONE,F92AB51A-7F5B-58C4-A7F8-E5225F9A8089,b'/bin/sh -e /usr/lib/update-notifier/update-motd-updates-available':0,ta1-theia-1
1557759292.919:444,BFF0C6BA-58E7-5E51-8B65-89EA6717CABC:b'run-parts --lsbsysinit /etc/update-motd.d':0,CLONE,09E59CF3-2DBB-5378-A58C-D946934453E5,b'/bin/sh -e /usr/lib/update-notifier/update-motd-updates-available':0,ta1-theia-1
1557759292.911:105,FB3DA52F-9C77-5F92-9FA3-A212C13001BA:b'/bin/sh -e /usr/lib/update-notifier/update-motd-updates-available':0,CLONE,2DE09399-0C37-5B8A-B20F-E04EACFF64E4,b'apt-config shell SourceList Dir::Etc::sourcelist':0,ta1-theia-1
1557759292.907:440,BFF0C6BA-58E7-5E51-8B65-89EA6717CABC:b'run-parts --lsbsysinit /etc/update-motd.d':0,CLONE,FB3DA52F-9C77-5F92-9FA3-A212C13001BA,b'/bin/sh -e /usr/lib/update-notifier/update-motd-updates-available':0,ta1-theia-1
1557759292.898:105,52DFA3CC-1B15-57A6-9ADA-CB04EBB7E05F:b'/bin/sh -e /usr/lib/update-notifier/update-motd-updates-available':0,CLONE,4A876E4E-E537-510E-BE89-15953C2318E8,b'apt-config shell EtcDir Dir::Etc':0,ta1-theia-1
1557759292.894:436,BFF0C6BA-58E7-5E51-8B65-89EA6717CABC:b'run-parts --lsbsysinit /etc/update-motd.d':0,CLONE,52DFA3CC-1B15-57A6-9ADA-CB04EBB7E05F,b'/bin/sh -e /usr/lib/update-notifier/update-motd-updates-available':0,ta1-theia-1
1557759292.893:432,BFF0C6BA-58E7-5E51-8B65-89EA6717CABC:b'run-parts --lsbsysinit /etc/update-motd.d':0,CLONE,2576DE28-E70B-566A-B7CC-4050CB712C67,b'/bin/sh -e /usr/lib/update-notifier/update-motd-updates-available':0,ta1-theia-1
1557759292.886:428,BFF0C6BA-58E7-5E51-8B65-89EA6717CABC:b'run-parts --lsbsysinit /etc/update-motd.d':0,CLONE,33C3BD4E-62EC-53EE-A575-75C5981CAD80,b'/bin/sh -e /usr/lib/update-notifier/update-motd-updates-available':0,ta1-theia-1
1557759292.885:424,BFF0C6BA-58E7-5E51-8B65-89EA6717CABC:b'run-parts --lsbsysinit /etc/update-motd.d':0,CLONE,C3AFDCD6-E8ED-5484-91B9-8FE072425B96,b'/bin/sh -e /usr/lib/update-notifier/update-motd-updates-available':0,ta1-theia-1
1557759292.874:420,BFF0C6BA-58E7-5E51-8B65-89EA6717CABC:b'run-parts --lsbsysinit /etc/update-motd.d':0,CLONE,7285B06A-D50E-50EA-A3BC-65CCE2402092,b'/bin/sh -e /usr/lib/update-notifier/update-motd-updates-available':0,ta1-theia-1
1557759292.873:416,BFF0C6BA-58E7-5E51-8B65-89EA6717CABC:b'run-parts --lsbsysinit /etc/update-motd.d':0,CLONE,218A983E-778E-5F00-AC8F-B88006370969,b'/bin/sh -e /usr/lib/update-notifier/update-motd-updates-available':0,ta1-theia-1
1557759292.864:412,BFF0C6BA-58E7-5E51-8B65-89EA6717CABC:b'run-parts --lsbsysinit /etc/update-motd.d':0,CLONE,397ACC7B-2DE7-548F-B6F3-AEF719BB405A,b'/bin/sh -e /usr/lib/update-notifier/update-motd-updates-available':0,ta1-theia-1
1557759292.862:408,BFF0C6BA-58E7-5E51-8B65-89EA6717CABC:b'run-parts --lsbsysinit /etc/update-motd.d':0,CLONE,6AFA59CC-BAD8-5660-8A51-DC22797C4838,b'/bin/sh -e /usr/lib/update-notifier/update-motd-updates-available':0,ta1-theia-1
1557759292.855:404,BFF0C6BA-58E7-5E51-8B65-89EA6717CABC:b'run-parts --lsbsysinit /etc/update-motd.d':0,CLONE,CA6AE833-CA01-5B71-AC7B-46DCE93AB369,b'/bin/sh -e /usr/lib/update-notifier/update-motd-updates-available':0,ta1-theia-1
1557759292.853:400,BFF0C6BA-58E7-5E51-8B65-89EA6717CABC:b'run-parts --lsbsysinit /etc/update-motd.d':0,CLONE,DEE634E4-A02E-59D8-B5FA-23E09FC036B2,b'/bin/sh -e /usr/lib/update-notifier/update-motd-updates-available':0,ta1-theia-1
1557759292.847:396,BFF0C6BA-58E7-5E51-8B65-89EA6717CABC:b'run-parts --lsbsysinit /etc/update-motd.d':0,CLONE,D1E0D68D-ED1D-5A31-96DD-28A0F51A2263,b'/bin/sh -e /usr/lib/update-notifier/update-motd-updates-available':0,ta1-theia-1
1557759292.845:392,BFF0C6BA-58E7-5E51-8B65-89EA6717CABC:b'run-parts --lsbsysinit /etc/update-motd.d':0,CLONE,FD7992E7-B5C4-5787-8531-F7AB6C651BCA,b'/bin/sh -e /usr/lib/update-notifier/update-motd-updates-available':0,ta1-theia-1
1557759292.838:388,BFF0C6BA-58E7-5E51-8B65-89EA6717CABC:b'run-parts --lsbsysinit /etc/update-motd.d':0,CLONE,10631A30-F8CE-52D7-8C17-81EE3A8CE230,b'/bin/sh -e /usr/lib/update-notifier/update-motd-updates-available':0,ta1-theia-1
1557759292.837:384,BFF0C6BA-58E7-5E51-8B65-89EA6717CABC:b'run-parts --lsbsysinit /etc/update-motd.d':0,CLONE,A16981CF-B99C-5A14-B1CB-47923D414BCF,b'/bin/sh -e /usr/lib/update-notifier/update-motd-updates-available':0,ta1-theia-1
1557759292.830:380,BFF0C6BA-58E7-5E51-8B65-89EA6717CABC:b'run-parts --lsbsysinit /etc/update-motd.d':0,CLONE,51215EB9-E5F0-5B62-BD38-2FDC04917E67,b'/bin/sh -e /usr/lib/update-notifier/update-motd-updates-available':0,ta1-theia-1
1557759292.829:376,BFF0C6BA-58E7-5E51-8B65-89EA6717CABC:b'run-parts --lsbsysinit /etc/update-motd.d':0,CLONE,7E06F06B-63B2-5F62-8CB6-5EFF4D792512,b'/bin/sh -e /usr/lib/update-notifier/update-motd-updates-available':0,ta1-theia-1
1557759292.822:372,BFF0C6BA-58E7-5E51-8B65-89EA6717CABC:b'run-parts --lsbsysinit /etc/update-motd.d':0,CLONE,A1AAEE4E-5A92-5C62-AB77-F10A67EEE2DE,b'/bin/sh -e /usr/lib/update-notifier/update-motd-updates-available':0,ta1-theia-1
1557759292.821:368,BFF0C6BA-58E7-5E51-8B65-89EA6717CABC:b'run-parts --lsbsysinit /etc/update-motd.d':0,CLONE,5789C195-EFA3-59B0-A64E-2B1E4DC68FCD,b'/bin/sh -e /usr/lib/update-notifier/update-motd-updates-available':0,ta1-theia-1
1557759292.815:364,BFF0C6BA-58E7-5E51-8B65-89EA6717CABC:b'run-parts --lsbsysinit /etc/update-motd.d':0,CLONE,774CB5ED-413B-592C-8F48-FFCF596EF7DC,b'/bin/sh -e /usr/lib/update-notifier/update-motd-updates-available':0,ta1-theia-1
1557759292.813:360,BFF0C6BA-58E7-5E51-8B65-89EA6717CABC:b'run-parts --lsbsysinit /etc/update-motd.d':0,CLONE,B253423A-5C0D-5400-8FE7-A2B474373E7E,b'/bin/sh -e /usr/lib/update-notifier/update-motd-updates-available':0,ta1-theia-1
1557759292.807:356,BFF0C6BA-58E7-5E51-8B65-89EA6717CABC:b'run-parts --lsbsysinit /etc/update-motd.d':0,CLONE,B3C42823-5A94-5202-B173-7206CABD9F3A,b'/bin/sh -e /usr/lib/update-notifier/update-motd-updates-available':0,ta1-theia-1
1557759292.805:352,BFF0C6BA-58E7-5E51-8B65-89EA6717CABC:b'run-parts --lsbsysinit /etc/update-motd.d':0,CLONE,C000A0D0-F8CF-5009-9B62-67659F785C54,b'/bin/sh -e /usr/lib/update-notifier/update-motd-updates-available':0,ta1-theia-1
1557759292.798:348,BFF0C6BA-58E7-5E51-8B65-89EA6717CABC:b'run-parts --lsbsysinit /etc/update-motd.d':0,CLONE,55210346-2147-5492-9B73-08C840EEC55A,b'/bin/sh -e /usr/lib/update-notifier/update-motd-updates-available':0,ta1-theia-1
1557759292.797:344,BFF0C6BA-58E7-5E51-8B65-89EA6717CABC:b'run-parts --lsbsysinit /etc/update-motd.d':0,CLONE,9CDF5AF2-03E0-5CAD-8B82-135F9393A377,b'/bin/sh -e /usr/lib/update-notifier/update-motd-updates-available':0,ta1-theia-1
1557759292.787:340,BFF0C6BA-58E7-5E51-8B65-89EA6717CABC:b'run-parts --lsbsysinit /etc/update-motd.d':0,CLONE,B8CC5D1A-066D-5920-BA09-BDE97D284157,b'/bin/sh -e /usr/lib/update-notifier/update-motd-updates-available':0,ta1-theia-1
1557759292.786:336,BFF0C6BA-58E7-5E51-8B65-89EA6717CABC:b'run-parts --lsbsysinit /etc/update-motd.d':0,CLONE,855D6362-152A-5299-828A-DDA17D42524D,b'/bin/sh -e /usr/lib/update-notifier/update-motd-updates-available':0,ta1-theia-1
1557759292.778:332,BFF0C6BA-58E7-5E51-8B65-89EA6717CABC:b'run-parts --lsbsysinit /etc/update-motd.d':0,CLONE,9E312716-7318-5DC0-8389-FE7675F82E5A,b'/bin/sh -e /usr/lib/update-notifier/update-motd-updates-available':0,ta1-theia-1
1557759292.777:328,BFF0C6BA-58E7-5E51-8B65-89EA6717CABC:b'run-parts --lsbsysinit /etc/update-motd.d':0,CLONE,D30EAAE7-B672-5193-BD6B-0C4087064C54,b'/bin/sh -e /usr/lib/update-notifier/update-motd-updates-available':0,ta1-theia-1
1557759292.770:324,BFF0C6BA-58E7-5E51-8B65-89EA6717CABC:b'run-parts --lsbsysinit /etc/update-motd.d':0,CLONE,D82FCB79-3F84-5D7D-BBD9-02BEE9ABE814,b'/bin/sh -e /usr/lib/update-notifier/update-motd-updates-available':0,ta1-theia-1
1557759292.769:320,BFF0C6BA-58E7-5E51-8B65-89EA6717CABC:b'run-parts --lsbsysinit /etc/update-motd.d':0,CLONE,F9724091-FAB6-5789-BF10-BBD448899B2E,b'/bin/sh -e /usr/lib/update-notifier/update-motd-updates-available':0,ta1-theia-1
1557759292.762:316,BFF0C6BA-58E7-5E51-8B65-89EA6717CABC:b'run-parts --lsbsysinit /etc/update-motd.d':0,CLONE,751C299E-DE73-564E-9ED6-4D3759D0F405,b'/bin/sh -e /usr/lib/update-notifier/update-motd-updates-available':0,ta1-theia-1
1557759292.761:312,BFF0C6BA-58E7-5E51-8B65-89EA6717CABC:b'run-parts --lsbsysinit /etc/update-motd.d':0,CLONE,F43DE7D8-61D6-5AD4-811A-A82D9CF39871,b'/bin/sh -e /usr/lib/update-notifier/update-motd-updates-available':0,ta1-theia-1
1557759292.755:308,BFF0C6BA-58E7-5E51-8B65-89EA6717CABC:b'run-parts --lsbsysinit /etc/update-motd.d':0,CLONE,F2AC9066-D930-5A28-86D8-94940535A0BC,b'/bin/sh -e /usr/lib/update-notifier/update-motd-updates-available':0,ta1-theia-1
1557759292.753:304,BFF0C6BA-58E7-5E51-8B65-89EA6717CABC:b'run-parts --lsbsysinit /etc/update-motd.d':0,CLONE,E60C010A-F3BC-5B8D-80B0-9480930A5B03,b'/bin/sh -e /usr/lib/update-notifier/update-motd-updates-available':0,ta1-theia-1
1557759292.746:300,BFF0C6BA-58E7-5E51-8B65-89EA6717CABC:b'run-parts --lsbsysinit /etc/update-motd.d':0,CLONE,72F3A5F9-60E5-5DF4-B70B-FF678B60B855,b'/bin/sh -e /usr/lib/update-notifier/update-motd-updates-available':0,ta1-theia-1
1557759292.745:296,BFF0C6BA-58E7-5E51-8B65-89EA6717CABC:b'run-parts --lsbsysinit /etc/update-motd.d':0,CLONE,7D524D88-E6E3-5F26-B64B-B47BFE1BE338,b'/bin/sh -e /usr/lib/update-notifier/update-motd-updates-available':0,ta1-theia-1
1557759292.738:292,BFF0C6BA-58E7-5E51-8B65-89EA6717CABC:b'run-parts --lsbsysinit /etc/update-motd.d':0,CLONE,58C6F72F-0D9B-510C-AF31-9D0A983C7C73,b'/bin/sh -e /usr/lib/update-notifier/update-motd-updates-available':0,ta1-theia-1
1557759292.737:288,BFF0C6BA-58E7-5E51-8B65-89EA6717CABC:b'run-parts --lsbsysinit /etc/update-motd.d':0,CLONE,02CD6DE4-BC28-5962-A6E9-964065679A78,b'/bin/sh -e /usr/lib/update-notifier/update-motd-updates-available':0,ta1-theia-1
1557759292.730:284,BFF0C6BA-58E7-5E51-8B65-89EA6717CABC:b'run-parts --lsbsysinit /etc/update-motd.d':0,CLONE,13F15355-E69F-553A-AD18-D35893E759B0,b'/bin/sh -e /usr/lib/update-notifier/update-motd-updates-available':0,ta1-theia-1
1557759292.729:280,BFF0C6BA-58E7-5E51-8B65-89EA6717CABC:b'run-parts --lsbsysinit /etc/update-motd.d':0,CLONE,97D2BF37-2BDC-504E-BC66-AE3D77E78D25,b'/bin/sh -e /usr/lib/update-notifier/update-motd-updates-available':0,ta1-theia-1
1557759292.721:276,BFF0C6BA-58E7-5E51-8B65-89EA6717CABC:b'run-parts --lsbsysinit /etc/update-motd.d':0,CLONE,48C3D46D-D043-5E13-9F01-04B3CAF863C2,b'/bin/sh -e /usr/lib/update-notifier/update-motd-updates-available':0,ta1-theia-1
1557759292.719:272,BFF0C6BA-58E7-5E51-8B65-89EA6717CABC:b'run-parts --lsbsysinit /etc/update-motd.d':0,CLONE,3C157798-CC79-584B-A2A6-C0FFDF590577,b'/bin/sh -e /usr/lib/update-notifier/update-motd-updates-available':0,ta1-theia-1
1557759292.712:268,BFF0C6BA-58E7-5E51-8B65-89EA6717CABC:b'run-parts --lsbsysinit /etc/update-motd.d':0,CLONE,C71DE537-C021-58F8-B677-94CC609036BA,b'/bin/sh -e /usr/lib/update-notifier/update-motd-updates-available':0,ta1-theia-1
1557759292.709:264,BFF0C6BA-58E7-5E51-8B65-89EA6717CABC:b'run-parts --lsbsysinit /etc/update-motd.d':0,CLONE,2ED98E9A-BE9E-5B6C-B259-16A50429C2FE,b'/bin/sh -e /usr/lib/update-notifier/update-motd-updates-available':0,ta1-theia-1
1557759292.700:260,BFF0C6BA-58E7-5E51-8B65-89EA6717CABC:b'run-parts --lsbsysinit /etc/update-motd.d':0,CLONE,2E346AA8-12BA-5FF7-BEBF-62CC1A12E4F2,b'/bin/sh -e /usr/lib/update-notifier/update-motd-updates-available':0,ta1-theia-1
1557759292.697:256,BFF0C6BA-58E7-5E51-8B65-89EA6717CABC:b'run-parts --lsbsysinit /etc/update-motd.d':0,CLONE,43FAEBE2-47B0-5F5C-A260-DCF0612B1227,b'/bin/sh -e /usr/lib/update-notifier/update-motd-updates-available':0,ta1-theia-1
1557759292.688:252,BFF0C6BA-58E7-5E51-8B65-89EA6717CABC:b'run-parts --lsbsysinit /etc/update-motd.d':0,CLONE,B1626709-BD9B-5877-8D34-9EE9B32292F1,b'/bin/sh -e /usr/lib/update-notifier/update-motd-updates-available':0,ta1-theia-1
1557759292.685:248,BFF0C6BA-58E7-5E51-8B65-89EA6717CABC:b'run-parts --lsbsysinit /etc/update-motd.d':0,CLONE,6AF7A946-811E-5D89-A9C8-7201146F170F,b'/bin/sh -e /usr/lib/update-notifier/update-motd-updates-available':0,ta1-theia-1
1557759292.676:244,BFF0C6BA-58E7-5E51-8B65-89EA6717CABC:b'run-parts --lsbsysinit /etc/update-motd.d':0,CLONE,9A3785AB-2A79-53CF-B7A7-6E95CF46E17E,b'/bin/sh -e /usr/lib/update-notifier/update-motd-updates-available':0,ta1-theia-1
1557759292.673:240,BFF0C6BA-58E7-5E51-8B65-89EA6717CABC:b'run-parts --lsbsysinit /etc/update-motd.d':0,CLONE,30F740E1-CD74-5DAD-9A67-5D8037D4341A,b'/bin/sh -e /usr/lib/update-notifier/update-motd-updates-available':0,ta1-theia-1
1557759292.664:236,BFF0C6BA-58E7-5E51-8B65-89EA6717CABC:b'run-parts --lsbsysinit /etc/update-motd.d':0,CLONE,A89EFC77-27FF-5429-84F3-A52E29F73C5C,b'/bin/sh -e /usr/lib/update-notifier/update-motd-updates-available':0,ta1-theia-1
1557759292.661:232,BFF0C6BA-58E7-5E51-8B65-89EA6717CABC:b'run-parts --lsbsysinit /etc/update-motd.d':0,CLONE,0FFF8492-6F9E-5E27-8C85-04F3BC69C047,b'/bin/sh -e /usr/lib/update-notifier/update-motd-updates-available':0,ta1-theia-1
1557759292.652:228,BFF0C6BA-58E7-5E51-8B65-89EA6717CABC:b'run-parts --lsbsysinit /etc/update-motd.d':0,CLONE,9CC738E7-EC15-52CD-83DF-E67DC8A99E09,b'/bin/sh -e /usr/lib/update-notifier/update-motd-updates-available':0,ta1-theia-1
1557759292.649:224,BFF0C6BA-58E7-5E51-8B65-89EA6717CABC:b'run-parts --lsbsysinit /etc/update-motd.d':0,CLONE,58522CD1-5964-501C-9410-9DC44B3369BC,b'/bin/sh -e /usr/lib/update-notifier/update-motd-updates-available':0,ta1-theia-1
1557759292.640:220,BFF0C6BA-58E7-5E51-8B65-89EA6717CABC:b'run-parts --lsbsysinit /etc/update-motd.d':0,CLONE,6A7B9B3D-5A6E-5B54-9DE5-21B3AB49F87A,b'/bin/sh -e /usr/lib/update-notifier/update-motd-updates-available':0,ta1-theia-1
1557759292.637:216,BFF0C6BA-58E7-5E51-8B65-89EA6717CABC:b'run-parts --lsbsysinit /etc/update-motd.d':0,CLONE,EE0B567D-3D0A-5C14-BEDE-1059575E0B78,b'/bin/sh -e /usr/lib/update-notifier/update-motd-updates-available':0,ta1-theia-1
1557759292.628:212,BFF0C6BA-58E7-5E51-8B65-89EA6717CABC:b'run-parts --lsbsysinit /etc/update-motd.d':0,CLONE,F79C4C2B-DABD-58A5-B50A-D368024F7B66,b'/bin/sh -e /usr/lib/update-notifier/update-motd-updates-available':0,ta1-theia-1
1557759292.625:208,BFF0C6BA-58E7-5E51-8B65-89EA6717CABC:b'run-parts --lsbsysinit /etc/update-motd.d':0,CLONE,481F6A69-CF7A-5153-B2FB-89E43AB87230,b'/bin/sh -e /usr/lib/update-notifier/update-motd-updates-available':0,ta1-theia-1
1557759292.618:204,BFF0C6BA-58E7-5E51-8B65-89EA6717CABC:b'run-parts --lsbsysinit /etc/update-motd.d':0,CLONE,5B799A36-69F9-5B56-B28A-6A2C449EF5C8,b'/bin/sh -e /usr/lib/update-notifier/update-motd-updates-available':0,ta1-theia-1
1557759292.615:200,BFF0C6BA-58E7-5E51-8B65-89EA6717CABC:b'run-parts --lsbsysinit /etc/update-motd.d':0,CLONE,6C1D1A18-A8B4-5A47-8D3B-E34B16483DAA,b'/bin/sh -e /usr/lib/update-notifier/update-motd-updates-available':0,ta1-theia-1
1557759292.604:196,BFF0C6BA-58E7-5E51-8B65-89EA6717CABC:b'run-parts --lsbsysinit /etc/update-motd.d':0,CLONE,75CC07E4-7B4A-5210-8A50-1EA063B5D230,b'/bin/sh -e /usr/lib/update-notifier/update-motd-updates-available':0,ta1-theia-1
1557759292.601:192,BFF0C6BA-58E7-5E51-8B65-89EA6717CABC:b'run-parts --lsbsysinit /etc/update-motd.d':0,CLONE,4D8EB53E-739A-5B52-AC41-8D8ED1B702BB,b'/bin/sh -e /usr/lib/update-notifier/update-motd-updates-available':0,ta1-theia-1
1557759292.592:188,BFF0C6BA-58E7-5E51-8B65-89EA6717CABC:b'run-parts --lsbsysinit /etc/update-motd.d':0,CLONE,107A431B-0DB4-577B-97EE-F58206487F08,b'/bin/sh -e /usr/lib/update-notifier/update-motd-updates-available':0,ta1-theia-1
1557759292.589:184,BFF0C6BA-58E7-5E51-8B65-89EA6717CABC:b'run-parts --lsbsysinit /etc/update-motd.d':0,CLONE,73196343-4283-583A-933A-7A44017EDB84,b'/bin/sh -e /usr/lib/update-notifier/update-motd-updates-available':0,ta1-theia-1
1557759292.580:180,BFF0C6BA-58E7-5E51-8B65-89EA6717CABC:b'run-parts --lsbsysinit /etc/update-motd.d':0,CLONE,37BD2498-740C-52A0-93F8-353E4EC1F9CD,b'/bin/sh -e /usr/lib/update-notifier/update-motd-updates-available':0,ta1-theia-1
1557759292.577:176,BFF0C6BA-58E7-5E51-8B65-89EA6717CABC:b'run-parts --lsbsysinit /etc/update-motd.d':0,CLONE,CB5D63EB-554D-554A-BFFB-1E80E90C17C5,b'/bin/sh -e /usr/lib/update-notifier/update-motd-updates-available':0,ta1-theia-1
1557759292.568:172,BFF0C6BA-58E7-5E51-8B65-89EA6717CABC:b'run-parts --lsbsysinit /etc/update-motd.d':0,CLONE,BF631F9A-2E6F-5DAD-B803-B57069E80BBA,b'/bin/sh -e /usr/lib/update-notifier/update-motd-updates-available':0,ta1-theia-1
1557759292.565:168,BFF0C6BA-58E7-5E51-8B65-89EA6717CABC:b'run-parts --lsbsysinit /etc/update-motd.d':0,CLONE,F3BE1242-276C-5496-B4AF-E57C9C51F934,b'/bin/sh -e /usr/lib/update-notifier/update-motd-updates-available':0,ta1-theia-1
1557759292.556:164,BFF0C6BA-58E7-5E51-8B65-89EA6717CABC:b'run-parts --lsbsysinit /etc/update-motd.d':0,CLONE,C427453A-3631-520C-BACC-F462C14E3AE6,b'/bin/sh -e /usr/lib/update-notifier/update-motd-updates-available':0,ta1-theia-1
1557759292.553:160,BFF0C6BA-58E7-5E51-8B65-89EA6717CABC:b'run-parts --lsbsysinit /etc/update-motd.d':0,CLONE,99C95545-7A90-54D6-BF25-6FE6B92A8E96,b'/bin/sh -e /usr/lib/update-notifier/update-motd-updates-available':0,ta1-theia-1
1557759292.544:156,BFF0C6BA-58E7-5E51-8B65-89EA6717CABC:b'run-parts --lsbsysinit /etc/update-motd.d':0,CLONE,BC27B807-CB9F-5C69-A9C1-6B90B1C52491,b'/bin/sh -e /usr/lib/update-notifier/update-motd-updates-available':0,ta1-theia-1
1557759292.541:152,BFF0C6BA-58E7-5E51-8B65-89EA6717CABC:b'run-parts --lsbsysinit /etc/update-motd.d':0,CLONE,C7DB02A5-1518-5261-9C8A-DE79AF1B030D,b'/bin/sh -e /usr/lib/update-notifier/update-motd-updates-available':0,ta1-theia-1
1557759292.529:148,BFF0C6BA-58E7-5E51-8B65-89EA6717CABC:b'run-parts --lsbsysinit /etc/update-motd.d':0,CLONE,0BBB8A4A-5E5D-5B54-86F0-3D14FB6DE3C3,b'/bin/sh -e /usr/lib/update-notifier/update-motd-updates-available':0,ta1-theia-1
1557759292.525:144,BFF0C6BA-58E7-5E51-8B65-89EA6717CABC:b'run-parts --lsbsysinit /etc/update-motd.d':0,CLONE,0FD92F4A-83A0-52FB-9499-280EA91CEC35,b'/bin/sh -e /usr/lib/update-notifier/update-motd-updates-available':0,ta1-theia-1
1557759292.516:140,BFF0C6BA-58E7-5E51-8B65-89EA6717CABC:b'run-parts --lsbsysinit /etc/update-motd.d':0,CLONE,FCC84153-B29F-5324-8D51-6D7732D5C2EE,b'/bin/sh -e /usr/lib/update-notifier/update-motd-updates-available':0,ta1-theia-1
1557759292.512:136,BFF0C6BA-58E7-5E51-8B65-89EA6717CABC:b'run-parts --lsbsysinit /etc/update-motd.d':0,CLONE,FBF68B45-1C81-5719-A9D1-1A608B5EBD54,b'/bin/sh -e /usr/lib/update-notifier/update-motd-updates-available':0,ta1-theia-1
1557759292.501:132,BFF0C6BA-58E7-5E51-8B65-89EA6717CABC:b'run-parts --lsbsysinit /etc/update-motd.d':0,CLONE,FA81257F-9C35-5929-BFB7-8B6BEB4E5D6E,b'/bin/sh -e /usr/lib/update-notifier/update-motd-updates-available':0,ta1-theia-1
1557759292.497:128,BFF0C6BA-58E7-5E51-8B65-89EA6717CABC:b'run-parts --lsbsysinit /etc/update-motd.d':0,CLONE,4F6BC298-8E23-5B4A-95B7-8BFE74E8B07F,b'/bin/sh -e /usr/lib/update-notifier/update-motd-updates-available':0,ta1-theia-1
1557759292.485:124,BFF0C6BA-58E7-5E51-8B65-89EA6717CABC:b'run-parts --lsbsysinit /etc/update-motd.d':0,CLONE,1AF55F5C-84B1-5B0C-8D37-0C3630B8D7D5,b'/bin/sh -e /usr/lib/update-notifier/update-motd-updates-available':0,ta1-theia-1
1557759292.481:120,BFF0C6BA-58E7-5E51-8B65-89EA6717CABC:b'run-parts --lsbsysinit /etc/update-motd.d':0,CLONE,B8D12E36-9561-5D3C-A81F-362CD7A1E620,b'/bin/sh -e /usr/lib/update-notifier/update-motd-updates-available':0,ta1-theia-1
1557759292.473:116,BFF0C6BA-58E7-5E51-8B65-89EA6717CABC:b'run-parts --lsbsysinit /etc/update-motd.d':0,CLONE,97D79B33-3A92-59E3-B316-A4BC1F49AB53,b'/bin/sh -e /usr/lib/update-notifier/update-motd-updates-available':0,ta1-theia-1
1557759292.469:112,BFF0C6BA-58E7-5E51-8B65-89EA6717CABC:b'run-parts --lsbsysinit /etc/update-motd.d':0,CLONE,CA935D95-4F99-5CA5-8609-492AF924BB17,b'/bin/sh -e /usr/lib/update-notifier/update-motd-updates-available':0,ta1-theia-1
1557759292.463:108,BFF0C6BA-58E7-5E51-8B65-89EA6717CABC:b'run-parts --lsbsysinit /etc/update-motd.d':0,CLONE,22B66F1D-58C1-5B33-B0D5-EBCC3C375B19,b'/bin/sh -e /usr/lib/update-notifier/update-motd-updates-available':0,ta1-theia-1
1557759292.461:104,BFF0C6BA-58E7-5E51-8B65-89EA6717CABC:b'run-parts --lsbsysinit /etc/update-motd.d':0,CLONE,5D1FB488-F954-54B6-9095-8A12C4977138,b'/bin/sh -e /usr/lib/update-notifier/update-motd-updates-available':0,ta1-theia-1
1557759292.455:100,BFF0C6BA-58E7-5E51-8B65-89EA6717CABC:b'run-parts --lsbsysinit /etc/update-motd.d':0,CLONE,D5CA68BB-E581-5534-A713-74854A66FDCD,b'/bin/sh -e /usr/lib/update-notifier/update-motd-updates-available':0,ta1-theia-1
1557759292.453:96,BFF0C6BA-58E7-5E51-8B65-89EA6717CABC:b'run-parts --lsbsysinit /etc/update-motd.d':0,CLONE,8357681C-6A44-5E85-A680-8ED1301868D8,b'/bin/sh -e /usr/lib/update-notifier/update-motd-updates-available':0,ta1-theia-1
1557759292.447:92,BFF0C6BA-58E7-5E51-8B65-89EA6717CABC:b'run-parts --lsbsysinit /etc/update-motd.d':0,CLONE,D9A8B6A9-EA0E-5730-9018-13804471198E,b'/bin/sh -e /usr/lib/update-notifier/update-motd-updates-available':0,ta1-theia-1
1557759292.445:88,BFF0C6BA-58E7-5E51-8B65-89EA6717CABC:b'run-parts --lsbsysinit /etc/update-motd.d':0,CLONE,98BD3C11-7362-5F82-849C-A41318175D6D,b'/bin/sh -e /usr/lib/update-notifier/update-motd-updates-available':0,ta1-theia-1
1557759292.439:84,BFF0C6BA-58E7-5E51-8B65-89EA6717CABC:b'run-parts --lsbsysinit /etc/update-motd.d':0,CLONE,FC9B0C94-3E83-5079-BABF-F9B224605E02,b'/bin/sh -e /usr/lib/update-notifier/update-motd-updates-available':0,ta1-theia-1
1557759292.437:80,BFF0C6BA-58E7-5E51-8B65-89EA6717CABC:b'run-parts --lsbsysinit /etc/update-motd.d':0,CLONE,2001BEDE-9597-5C32-961D-642CAFE0D792,b'/bin/sh -e /usr/lib/update-notifier/update-motd-updates-available':0,ta1-theia-1
1557759292.431:76,BFF0C6BA-58E7-5E51-8B65-89EA6717CABC:b'run-parts --lsbsysinit /etc/update-motd.d':0,CLONE,186F6CB6-B543-514C-8185-168A60E6C633,b'/bin/sh -e /usr/lib/update-notifier/update-motd-updates-available':0,ta1-theia-1
1557759292.429:72,BFF0C6BA-58E7-5E51-8B65-89EA6717CABC:b'run-parts --lsbsysinit /etc/update-motd.d':0,CLONE,6200B69C-1624-5F44-B0B8-04748690E250,b'/bin/sh -e /usr/lib/update-notifier/update-motd-updates-available':0,ta1-theia-1
1557759292.419:68,BFF0C6BA-58E7-5E51-8B65-89EA6717CABC:b'run-parts --lsbsysinit /etc/update-motd.d':0,CLONE,CE0A1DA9-9205-5770-B408-64D9712C7C55,b'/bin/sh -e /usr/lib/update-notifier/update-motd-updates-available':0,ta1-theia-1
1557759292.418:64,BFF0C6BA-58E7-5E51-8B65-89EA6717CABC:b'run-parts --lsbsysinit /etc/update-motd.d':0,CLONE,4409ED6F-11A4-5D60-B7C6-ECCF2F22F8A6,b'/bin/sh -e /usr/lib/update-notifier/update-motd-updates-available':0,ta1-theia-1
1557759292.410:60,BFF0C6BA-58E7-5E51-8B65-89EA6717CABC:b'run-parts --lsbsysinit /etc/update-motd.d':0,CLONE,773FD245-8BEC-5ACD-A582-E3F07A0B1984,b'/bin/sh -e /usr/lib/update-notifier/update-motd-updates-available':0,ta1-theia-1
1557759292.409:56,BFF0C6BA-58E7-5E51-8B65-89EA6717CABC:b'run-parts --lsbsysinit /etc/update-motd.d':0,CLONE,BCB1B59E-FD81-55A1-8D3B-9559603DC628,b'/bin/sh -e /usr/lib/update-notifier/update-motd-updates-available':0,ta1-theia-1
1557759292.398:52,BFF0C6BA-58E7-5E51-8B65-89EA6717CABC:b'run-parts --lsbsysinit /etc/update-motd.d':0,CLONE,FA1429D8-07A1-501C-9B1C-44F98FC8C871,b'/bin/sh -e /usr/lib/update-notifier/update-motd-updates-available':0,ta1-theia-1
1557759292.397:48,BFF0C6BA-58E7-5E51-8B65-89EA6717CABC:b'run-parts --lsbsysinit /etc/update-motd.d':0,CLONE,EF9E3923-0CB0-5E99-A55B-F3D5ABFF422A,b'/bin/sh -e /usr/lib/update-notifier/update-motd-updates-available':0,ta1-theia-1
1557759292.388:105,5A8A684C-24B5-5F73-A6D8-1CE4CB225CDB:b'/bin/sh -e /usr/lib/update-notifier/update-motd-updates-available':0,CLONE,508AEA69-1843-5758-9A65-57D18F453346,b'apt-config shell ListDir Dir::State::Lists':0,ta1-theia-1
1557759292.385:43,BFF0C6BA-58E7-5E51-8B65-89EA6717CABC:b'run-parts --lsbsysinit /etc/update-motd.d':0,CLONE,5A8A684C-24B5-5F73-A6D8-1CE4CB225CDB,b'/bin/sh -e /usr/lib/update-notifier/update-motd-updates-available':0,ta1-theia-1
1557759292.375:105,E52A9C05-CACA-5669-801F-2A9FC50FA4B9:b'/bin/sh -e /usr/lib/update-notifier/update-motd-updates-available':0,CLONE,1D242A75-A124-50D6-8476-2F01E04A56F5,b'apt-config shell StateDir Dir::State':0,ta1-theia-1
1557759292.363:39,BFF0C6BA-58E7-5E51-8B65-89EA6717CABC:b'run-parts --lsbsysinit /etc/update-motd.d':0,CLONE,E52A9C05-CACA-5669-801F-2A9FC50FA4B9,b'/bin/sh -e /usr/lib/update-notifier/update-motd-updates-available':0,ta1-theia-1
1557759292.362:35,BFF0C6BA-58E7-5E51-8B65-89EA6717CABC:b'run-parts --lsbsysinit /etc/update-motd.d':0,CLONE,B8A527B9-0380-54AE-88E5-A7915A070AAF,b'/bin/sh -e /usr/lib/update-notifier/update-motd-updates-available':0,ta1-theia-1
1557759292.358:30,CF01AA01-E99A-5691-BF91-6653A7326368:b'sh -c /usr/bin/env -i PATH=/usr/local/sbin:/usr/local/bin:/usr/sbin:/usr/bin:/sbin:/bin run-parts --lsbsysinit /etc/update-motd.d > /var/run/motd.new':0,CLONE,BFF0C6BA-58E7-5E51-8B65-89EA6717CABC,b'run-parts --lsbsysinit /etc/update-motd.d':0,ta1-theia-1
1557759292.274:4,0E43305B-8BE4-51FD-9DB8-A42346EAA06F:b'/usr/bin/python /usr/bin/landscape-sysinfo':0,EXECUTE,0100D00F-C326-0C00-0000-0000B790005A,/usr/bin/who:0,ta1-theia-1
1557759292.270:5035,E7575E1B-2B4C-5AE2-853F-2CF3BF7C3793:b'/bin/sh /etc/update-motd.d/50-landscape-sysinfo':0,CLONE,0E43305B-8BE4-51FD-9DB8-A42346EAA06F,b'/usr/bin/python /usr/bin/landscape-sysinfo':0,ta1-theia-1
1557759292.149:1903,E7575E1B-2B4C-5AE2-853F-2CF3BF7C3793:b'/bin/sh /etc/update-motd.d/50-landscape-sysinfo':0,CLONE,CE13E4B5-DF31-5453-9193-A08155C49A9D,b'/usr/bin/python /usr/bin/landscape-sysinfo':0,ta1-theia-1
1557759292.106:16,6F7582C2-2973-5924-83B8-5ADBC121DFB0:b'/usr/bin/python /usr/bin/landscape-sysinfo':0,CLONE,218021C7-F3FC-5AC0-9818-CED4EABFB9E2,b'sh -c /sbin/ldconfig -p 2>/dev/null':0,ta1-theia-1
1557759292.106:1732,E7575E1B-2B4C-5AE2-853F-2CF3BF7C3793:b'/bin/sh /etc/update-motd.d/50-landscape-sysinfo':0,CLONE,6F7582C2-2973-5924-83B8-5ADBC121DFB0,b'/usr/bin/python /usr/bin/landscape-sysinfo':0,ta1-theia-1
1557759292.096:16,15E60A4A-6E3C-5488-8AB8-3BF198538653:b'/usr/bin/python /usr/bin/landscape-sysinfo':0,CLONE,F0CDD3B8-046D-536A-A593-6A92136BA18E,b'sh -c /sbin/ldconfig -p 2>/dev/null':0,ta1-theia-1
1557759292.096:1707,E7575E1B-2B4C-5AE2-853F-2CF3BF7C3793:b'/bin/sh /etc/update-motd.d/50-landscape-sysinfo':0,CLONE,15E60A4A-6E3C-5488-8AB8-3BF198538653,b'/usr/bin/python /usr/bin/landscape-sysinfo':0,ta1-theia-1
1557759291.929:29,7768678A-AD19-58DF-9BFF-64EC60E9E6E9:b'run-parts --lsbsysinit /etc/update-motd.d':0,CLONE,E7575E1B-2B4C-5AE2-853F-2CF3BF7C3793,b'/bin/sh /etc/update-motd.d/50-landscape-sysinfo':0,ta1-theia-1
1557759291.926:27,7768678A-AD19-58DF-9BFF-64EC60E9E6E9:b'run-parts --lsbsysinit /etc/update-motd.d':0,CLONE,691E5B5D-BE8C-5667-8C3D-3EA0CF51A710,b'/bin/sh /etc/update-motd.d/50-landscape-sysinfo':0,ta1-theia-1
1557759291.911:1,7E9668D7-41BC-57A6-9DD8-5106F83A5489:b'/bin/sh /etc/update-motd.d/50-landscape-sysinfo':0,CLONE,26F6081D-07D4-5501-8ED4-BC58E2E73162,b'/bin/sh /etc/update-motd.d/50-landscape-sysinfo':0,ta1-theia-1
1557759291.908:2,F825CD82-7B06-5385-BDD9-C2227DF4990E:b'/bin/sh /etc/update-motd.d/50-landscape-sysinfo':0,CLONE,B6CDFD24-8DE5-53A8-8E1A-68576D6A0D43,b'/bin/sh /etc/update-motd.d/50-landscape-sysinfo':0,ta1-theia-1
1557759291.908:1,F825CD82-7B06-5385-BDD9-C2227DF4990E:b'/bin/sh /etc/update-motd.d/50-landscape-sysinfo':0,CLONE,7E9668D7-41BC-57A6-9DD8-5106F83A5489,b'/bin/sh /etc/update-motd.d/50-landscape-sysinfo':0,ta1-theia-1
1557759291.907:22,7768678A-AD19-58DF-9BFF-64EC60E9E6E9:b'run-parts --lsbsysinit /etc/update-motd.d':0,CLONE,F825CD82-7B06-5385-BDD9-C2227DF4990E,b'/bin/sh /etc/update-motd.d/50-landscape-sysinfo':0,ta1-theia-1
1557759291.896:18,7768678A-AD19-58DF-9BFF-64EC60E9E6E9:b'run-parts --lsbsysinit /etc/update-motd.d':0,CLONE,A60C0B52-8E51-5BB2-8A7A-0EA4BF1B3188,b'/bin/sh /etc/update-motd.d/50-landscape-sysinfo':0,ta1-theia-1
1557759291.895:29,CF01AA01-E99A-5691-BF91-6653A7326368:b'sh -c /usr/bin/env -i PATH=/usr/local/sbin:/usr/local/bin:/usr/sbin:/usr/bin:/sbin:/bin run-parts --lsbsysinit /etc/update-motd.d > /var/run/motd.new':0,CLONE,7768678A-AD19-58DF-9BFF-64EC60E9E6E9,b'run-parts --lsbsysinit /etc/update-motd.d':0,ta1-theia-1
1557759291.886:24,CAFAB801-3F9C-502A-880E-7CEA8C451221:b'run-parts --lsbsysinit /etc/update-motd.d':0,CLONE,8E157C3B-AD0C-5EC4-BE00-C5AE659D7312,b'/bin/sh /etc/update-motd.d/10-help-text':0,ta1-theia-1
1557759291.886:23,CAFAB801-3F9C-502A-880E-7CEA8C451221:b'run-parts --lsbsysinit /etc/update-motd.d':0,CLONE,6D07A50A-7446-5638-B239-BEE960A3FC7B,b'/bin/sh /etc/update-motd.d/10-help-text':0,ta1-theia-1
1557759291.885:28,CF01AA01-E99A-5691-BF91-6653A7326368:b'sh -c /usr/bin/env -i PATH=/usr/local/sbin:/usr/local/bin:/usr/sbin:/usr/bin:/sbin:/bin run-parts --lsbsysinit /etc/update-motd.d > /var/run/motd.new':0,CLONE,CAFAB801-3F9C-502A-880E-7CEA8C451221,b'run-parts --lsbsysinit /etc/update-motd.d':0,ta1-theia-1
1557759291.877:31,B64DEF01-324F-51A8-8218-44839691AD4C:b'run-parts --lsbsysinit /etc/update-motd.d':0,CLONE,0E993CED-E2AF-588C-AC1A-D96CFF7B7670,b'/bin/sh /etc/update-motd.d/00-header':0,ta1-theia-1
1557759291.870:27,B64DEF01-324F-51A8-8218-44839691AD4C:b'run-parts --lsbsysinit /etc/update-motd.d':0,CLONE,D4A8A846-9F45-56F7-BDC2-AED3BEFD60E7,b'/bin/sh /etc/update-motd.d/00-header':0,ta1-theia-1
1557759291.869:23,B64DEF01-324F-51A8-8218-44839691AD4C:b'run-parts --lsbsysinit /etc/update-motd.d':0,CLONE,8DAF52AA-E911-5013-98E5-4E600EB210C7,b'/bin/sh /etc/update-motd.d/00-header':0,ta1-theia-1
1557759291.857:27,CF01AA01-E99A-5691-BF91-6653A7326368:b'sh -c /usr/bin/env -i PATH=/usr/local/sbin:/usr/local/bin:/usr/sbin:/usr/bin:/sbin:/bin run-parts --lsbsysinit /etc/update-motd.d > /var/run/motd.new':0,CLONE,B64DEF01-324F-51A8-8218-44839691AD4C,b'run-parts --lsbsysinit /etc/update-motd.d':0,ta1-theia-1
1557759291.855:16,2D971CC2-C19A-532D-897F-94257581E0D5:b'sshd: admin [priv]  ':0,CLONE,CF01AA01-E99A-5691-BF91-6653A7326368,b'sh -c /usr/bin/env -i PATH=/usr/local/sbin:/usr/local/bin:/usr/sbin:/usr/bin:/sbin:/bin run-parts --lsbsysinit /etc/update-motd.d > /var/run/motd.new':0,ta1-theia-1
1557759291.854:538,FA51D31A-93F1-5930-A34D-66C75090DCDA:b'/usr/sbin/sshd -D':0,CLONE,2D971CC2-C19A-532D-897F-94257581E0D5,b'sshd: admin [priv]  ':0,ta1-theia-1
1557759291.054:293,FA51D31A-93F1-5930-A34D-66C75090DCDA:b'/usr/sbin/sshd -D':0,READ,0100D00F-0B00-5800-0000-0000678E005A,/etc/hosts:0,ta1-theia-1
1557759291.054:292,FA51D31A-93F1-5930-A34D-66C75090DCDA:b'/usr/sbin/sshd -D':0,READ,0100D00F-0B00-5800-0000-0000678E005A,/etc/hosts:0,ta1-theia-1
1557759291.053:283,FA51D31A-93F1-5930-A34D-66C75090DCDA:b'/usr/sbin/sshd -D':0,READ,0100D00F-0B00-5800-0000-0000678E005A,/etc/hosts:0,ta1-theia-1
1557759290.889:258,FA51D31A-93F1-5930-A34D-66C75090DCDA:b'/usr/sbin/sshd -D':0,CLONE,3CBC709B-6BE6-5CC6-873C-850B6B41FE89,b'sshd: [accepted]    ':0,ta1-theia-1
1557759289.924:5387,84053D48-9767-59AE-A797-BAC5E4ED3368:null:null,CLONE,FA51D31A-93F1-5930-A34D-66C75090DCDA,b'/usr/sbin/sshd -D':0,ta1-theia-1
1557759260.657:530037,CC7C9A7F-4BD4-5E0F-88B4-3EA111554703:null:null,READ,0100D00F-0B00-5800-0000-0000678E005A,/etc/hosts:0,ta1-theia-1
1557759260.657:530036,CC7C9A7F-4BD4-5E0F-88B4-3EA111554703:null:null,READ,0100D00F-0B00-5800-0000-0000678E005A,/etc/hosts:0,ta1-theia-1
1557759251.655:529992,CC7C9A7F-4BD4-5E0F-88B4-3EA111554703:null:null,READ,0100D00F-0B00-5800-0000-0000678E005A,/etc/hosts:0,ta1-theia-1
1557759251.655:529991,CC7C9A7F-4BD4-5E0F-88B4-3EA111554703:null:null,READ,0100D00F-0B00-5800-0000-0000678E005A,/etc/hosts:0,ta1-theia-1
1557759244.930:529955,CC7C9A7F-4BD4-5E0F-88B4-3EA111554703:null:null,READ,0100D00F-0B00-5800-0000-0000678E005A,/etc/hosts:0,ta1-theia-1
1557759244.930:529954,CC7C9A7F-4BD4-5E0F-88B4-3EA111554703:null:null,READ,0100D00F-0B00-5800-0000-0000678E005A,/etc/hosts:0,ta1-theia-1
1557759221.655:529930,CC7C9A7F-4BD4-5E0F-88B4-3EA111554703:null:null,READ,0100D00F-0B00-5800-0000-0000678E005A,/etc/hosts:0,ta1-theia-1
1557759221.655:529929,CC7C9A7F-4BD4-5E0F-88B4-3EA111554703:null:null,READ,0100D00F-0B00-5800-0000-0000678E005A,/etc/hosts:0,ta1-theia-1
1557759214.914:529894,CC7C9A7F-4BD4-5E0F-88B4-3EA111554703:null:null,READ,0100D00F-0B00-5800-0000-0000678E005A,/etc/hosts:0,ta1-theia-1
1557759214.914:529893,CC7C9A7F-4BD4-5E0F-88B4-3EA111554703:null:null,READ,0100D00F-0B00-5800-0000-0000678E005A,/etc/hosts:0,ta1-theia-1
1557759196.658:529864,CC7C9A7F-4BD4-5E0F-88B4-3EA111554703:null:null,READ,0100D00F-0B00-5800-0000-0000678E005A,/etc/hosts:0,ta1-theia-1
1557759196.658:529863,CC7C9A7F-4BD4-5E0F-88B4-3EA111554703:null:null,READ,0100D00F-0B00-5800-0000-0000678E005A,/etc/hosts:0,ta1-theia-1
1557759187.655:529823,CC7C9A7F-4BD4-5E0F-88B4-3EA111554703:null:null,READ,0100D00F-0B00-5800-0000-0000678E005A,/etc/hosts:0,ta1-theia-1
1557759187.655:529822,CC7C9A7F-4BD4-5E0F-88B4-3EA111554703:null:null,READ,0100D00F-0B00-5800-0000-0000678E005A,/etc/hosts:0,ta1-theia-1
1557759182.105:529788,CC7C9A7F-4BD4-5E0F-88B4-3EA111554703:null:null,READ,0100D00F-0B00-5800-0000-0000678E005A,/etc/hosts:0,ta1-theia-1
1557759182.105:529787,CC7C9A7F-4BD4-5E0F-88B4-3EA111554703:null:null,READ,0100D00F-0B00-5800-0000-0000678E005A,/etc/hosts:0,ta1-theia-1
1557759162.654:529747,CC7C9A7F-4BD4-5E0F-88B4-3EA111554703:null:null,READ,0100D00F-0B00-5800-0000-0000678E005A,/etc/hosts:0,ta1-theia-1
1557759162.654:529746,CC7C9A7F-4BD4-5E0F-88B4-3EA111554703:null:null,READ,0100D00F-0B00-5800-0000-0000678E005A,/etc/hosts:0,ta1-theia-1
1557759154.946:529711,CC7C9A7F-4BD4-5E0F-88B4-3EA111554703:null:null,READ,0100D00F-0B00-5800-0000-0000678E005A,/etc/hosts:0,ta1-theia-1
1557759154.946:529710,CC7C9A7F-4BD4-5E0F-88B4-3EA111554703:null:null,READ,0100D00F-0B00-5800-0000-0000678E005A,/etc/hosts:0,ta1-theia-1
1557759133.656:529681,CC7C9A7F-4BD4-5E0F-88B4-3EA111554703:null:null,READ,0100D00F-0B00-5800-0000-0000678E005A,/etc/hosts:0,ta1-theia-1
1557759133.656:529680,CC7C9A7F-4BD4-5E0F-88B4-3EA111554703:null:null,READ,0100D00F-0B00-5800-0000-0000678E005A,/etc/hosts:0,ta1-theia-1
1557759129.431:12231,46078961-0D32-5BEA-824A-C1A2757438D4:b'sshd: admin@pts/0   ':1003,CLONE,7596F985-0679-5A90-BB2F-56EBAB0C4B2D,b'-bash':1003,ta1-theia-1
1557759126.329:12204,46078961-0D32-5BEA-824A-C1A2757438D4:b'sshd: admin@pts/0   ':1003,CLONE,D1997F1F-5793-5009-8FB1-AC0D5DEB5902,b'-bash':1003,ta1-theia-1
1557759125.227:12172,46078961-0D32-5BEA-824A-C1A2757438D4:b'sshd: admin@pts/0   ':1003,CLONE,8A09618E-B988-599B-A7E7-7AFB170A3837,b'-bash':1003,ta1-theia-1
1557759124.866:529640,CC7C9A7F-4BD4-5E0F-88B4-3EA111554703:null:null,READ,0100D00F-0B00-5800-0000-0000678E005A,/etc/hosts:0,ta1-theia-1
1557759124.866:529639,CC7C9A7F-4BD4-5E0F-88B4-3EA111554703:null:null,READ,0100D00F-0B00-5800-0000-0000678E005A,/etc/hosts:0,ta1-theia-1
1557759124.121:12152,46078961-0D32-5BEA-824A-C1A2757438D4:b'sshd: admin@pts/0   ':1003,CLONE,0E93673A-864C-5169-B521-718DA3419EE5,b'-bash':1003,ta1-theia-1
1557759123.021:2,C26178A6-D0CD-5F5F-B3EE-F980C46706AD:b'-bash':1003,EXECUTE,0100D00F-2C00-3200-0000-0000BD90005A,/bin/ps:0,ta1-theia-1
1557759123.020:12120,46078961-0D32-5BEA-824A-C1A2757438D4:b'sshd: admin@pts/0   ':1003,CLONE,C26178A6-D0CD-5F5F-B3EE-F980C46706AD,b'-bash':1003,ta1-theia-1
1557759120.917:12090,46078961-0D32-5BEA-824A-C1A2757438D4:b'sshd: admin@pts/0   ':1003,CLONE,D76A8584-B80E-54EB-A424-759F5DAF0869,b'-bash':1003,ta1-theia-1
1557759118.813:12058,46078961-0D32-5BEA-824A-C1A2757438D4:b'sshd: admin@pts/0   ':1003,CLONE,96DCFCF3-BD88-5750-BB29-C2EFD308ADF9,b'-bash':1003,ta1-theia-1
1557759116.681:12026,46078961-0D32-5BEA-824A-C1A2757438D4:b'sshd: admin@pts/0   ':1003,CLONE,A004834E-768F-53CF-A0F7-1C4E9D678E1F,b'-bash':1003,ta1-theia-1
1557759116.586:2,AD24F766-9680-5FE8-BBC0-A4B84C4DB5B6:b'-bash':1003,CLONE,92C7CABC-18C3-59A4-9AA8-B5BE57FFE059,b'-bash':1003,ta1-theia-1
1557759116.586:1,AD24F766-9680-5FE8-BBC0-A4B84C4DB5B6:b'-bash':1003,CLONE,5CFEEC14-F240-551F-8F99-89DE3233CEA8,b'-bash':1003,ta1-theia-1
1557759116.585:8229,46078961-0D32-5BEA-824A-C1A2757438D4:b'sshd: admin@pts/0   ':1003,CLONE,AD24F766-9680-5FE8-BBC0-A4B84C4DB5B6,b'-bash':1003,ta1-theia-1
1557759116.578:2,E56C145A-F43F-5CA7-A9AB-019C6F70F571:b'-bash':1003,CLONE,3D7C3D09-ED98-59FC-9DAA-A4F242F25BD9,b'-bash':1003,ta1-theia-1
1557759116.578:1,E56C145A-F43F-5CA7-A9AB-019C6F70F571:b'-bash':1003,CLONE,45AA43AA-2027-5E7F-8DDF-98DBB2A69FA6,b'-bash':1003,ta1-theia-1
1557759116.577:8214,46078961-0D32-5BEA-824A-C1A2757438D4:b'sshd: admin@pts/0   ':1003,CLONE,E56C145A-F43F-5CA7-A9AB-019C6F70F571,b'-bash':1003,ta1-theia-1
1557759116.564:2,E4501373-8CE8-5376-BC41-11EB3AEAD6CB:b'-bash':1003,CLONE,E8E6FD44-E096-52E8-AF0B-BDAA0682E21D,b'-bash':1003,ta1-theia-1
1557759116.564:1,E4501373-8CE8-5376-BC41-11EB3AEAD6CB:b'-bash':1003,CLONE,EB01C45E-A101-5CEF-BBFD-FDF7FC434D3D,b'-bash':1003,ta1-theia-1
1557759116.563:8199,46078961-0D32-5BEA-824A-C1A2757438D4:b'sshd: admin@pts/0   ':1003,CLONE,E4501373-8CE8-5376-BC41-11EB3AEAD6CB,b'-bash':1003,ta1-theia-1
1557759116.555:2,CF1D449F-38CC-596E-ADBD-707BC45D0C75:b'-bash':1003,CLONE,D75A211D-CB59-5371-96BE-183D68CACE71,b'-bash':1003,ta1-theia-1
1557759116.555:1,CF1D449F-38CC-596E-ADBD-707BC45D0C75:b'-bash':1003,CLONE,201FA3DC-3807-56C4-B807-C4968F5969C8,b'-bash':1003,ta1-theia-1
1557759116.554:8184,46078961-0D32-5BEA-824A-C1A2757438D4:b'sshd: admin@pts/0   ':1003,CLONE,CF1D449F-38CC-596E-ADBD-707BC45D0C75,b'-bash':1003,ta1-theia-1
1557759116.546:2,968A545A-9574-5774-8736-CEAF821BA64E:b'-bash':1003,CLONE,42B6AE47-9770-5DE9-9827-4FF536AD151D,b'-bash':1003,ta1-theia-1
1557759116.545:1,968A545A-9574-5774-8736-CEAF821BA64E:b'-bash':1003,CLONE,F3CF13A0-7936-59A8-9611-2A077A1C94B6,b'-bash':1003,ta1-theia-1
1557759116.544:8169,46078961-0D32-5BEA-824A-C1A2757438D4:b'sshd: admin@pts/0   ':1003,CLONE,968A545A-9574-5774-8736-CEAF821BA64E,b'-bash':1003,ta1-theia-1
1557759116.536:2,6EEE28A5-931A-508B-914E-34F781878F04:b'-bash':1003,CLONE,772D72B9-5009-5DAB-BBB4-6CB91F8C3785,b'-bash':1003,ta1-theia-1
1557759116.535:1,6EEE28A5-931A-508B-914E-34F781878F04:b'-bash':1003,CLONE,D57953CF-23F5-5D13-8D07-ABF1DC460396,b'-bash':1003,ta1-theia-1
1557759116.535:8154,46078961-0D32-5BEA-824A-C1A2757438D4:b'sshd: admin@pts/0   ':1003,CLONE,6EEE28A5-931A-508B-914E-34F781878F04,b'-bash':1003,ta1-theia-1
1557759116.512:529610,CC7C9A7F-4BD4-5E0F-88B4-3EA111554703:null:null,READ,0100D00F-0B00-5800-0000-0000678E005A,/etc/hosts:0,ta1-theia-1
1557759116.512:529609,CC7C9A7F-4BD4-5E0F-88B4-3EA111554703:null:null,READ,0100D00F-0B00-5800-0000-0000678E005A,/etc/hosts:0,ta1-theia-1
1557759116.302:2,F638DB20-6C55-5AA3-8EF6-2D1E4B3EFB4E:b'-bash':1003,CLONE,C7783175-1F07-526E-AA46-11C4AD83F269,b'-bash':1003,ta1-theia-1
1557759116.302:1,F638DB20-6C55-5AA3-8EF6-2D1E4B3EFB4E:b'-bash':1003,CLONE,2333B8B9-085F-5767-955F-F79F68007390,b'-bash':1003,ta1-theia-1
1557759116.302:8139,46078961-0D32-5BEA-824A-C1A2757438D4:b'sshd: admin@pts/0   ':1003,CLONE,F638DB20-6C55-5AA3-8EF6-2D1E4B3EFB4E,b'-bash':1003,ta1-theia-1
1557759116.300:2,8E606DE1-5469-5DA0-AE9D-467EE8D16A79:b'-bash':1003,CLONE,D0479D11-7C5C-5E13-AAAD-A921380DD7F0,b'-bash':1003,ta1-theia-1
1557759116.300:1,8E606DE1-5469-5DA0-AE9D-467EE8D16A79:b'-bash':1003,CLONE,180A06F2-D2D4-568C-9650-2392BC77AF04,b'-bash':1003,ta1-theia-1
1557759116.299:8124,46078961-0D32-5BEA-824A-C1A2757438D4:b'sshd: admin@pts/0   ':1003,CLONE,8E606DE1-5469-5DA0-AE9D-467EE8D16A79,b'-bash':1003,ta1-theia-1
1557759116.297:2,B50CC84F-A641-53E3-B5E3-05593E254CE1:b'-bash':1003,CLONE,0A97CC18-5392-5C36-A037-AD8C890B4C8A,b'-bash':1003,ta1-theia-1
1557759116.297:1,B50CC84F-A641-53E3-B5E3-05593E254CE1:b'-bash':1003,CLONE,8139F850-F26F-5503-92B3-C900254E3A2F,b'-bash':1003,ta1-theia-1
1557759116.297:8109,46078961-0D32-5BEA-824A-C1A2757438D4:b'sshd: admin@pts/0   ':1003,CLONE,B50CC84F-A641-53E3-B5E3-05593E254CE1,b'-bash':1003,ta1-theia-1
1557759116.289:2,621880B9-5079-54BF-9C97-3792334F4337:b'-bash':1003,CLONE,C2AD2B38-4160-5F9B-B938-4763BF4D8790,b'-bash':1003,ta1-theia-1
1557759116.289:1,621880B9-5079-54BF-9C97-3792334F4337:b'-bash':1003,CLONE,5847BBBA-9050-5B9D-9967-E8EA92CEFADB,b'-bash':1003,ta1-theia-1
1557759116.289:8094,46078961-0D32-5BEA-824A-C1A2757438D4:b'sshd: admin@pts/0   ':1003,CLONE,621880B9-5079-54BF-9C97-3792334F4337,b'-bash':1003,ta1-theia-1
1557759116.282:2,864FD8E3-3CE2-542F-B2DB-DF5DFE863C7C:b'-bash':1003,CLONE,269D0202-285B-5C07-9C4B-9DBC9D5DC36D,b'-bash':1003,ta1-theia-1
1557759116.282:1,864FD8E3-3CE2-542F-B2DB-DF5DFE863C7C:b'-bash':1003,CLONE,CC1D3284-C615-52B9-A495-20F65A5502D7,b'-bash':1003,ta1-theia-1
1557759116.281:8079,46078961-0D32-5BEA-824A-C1A2757438D4:b'sshd: admin@pts/0   ':1003,CLONE,864FD8E3-3CE2-542F-B2DB-DF5DFE863C7C,b'-bash':1003,ta1-theia-1
1557759116.279:2,C4951738-08FD-5AA6-9E2F-753326404B27:b'-bash':1003,CLONE,493870DD-14D6-530F-934F-B2806AF71F37,b'-bash':1003,ta1-theia-1
1557759116.279:1,C4951738-08FD-5AA6-9E2F-753326404B27:b'-bash':1003,CLONE,C0FF7803-CC10-51F8-90B1-148DDEC7EBEE,b'-bash':1003,ta1-theia-1
1557759116.279:8064,46078961-0D32-5BEA-824A-C1A2757438D4:b'sshd: admin@pts/0   ':1003,CLONE,C4951738-08FD-5AA6-9E2F-753326404B27,b'-bash':1003,ta1-theia-1
1557759116.276:7980,46078961-0D32-5BEA-824A-C1A2757438D4:b'sshd: admin@pts/0   ':1003,CLONE,2CB3A032-23CE-5698-B041-A3C7887832D6,b'-bash':1003,ta1-theia-1
1557759116.248:0,A2A86A6D-3B56-5878-94DF-45635080951A:b'-bash':1003,CLONE,64990058-4E9B-5756-9248-0B10EB5EC671,b'-bash':1003,ta1-theia-1
1557759116.248:6943,46078961-0D32-5BEA-824A-C1A2757438D4:b'sshd: admin@pts/0   ':1003,CLONE,A2A86A6D-3B56-5878-94DF-45635080951A,b'-bash':1003,ta1-theia-1
1557759116.202:2,DF1BDBF1-D7DD-5369-88FB-9A48A784EC04:b'-bash':1003,CLONE,603BA1D9-B519-594C-A5A6-B99F4AF3E185,b'-bash':1003,ta1-theia-1
1557759116.202:1,DF1BDBF1-D7DD-5369-88FB-9A48A784EC04:b'-bash':1003,CLONE,8BE4F35D-61F0-5718-9BB0-E9761D64C4E3,b'-bash':1003,ta1-theia-1
1557759116.202:6932,46078961-0D32-5BEA-824A-C1A2757438D4:b'sshd: admin@pts/0   ':1003,CLONE,DF1BDBF1-D7DD-5369-88FB-9A48A784EC04,b'-bash':1003,ta1-theia-1
1557759116.178:0,98471F41-4A0B-59C1-A9B1-9080117F7167:b'-bash':1003,CLONE,70273498-3A50-57BA-966A-1D7B54CC9CB4,b'-bash':1003,ta1-theia-1
1557759116.177:6070,46078961-0D32-5BEA-824A-C1A2757438D4:b'sshd: admin@pts/0   ':1003,CLONE,98471F41-4A0B-59C1-A9B1-9080117F7167,b'-bash':1003,ta1-theia-1
1557759116.162:0,25CD47EF-1CB7-5F8E-9AD8-B08BC8A849AA:b'-bash':1003,CLONE,296DE401-4466-538A-BFB5-33C768982307,b'-bash':1003,ta1-theia-1
1557759116.162:6054,46078961-0D32-5BEA-824A-C1A2757438D4:b'sshd: admin@pts/0   ':1003,CLONE,25CD47EF-1CB7-5F8E-9AD8-B08BC8A849AA,b'-bash':1003,ta1-theia-1
1557759116.150:1,82DA3744-C624-58EE-99DD-8C1C0D2253AF:b'/bin/sh /usr/bin/lesspipe':1003,CLONE,D99BD444-A486-5396-981E-D2161617F2C7,b'/bin/sh /usr/bin/lesspipe':1003,ta1-theia-1
1557759116.150:22,3928D5CD-8CFA-51E1-96EA-EE4253593C64:b'-bash':1003,CLONE,82DA3744-C624-58EE-99DD-8C1C0D2253AF,b'/bin/sh /usr/bin/lesspipe':1003,ta1-theia-1
1557759116.149:18,3928D5CD-8CFA-51E1-96EA-EE4253593C64:b'-bash':1003,CLONE,396B75F8-9083-5286-9FAF-1584EE5287E6,b'/bin/sh /usr/bin/lesspipe':1003,ta1-theia-1
1557759116.148:0,7DEC1242-AEC0-5BE8-9A5E-9550D0A74B10:b'-bash':1003,CLONE,3928D5CD-8CFA-51E1-96EA-EE4253593C64,b'-bash':1003,ta1-theia-1
1557759116.148:6050,46078961-0D32-5BEA-824A-C1A2757438D4:b'sshd: admin@pts/0   ':1003,CLONE,7DEC1242-AEC0-5BE8-9A5E-9550D0A74B10,b'-bash':1003,ta1-theia-1
1557759116.053:2,2352583A-C6DD-58C8-95DF-FDE3FA7D570E:b'-bash':1003,CLONE,D5FB593E-2EFB-549C-8F07-AAB24BA2A143,b'-bash':1003,ta1-theia-1
1557759116.053:1,2352583A-C6DD-58C8-95DF-FDE3FA7D570E:b'-bash':1003,CLONE,E781ECB1-547E-5C86-BFF0-FBE4EA940A11,b'-bash':1003,ta1-theia-1
1557759116.053:2287,46078961-0D32-5BEA-824A-C1A2757438D4:b'sshd: admin@pts/0   ':1003,CLONE,2352583A-C6DD-58C8-95DF-FDE3FA7D570E,b'-bash':1003,ta1-theia-1
1557759116.040:2,CA7499DC-CCC4-59A4-9B9E-42DD393F7D82:b'-bash':1003,CLONE,5E70B4A0-6CE1-557E-9D1D-9BCE48770CA3,b'-bash':1003,ta1-theia-1
1557759116.040:1,CA7499DC-CCC4-59A4-9B9E-42DD393F7D82:b'-bash':1003,CLONE,5BA12797-B454-53E8-B62F-E44ADD5F3579,b'-bash':1003,ta1-theia-1
1557759116.040:2272,46078961-0D32-5BEA-824A-C1A2757438D4:b'sshd: admin@pts/0   ':1003,CLONE,CA7499DC-CCC4-59A4-9B9E-42DD393F7D82,b'-bash':1003,ta1-theia-1
1557759116.037:2,2460F5A7-1A76-57EF-9A83-B113E3711AEF:b'-bash':1003,CLONE,48294743-7069-5000-A7DA-83C11B120983,b'-bash':1003,ta1-theia-1
1557759116.037:1,2460F5A7-1A76-57EF-9A83-B113E3711AEF:b'-bash':1003,CLONE,E96CF78C-91E7-5DA8-B24B-6B5A7B444F82,b'-bash':1003,ta1-theia-1
1557759116.037:2257,46078961-0D32-5BEA-824A-C1A2757438D4:b'sshd: admin@pts/0   ':1003,CLONE,2460F5A7-1A76-57EF-9A83-B113E3711AEF,b'-bash':1003,ta1-theia-1
1557759116.023:2,F8B4D341-5ED2-5AF9-875A-478051046829:b'-bash':1003,CLONE,E1CCBB9B-E6D6-57F8-8D1B-0424FDAA91CE,b'-bash':1003,ta1-theia-1
1557759116.023:1,F8B4D341-5ED2-5AF9-875A-478051046829:b'-bash':1003,CLONE,A75D2EBC-9DEB-5742-9B04-D3CFE1FF91E9,b'-bash':1003,ta1-theia-1
1557759116.023:2242,46078961-0D32-5BEA-824A-C1A2757438D4:b'sshd: admin@pts/0   ':1003,CLONE,F8B4D341-5ED2-5AF9-875A-478051046829,b'-bash':1003,ta1-theia-1
1557759116.021:2,5168DFBA-C638-5E99-8A7C-2A889D72CB73:b'-bash':1003,CLONE,AEFC7796-D258-5179-A77A-6FD02396EA75,b'-bash':1003,ta1-theia-1
1557759116.021:1,5168DFBA-C638-5E99-8A7C-2A889D72CB73:b'-bash':1003,CLONE,38D9397F-07DE-5977-9751-E6A6685DDDBC,b'-bash':1003,ta1-theia-1
1557759116.021:2227,46078961-0D32-5BEA-824A-C1A2757438D4:b'sshd: admin@pts/0   ':1003,CLONE,5168DFBA-C638-5E99-8A7C-2A889D72CB73,b'-bash':1003,ta1-theia-1
1557759116.008:2,668D38AD-A0D4-53B1-906D-98410E9CD081:b'-bash':1003,CLONE,448D2F5B-26E9-5E7C-B29F-323045295D65,b'-bash':1003,ta1-theia-1
1557759116.007:1,668D38AD-A0D4-53B1-906D-98410E9CD081:b'-bash':1003,CLONE,7962D1D0-DC02-51A4-9FF6-FF5C8752C099,b'-bash':1003,ta1-theia-1
1557759116.007:2212,46078961-0D32-5BEA-824A-C1A2757438D4:b'sshd: admin@pts/0   ':1003,CLONE,668D38AD-A0D4-53B1-906D-98410E9CD081,b'-bash':1003,ta1-theia-1
1557759116.005:2,8BB3274F-F8B9-5238-A0DB-686E827667FA:b'-bash':1003,CLONE,FC0E429A-2F2B-5D0E-A6EE-05399029D6EC,b'-bash':1003,ta1-theia-1
1557759116.005:1,8BB3274F-F8B9-5238-A0DB-686E827667FA:b'-bash':1003,CLONE,C99257A6-D719-5968-9282-D72DCF23B21E,b'-bash':1003,ta1-theia-1
1557759116.005:2197,46078961-0D32-5BEA-824A-C1A2757438D4:b'sshd: admin@pts/0   ':1003,CLONE,8BB3274F-F8B9-5238-A0DB-686E827667FA,b'-bash':1003,ta1-theia-1
1557759115.997:2,7D349711-1B08-5C2E-8C11-18EE13710FA9:b'-bash':1003,CLONE,F9B5E1FC-C541-5E7C-9C12-CA4540EE6C68,b'-bash':1003,ta1-theia-1
1557759115.997:1,7D349711-1B08-5C2E-8C11-18EE13710FA9:b'-bash':1003,CLONE,B0B90872-1C93-5122-808C-FDD81535CDC8,b'-bash':1003,ta1-theia-1
1557759115.997:2182,46078961-0D32-5BEA-824A-C1A2757438D4:b'sshd: admin@pts/0   ':1003,CLONE,7D349711-1B08-5C2E-8C11-18EE13710FA9,b'-bash':1003,ta1-theia-1
1557759115.989:2,DD7836FE-7524-5953-80E2-76A44A689971:b'-bash':1003,CLONE,CA249734-C54C-5E64-9CB3-E92CC4A8D60C,b'-bash':1003,ta1-theia-1
1557759115.989:1,DD7836FE-7524-5953-80E2-76A44A689971:b'-bash':1003,CLONE,E59DB595-1AB6-5BC4-B245-4910EB663FF9,b'-bash':1003,ta1-theia-1
1557759115.989:2167,46078961-0D32-5BEA-824A-C1A2757438D4:b'sshd: admin@pts/0   ':1003,CLONE,DD7836FE-7524-5953-80E2-76A44A689971,b'-bash':1003,ta1-theia-1
1557759115.976:2,36B26E92-8067-564F-9469-0E98DB1950BB:b'-bash':1003,CLONE,6388AA77-C56D-53BB-9F16-3F2370E0DC04,b'-bash':1003,ta1-theia-1
1557759115.975:1,36B26E92-8067-564F-9469-0E98DB1950BB:b'-bash':1003,CLONE,132E5581-EACA-5029-A6B3-76607EE22178,b'-bash':1003,ta1-theia-1
1557759115.975:2152,46078961-0D32-5BEA-824A-C1A2757438D4:b'sshd: admin@pts/0   ':1003,CLONE,36B26E92-8067-564F-9469-0E98DB1950BB,b'-bash':1003,ta1-theia-1
1557759115.973:2,C5243862-C3C6-5D73-8E6E-50A291472B36:b'-bash':1003,CLONE,DA3FDDDE-DA40-5389-8D56-3AC5DE150138,b'-bash':1003,ta1-theia-1
1557759115.973:1,C5243862-C3C6-5D73-8E6E-50A291472B36:b'-bash':1003,CLONE,94B25BAF-36A3-5B2D-B656-6B0247B9C7F5,b'-bash':1003,ta1-theia-1
1557759115.973:2137,46078961-0D32-5BEA-824A-C1A2757438D4:b'sshd: admin@pts/0   ':1003,CLONE,C5243862-C3C6-5D73-8E6E-50A291472B36,b'-bash':1003,ta1-theia-1
1557759115.960:2,CB286D00-5FC0-5A29-BE08-E3F66FAA97DA:b'-bash':1003,CLONE,6D27C295-0276-54C0-9C90-4B09B1BD35ED,b'-bash':1003,ta1-theia-1
1557759115.960:1,CB286D00-5FC0-5A29-BE08-E3F66FAA97DA:b'-bash':1003,CLONE,F422FD5A-838C-5F76-9405-040AF6666D72,b'-bash':1003,ta1-theia-1
1557759115.960:2122,46078961-0D32-5BEA-824A-C1A2757438D4:b'sshd: admin@pts/0   ':1003,CLONE,CB286D00-5FC0-5A29-BE08-E3F66FAA97DA,b'-bash':1003,ta1-theia-1
1557759115.957:2028,46078961-0D32-5BEA-824A-C1A2757438D4:b'sshd: admin@pts/0   ':1003,CLONE,C01C7EB8-73D5-52BD-998E-6ED4AE857336,b'-bash':1003,ta1-theia-1
1557759115.921:0,F0C4AC26-9C1A-5DF6-80EC-EB5299DD608C:b'-bash':1003,CLONE,010785AD-FA5F-5BBE-AD82-F8345733547A,b'-bash':1003,ta1-theia-1
1557759115.921:991,46078961-0D32-5BEA-824A-C1A2757438D4:b'sshd: admin@pts/0   ':1003,CLONE,F0C4AC26-9C1A-5DF6-80EC-EB5299DD608C,b'-bash':1003,ta1-theia-1
1557759115.852:2,F4D7EEE5-8900-538D-A8C0-DE9D68CF9914:b'-bash':1003,CLONE,7F65B673-293F-5E04-A6B9-00C9CEB971C1,b'-bash':1003,ta1-theia-1
1557759115.852:1,F4D7EEE5-8900-538D-A8C0-DE9D68CF9914:b'-bash':1003,CLONE,910B2FFC-E188-5EFF-AE43-E9CC325D58B2,b'-bash':1003,ta1-theia-1
1557759115.851:980,46078961-0D32-5BEA-824A-C1A2757438D4:b'sshd: admin@pts/0   ':1003,CLONE,F4D7EEE5-8900-538D-A8C0-DE9D68CF9914,b'-bash':1003,ta1-theia-1
1557759115.570:0,74A9B035-A50C-52BD-96D2-2AB36DB33664:b'-bash':1003,CLONE,98897418-2B89-5EE7-A916-541E6CC746DA,b'-bash':1003,ta1-theia-1
1557759115.569:118,46078961-0D32-5BEA-824A-C1A2757438D4:b'sshd: admin@pts/0   ':1003,CLONE,74A9B035-A50C-52BD-96D2-2AB36DB33664,b'-bash':1003,ta1-theia-1
1557759115.506:34,9847BE77-BA22-55F2-8E38-CEFD7CD1C76B:b'sshd: admin [priv]  ':0,CLONE,46078961-0D32-5BEA-824A-C1A2757438D4,b'sshd: admin@pts/0   ':1003,ta1-theia-1
1557759115.192:619,0C1120E5-B9A5-5A43-8890-A295832CA6AC:b'/usr/sbin/sshd -D':0,CLONE,9847BE77-BA22-55F2-8E38-CEFD7CD1C76B,b'sshd: admin [priv]  ':0,ta1-theia-1
1557759115.037:35,8C6C792E-70DB-53D2-AEDD-C91EB685738E:b'sh -c /usr/bin/env -i PATH=/usr/local/sbin:/usr/local/bin:/usr/sbin:/usr/bin:/sbin:/bin run-parts --lsbsysinit /etc/update-motd.d > /var/run/motd.new':0,CLONE,33EA1D2F-D4F2-5FDB-991E-19471013A94E,b'run-parts --lsbsysinit /etc/update-motd.d':0,ta1-theia-1
1557759114.969:34,8C6C792E-70DB-53D2-AEDD-C91EB685738E:b'sh -c /usr/bin/env -i PATH=/usr/local/sbin:/usr/local/bin:/usr/sbin:/usr/bin:/sbin:/bin run-parts --lsbsysinit /etc/update-motd.d > /var/run/motd.new':0,CLONE,14012063-D4E9-59C3-A0F7-B176454D4532,b'run-parts --lsbsysinit /etc/update-motd.d':0,ta1-theia-1
1557759114.854:0,AC369419-CD11-5004-9DD0-C9C51D56CA60:b'/bin/sh /usr/lib/update-notifier/update-motd-fsck-at-reboot':0,EXECUTE,0100D00F-9E00-3200-0000-0000B790005A,/bin/cat:0,ta1-theia-1
1557759114.853:43,C40DF42C-0718-5A8A-B75D-A915F659A49F:b'run-parts --lsbsysinit /etc/update-motd.d':0,CLONE,AC369419-CD11-5004-9DD0-C9C51D56CA60,b'/bin/sh /usr/lib/update-notifier/update-motd-fsck-at-reboot':0,ta1-theia-1
1557759114.781:40,C40DF42C-0718-5A8A-B75D-A915F659A49F:b'run-parts --lsbsysinit /etc/update-motd.d':0,CLONE,71820E3D-3EEF-502A-8D49-6F36D2FD33B1,b'/bin/sh /usr/lib/update-notifier/update-motd-fsck-at-reboot':0,ta1-theia-1
1557759114.684:36,C40DF42C-0718-5A8A-B75D-A915F659A49F:b'run-parts --lsbsysinit /etc/update-motd.d':0,CLONE,A8CC2D9D-3D50-58E6-8F7C-2BD1FC840AA4,b'/bin/sh /usr/lib/update-notifier/update-motd-fsck-at-reboot':0,ta1-theia-1
1557759114.677:33,8C6C792E-70DB-53D2-AEDD-C91EB685738E:b'sh -c /usr/bin/env -i PATH=/usr/local/sbin:/usr/local/bin:/usr/sbin:/usr/bin:/sbin:/bin run-parts --lsbsysinit /etc/update-motd.d > /var/run/motd.new':0,CLONE,C40DF42C-0718-5A8A-B75D-A915F659A49F,b'run-parts --lsbsysinit /etc/update-motd.d':0,ta1-theia-1
1557759114.562:0,D57F074A-C7BD-5AD1-9BD3-5CD4209EE76A:b'/bin/sh -e /usr/lib/update-notifier/update-motd-hwe-eol':0,EXECUTE,0100D00F-9E00-3200-0000-0000B790005A,/bin/cat:0,ta1-theia-1
1557759114.561:57,A3947ED8-F662-5A39-9CA8-69ADED4485F3:b'run-parts --lsbsysinit /etc/update-motd.d':0,CLONE,D57F074A-C7BD-5AD1-9BD3-5CD4209EE76A,b'/bin/sh -e /usr/lib/update-notifier/update-motd-hwe-eol':0,ta1-theia-1
1557759114.461:55,A3947ED8-F662-5A39-9CA8-69ADED4485F3:b'run-parts --lsbsysinit /etc/update-motd.d':0,CLONE,467ED819-9052-5046-AF48-E803E6067EE4,b'/bin/sh -e /usr/lib/update-notifier/update-motd-hwe-eol':0,ta1-theia-1
1557759114.351:105,95528944-9646-552C-B824-20E6D895560B:b'/bin/sh -e /usr/lib/update-notifier/update-motd-hwe-eol':0,CLONE,3E76F34F-4EA9-5051-B03F-1E4F7E740E70,b'apt-config shell DpkgStatusDir Dir::State::status':0,ta1-theia-1
1557759114.341:51,A3947ED8-F662-5A39-9CA8-69ADED4485F3:b'run-parts --lsbsysinit /etc/update-motd.d':0,CLONE,95528944-9646-552C-B824-20E6D895560B,b'/bin/sh -e /usr/lib/update-notifier/update-motd-hwe-eol':0,ta1-theia-1
1557759114.231:105,59159D9B-C11E-5FBC-AFD2-683A9117ACD0:b'/bin/sh -e /usr/lib/update-notifier/update-motd-hwe-eol':0,CLONE,0BA16CC8-2EF4-5A63-98F2-6A6063A07E9E,b'apt-config shell SourceList Dir::Etc::sourcelist':0,ta1-theia-1
1557759114.221:47,A3947ED8-F662-5A39-9CA8-69ADED4485F3:b'run-parts --lsbsysinit /etc/update-motd.d':0,CLONE,59159D9B-C11E-5FBC-AFD2-683A9117ACD0,b'/bin/sh -e /usr/lib/update-notifier/update-motd-hwe-eol':0,ta1-theia-1
1557759114.114:105,4C89B0E9-0B6D-5637-9890-28FB4A957EBC:b'/bin/sh -e /usr/lib/update-notifier/update-motd-hwe-eol':0,CLONE,BD4F18AA-6B90-5121-8286-691CE67FF049,b'apt-config shell EtcDir Dir::Etc':0,ta1-theia-1
1557759114.105:43,A3947ED8-F662-5A39-9CA8-69ADED4485F3:b'run-parts --lsbsysinit /etc/update-motd.d':0,CLONE,4C89B0E9-0B6D-5637-9890-28FB4A957EBC,b'/bin/sh -e /usr/lib/update-notifier/update-motd-hwe-eol':0,ta1-theia-1
1557759113.999:105,ABE4A311-E79B-54BB-A8FE-39D838F5FB6A:b'/bin/sh -e /usr/lib/update-notifier/update-motd-hwe-eol':0,CLONE,FB5ED09C-4B3C-59F8-924D-CE3DF6B47CCD,b'apt-config shell ListDir Dir::State::Lists':0,ta1-theia-1
1557759113.989:39,A3947ED8-F662-5A39-9CA8-69ADED4485F3:b'run-parts --lsbsysinit /etc/update-motd.d':0,CLONE,ABE4A311-E79B-54BB-A8FE-39D838F5FB6A,b'/bin/sh -e /usr/lib/update-notifier/update-motd-hwe-eol':0,ta1-theia-1
1557759113.870:105,4153085C-EB55-5FB5-ABDC-E2B398267216:b'/bin/sh -e /usr/lib/update-notifier/update-motd-hwe-eol':0,CLONE,FCD4DB4D-B2B0-53AD-8C19-BC192771797C,b'apt-config shell StateDir Dir::State':0,ta1-theia-1
1557759113.860:35,A3947ED8-F662-5A39-9CA8-69ADED4485F3:b'run-parts --lsbsysinit /etc/update-motd.d':0,CLONE,4153085C-EB55-5FB5-ABDC-E2B398267216,b'/bin/sh -e /usr/lib/update-notifier/update-motd-hwe-eol':0,ta1-theia-1
1557759113.853:32,8C6C792E-70DB-53D2-AEDD-C91EB685738E:b'sh -c /usr/bin/env -i PATH=/usr/local/sbin:/usr/local/bin:/usr/sbin:/usr/bin:/sbin:/bin run-parts --lsbsysinit /etc/update-motd.d > /var/run/motd.new':0,CLONE,A3947ED8-F662-5A39-9CA8-69ADED4485F3,b'run-parts --lsbsysinit /etc/update-motd.d':0,ta1-theia-1
1557759113.740:0,4E07B2B9-53A4-5B1D-98D4-A1962E488D56:b'/bin/sh -e /usr/lib/update-manager/release-upgrade-motd':0,EXECUTE,0100D00F-9E00-3200-0000-0000B790005A,/bin/cat:0,ta1-theia-1
1557759113.740:34,FF272AA7-9A43-5485-87F8-598F826C45BB:b'run-parts --lsbsysinit /etc/update-motd.d':0,CLONE,4E07B2B9-53A4-5B1D-98D4-A1962E488D56,b'/bin/sh -e /usr/lib/update-manager/release-upgrade-motd':0,ta1-theia-1
1557759113.733:31,8C6C792E-70DB-53D2-AEDD-C91EB685738E:b'sh -c /usr/bin/env -i PATH=/usr/local/sbin:/usr/local/bin:/usr/sbin:/usr/bin:/sbin:/bin run-parts --lsbsysinit /etc/update-motd.d > /var/run/motd.new':0,CLONE,FF272AA7-9A43-5485-87F8-598F826C45BB,b'run-parts --lsbsysinit /etc/update-motd.d':0,ta1-theia-1
1557759113.542:0,1A735D2F-8E02-5D12-8E5E-A15902BEB91E:b'/bin/sh -e /usr/lib/update-notifier/update-motd-updates-available':0,EXECUTE,0100D00F-9E00-3200-0000-0000B790005A,/bin/cat:0,ta1-theia-1
1557759113.541:447,2C5F7637-C44D-5192-B329-B7D45DDA6C51:b'run-parts --lsbsysinit /etc/update-motd.d':0,CLONE,1A735D2F-8E02-5D12-8E5E-A15902BEB91E,b'/bin/sh -e /usr/lib/update-notifier/update-motd-updates-available':0,ta1-theia-1
1557759113.485:444,2C5F7637-C44D-5192-B329-B7D45DDA6C51:b'run-parts --lsbsysinit /etc/update-motd.d':0,CLONE,8FC769CC-433C-5B3B-9D3A-8E2821A6A6F6,b'/bin/sh -e /usr/lib/update-notifier/update-motd-updates-available':0,ta1-theia-1
1557759113.357:105,0AECC277-02B4-5304-8769-50898D1A0A2F:b'/bin/sh -e /usr/lib/update-notifier/update-motd-updates-available':0,CLONE,5553A5D8-E833-5A2B-B5E2-26B3259F82D6,b'apt-config shell SourceList Dir::Etc::sourcelist':0,ta1-theia-1
1557759113.305:440,2C5F7637-C44D-5192-B329-B7D45DDA6C51:b'run-parts --lsbsysinit /etc/update-motd.d':0,CLONE,0AECC277-02B4-5304-8769-50898D1A0A2F,b'/bin/sh -e /usr/lib/update-notifier/update-motd-updates-available':0,ta1-theia-1
1557759113.182:105,CF3DC8DB-390F-59A8-91B4-C6A94403B1A6:b'/bin/sh -e /usr/lib/update-notifier/update-motd-updates-available':0,CLONE,EE1E248E-B9F2-5F99-B2EF-7DD146021DA7,b'apt-config shell EtcDir Dir::Etc':0,ta1-theia-1
1557759113.169:436,2C5F7637-C44D-5192-B329-B7D45DDA6C51:b'run-parts --lsbsysinit /etc/update-motd.d':0,CLONE,CF3DC8DB-390F-59A8-91B4-C6A94403B1A6,b'/bin/sh -e /usr/lib/update-notifier/update-motd-updates-available':0,ta1-theia-1
1557759113.113:432,2C5F7637-C44D-5192-B329-B7D45DDA6C51:b'run-parts --lsbsysinit /etc/update-motd.d':0,CLONE,4AA4AC2A-4140-5BAA-BE97-44AFCA42BAB7,b'/bin/sh -e /usr/lib/update-notifier/update-motd-updates-available':0,ta1-theia-1
1557759113.057:428,2C5F7637-C44D-5192-B329-B7D45DDA6C51:b'run-parts --lsbsysinit /etc/update-motd.d':0,CLONE,E4A8655A-503F-5DBF-A628-B60693B4A392,b'/bin/sh -e /usr/lib/update-notifier/update-motd-updates-available':0,ta1-theia-1
1557759113.001:424,2C5F7637-C44D-5192-B329-B7D45DDA6C51:b'run-parts --lsbsysinit /etc/update-motd.d':0,CLONE,54332763-0B5B-526E-B29A-8C7E6B3045ED,b'/bin/sh -e /usr/lib/update-notifier/update-motd-updates-available':0,ta1-theia-1
1557759112.945:420,2C5F7637-C44D-5192-B329-B7D45DDA6C51:b'run-parts --lsbsysinit /etc/update-motd.d':0,CLONE,05AFE46D-282F-5CEE-B911-F46BCBB28AAF,b'/bin/sh -e /usr/lib/update-notifier/update-motd-updates-available':0,ta1-theia-1
1557759112.889:416,2C5F7637-C44D-5192-B329-B7D45DDA6C51:b'run-parts --lsbsysinit /etc/update-motd.d':0,CLONE,3C054EA7-DCC8-5840-BC73-0C0D13C6F9E9,b'/bin/sh -e /usr/lib/update-notifier/update-motd-updates-available':0,ta1-theia-1
1557759112.833:412,2C5F7637-C44D-5192-B329-B7D45DDA6C51:b'run-parts --lsbsysinit /etc/update-motd.d':0,CLONE,E7A1A1AB-3379-53DC-A317-FCCF92373B4B,b'/bin/sh -e /usr/lib/update-notifier/update-motd-updates-available':0,ta1-theia-1
1557759112.777:408,2C5F7637-C44D-5192-B329-B7D45DDA6C51:b'run-parts --lsbsysinit /etc/update-motd.d':0,CLONE,0AAD7D6A-0463-5611-8BA0-4E6C41D7CC7E,b'/bin/sh -e /usr/lib/update-notifier/update-motd-updates-available':0,ta1-theia-1
1557759112.721:404,2C5F7637-C44D-5192-B329-B7D45DDA6C51:b'run-parts --lsbsysinit /etc/update-motd.d':0,CLONE,4D3D3AA2-EA37-5D1B-AFF3-3B7D72D4C0E6,b'/bin/sh -e /usr/lib/update-notifier/update-motd-updates-available':0,ta1-theia-1
1557759112.665:400,2C5F7637-C44D-5192-B329-B7D45DDA6C51:b'run-parts --lsbsysinit /etc/update-motd.d':0,CLONE,B1242D91-2B75-5B23-BE60-2C22AF7B493C,b'/bin/sh -e /usr/lib/update-notifier/update-motd-updates-available':0,ta1-theia-1
1557759112.457:396,2C5F7637-C44D-5192-B329-B7D45DDA6C51:b'run-parts --lsbsysinit /etc/update-motd.d':0,CLONE,28C400FC-A344-5F51-B1F3-AB80526DE76B,b'/bin/sh -e /usr/lib/update-notifier/update-motd-updates-available':0,ta1-theia-1
1557759112.409:392,2C5F7637-C44D-5192-B329-B7D45DDA6C51:b'run-parts --lsbsysinit /etc/update-motd.d':0,CLONE,1F5E7EFC-6D5A-5A1D-B511-5DD58C537686,b'/bin/sh -e /usr/lib/update-notifier/update-motd-updates-available':0,ta1-theia-1
1557759112.357:388,2C5F7637-C44D-5192-B329-B7D45DDA6C51:b'run-parts --lsbsysinit /etc/update-motd.d':0,CLONE,21FC85A1-E11A-56CD-8112-92D4B6CE5B82,b'/bin/sh -e /usr/lib/update-notifier/update-motd-updates-available':0,ta1-theia-1
1557759112.305:384,2C5F7637-C44D-5192-B329-B7D45DDA6C51:b'run-parts --lsbsysinit /etc/update-motd.d':0,CLONE,66535175-A0BE-5358-8D6C-153EDEB5ABBE,b'/bin/sh -e /usr/lib/update-notifier/update-motd-updates-available':0,ta1-theia-1
1557759112.249:380,2C5F7637-C44D-5192-B329-B7D45DDA6C51:b'run-parts --lsbsysinit /etc/update-motd.d':0,CLONE,671AFCA6-70CF-59B0-9100-B3DC3442BF2D,b'/bin/sh -e /usr/lib/update-notifier/update-motd-updates-available':0,ta1-theia-1
1557759112.193:376,2C5F7637-C44D-5192-B329-B7D45DDA6C51:b'run-parts --lsbsysinit /etc/update-motd.d':0,CLONE,6ED93402-03AC-51CC-BE6B-D2AF5A04B0E9,b'/bin/sh -e /usr/lib/update-notifier/update-motd-updates-available':0,ta1-theia-1
1557759112.137:372,2C5F7637-C44D-5192-B329-B7D45DDA6C51:b'run-parts --lsbsysinit /etc/update-motd.d':0,CLONE,7FCF17E8-CAD4-5B6A-A0DC-FA5E3A0FCB0E,b'/bin/sh -e /usr/lib/update-notifier/update-motd-updates-available':0,ta1-theia-1
1557759112.081:368,2C5F7637-C44D-5192-B329-B7D45DDA6C51:b'run-parts --lsbsysinit /etc/update-motd.d':0,CLONE,46CDA756-9683-521F-AE66-0E4B5691EC1A,b'/bin/sh -e /usr/lib/update-notifier/update-motd-updates-available':0,ta1-theia-1
1557759112.029:364,2C5F7637-C44D-5192-B329-B7D45DDA6C51:b'run-parts --lsbsysinit /etc/update-motd.d':0,CLONE,24779164-B652-5C51-8AE2-BE333EB66F99,b'/bin/sh -e /usr/lib/update-notifier/update-motd-updates-available':0,ta1-theia-1
1557759111.977:360,2C5F7637-C44D-5192-B329-B7D45DDA6C51:b'run-parts --lsbsysinit /etc/update-motd.d':0,CLONE,77023697-2F42-58BF-BD5B-3D095689440B,b'/bin/sh -e /usr/lib/update-notifier/update-motd-updates-available':0,ta1-theia-1
1557759111.929:356,2C5F7637-C44D-5192-B329-B7D45DDA6C51:b'run-parts --lsbsysinit /etc/update-motd.d':0,CLONE,C563FB8F-2543-592E-AE40-2305F02AE1BD,b'/bin/sh -e /usr/lib/update-notifier/update-motd-updates-available':0,ta1-theia-1
1557759111.881:352,2C5F7637-C44D-5192-B329-B7D45DDA6C51:b'run-parts --lsbsysinit /etc/update-motd.d':0,CLONE,9B86EE06-B07F-573B-A1E2-2BBFE1FB3E82,b'/bin/sh -e /usr/lib/update-notifier/update-motd-updates-available':0,ta1-theia-1
1557759111.844:348,2C5F7637-C44D-5192-B329-B7D45DDA6C51:b'run-parts --lsbsysinit /etc/update-motd.d':0,CLONE,6F1993F3-37B4-5D62-A706-D8D77EEEC122,b'/bin/sh -e /usr/lib/update-notifier/update-motd-updates-available':0,ta1-theia-1
1557759111.841:344,2C5F7637-C44D-5192-B329-B7D45DDA6C51:b'run-parts --lsbsysinit /etc/update-motd.d':0,CLONE,58C49983-C058-5A23-A80D-C5818A8F02BF,b'/bin/sh -e /usr/lib/update-notifier/update-motd-updates-available':0,ta1-theia-1
1557759111.834:340,2C5F7637-C44D-5192-B329-B7D45DDA6C51:b'run-parts --lsbsysinit /etc/update-motd.d':0,CLONE,7A33A1E5-1AAE-5EC2-BB26-9B2E32B760FE,b'/bin/sh -e /usr/lib/update-notifier/update-motd-updates-available':0,ta1-theia-1
1557759111.831:336,2C5F7637-C44D-5192-B329-B7D45DDA6C51:b'run-parts --lsbsysinit /etc/update-motd.d':0,CLONE,0A03322D-D2F1-502F-AA55-71D5AA80621A,b'/bin/sh -e /usr/lib/update-notifier/update-motd-updates-available':0,ta1-theia-1
1557759111.820:332,2C5F7637-C44D-5192-B329-B7D45DDA6C51:b'run-parts --lsbsysinit /etc/update-motd.d':0,CLONE,CDA67018-62DF-5D7F-9CA6-FE727BFFEFCD,b'/bin/sh -e /usr/lib/update-notifier/update-motd-updates-available':0,ta1-theia-1
1557759111.817:328,2C5F7637-C44D-5192-B329-B7D45DDA6C51:b'run-parts --lsbsysinit /etc/update-motd.d':0,CLONE,CE6AB61C-F03C-506F-AA96-ED302F483D8C,b'/bin/sh -e /usr/lib/update-notifier/update-motd-updates-available':0,ta1-theia-1
1557759111.808:324,2C5F7637-C44D-5192-B329-B7D45DDA6C51:b'run-parts --lsbsysinit /etc/update-motd.d':0,CLONE,86C62712-7480-5DEF-98D7-AECF66B419D4,b'/bin/sh -e /usr/lib/update-notifier/update-motd-updates-available':0,ta1-theia-1
1557759111.805:320,2C5F7637-C44D-5192-B329-B7D45DDA6C51:b'run-parts --lsbsysinit /etc/update-motd.d':0,CLONE,65F12A88-C7A0-5EB4-B832-C496E5597BBA,b'/bin/sh -e /usr/lib/update-notifier/update-motd-updates-available':0,ta1-theia-1
1557759111.796:316,2C5F7637-C44D-5192-B329-B7D45DDA6C51:b'run-parts --lsbsysinit /etc/update-motd.d':0,CLONE,6DCDA830-3A6E-5156-A22B-E6D3FDFE9539,b'/bin/sh -e /usr/lib/update-notifier/update-motd-updates-available':0,ta1-theia-1
1557759111.793:312,2C5F7637-C44D-5192-B329-B7D45DDA6C51:b'run-parts --lsbsysinit /etc/update-motd.d':0,CLONE,DB704FE9-6B85-5192-B059-DC64B3383A92,b'/bin/sh -e /usr/lib/update-notifier/update-motd-updates-available':0,ta1-theia-1
1557759111.784:308,2C5F7637-C44D-5192-B329-B7D45DDA6C51:b'run-parts --lsbsysinit /etc/update-motd.d':0,CLONE,50331C80-BEA4-5E3D-9ACE-6347D11BC7EA,b'/bin/sh -e /usr/lib/update-notifier/update-motd-updates-available':0,ta1-theia-1
1557759111.781:304,2C5F7637-C44D-5192-B329-B7D45DDA6C51:b'run-parts --lsbsysinit /etc/update-motd.d':0,CLONE,DDA1A99C-3BA1-526C-82DF-8DB0B85BE64C,b'/bin/sh -e /usr/lib/update-notifier/update-motd-updates-available':0,ta1-theia-1
1557759111.772:300,2C5F7637-C44D-5192-B329-B7D45DDA6C51:b'run-parts --lsbsysinit /etc/update-motd.d':0,CLONE,741E8DF6-929A-5D15-AE49-2F670AF27AD2,b'/bin/sh -e /usr/lib/update-notifier/update-motd-updates-available':0,ta1-theia-1
1557759111.769:296,2C5F7637-C44D-5192-B329-B7D45DDA6C51:b'run-parts --lsbsysinit /etc/update-motd.d':0,CLONE,8B44C07B-EC57-5D9F-801B-ED5EDAD20AD7,b'/bin/sh -e /usr/lib/update-notifier/update-motd-updates-available':0,ta1-theia-1
1557759111.760:292,2C5F7637-C44D-5192-B329-B7D45DDA6C51:b'run-parts --lsbsysinit /etc/update-motd.d':0,CLONE,A121D2CC-1862-512A-9A77-5FC497CC957A,b'/bin/sh -e /usr/lib/update-notifier/update-motd-updates-available':0,ta1-theia-1
1557759111.757:288,2C5F7637-C44D-5192-B329-B7D45DDA6C51:b'run-parts --lsbsysinit /etc/update-motd.d':0,CLONE,F69F251B-A5D1-5E27-A2EB-AA0D83211978,b'/bin/sh -e /usr/lib/update-notifier/update-motd-updates-available':0,ta1-theia-1
1557759111.749:284,2C5F7637-C44D-5192-B329-B7D45DDA6C51:b'run-parts --lsbsysinit /etc/update-motd.d':0,CLONE,A0585396-5D52-57E6-937A-FEC60D27648B,b'/bin/sh -e /usr/lib/update-notifier/update-motd-updates-available':0,ta1-theia-1
1557759111.745:280,2C5F7637-C44D-5192-B329-B7D45DDA6C51:b'run-parts --lsbsysinit /etc/update-motd.d':0,CLONE,F8CED47A-184D-5E5C-8F1E-A87DCD99231F,b'/bin/sh -e /usr/lib/update-notifier/update-motd-updates-available':0,ta1-theia-1
1557759111.736:276,2C5F7637-C44D-5192-B329-B7D45DDA6C51:b'run-parts --lsbsysinit /etc/update-motd.d':0,CLONE,F6320EB9-EF7B-53BA-B2F0-B6B09C429031,b'/bin/sh -e /usr/lib/update-notifier/update-motd-updates-available':0,ta1-theia-1
1557759111.733:272,2C5F7637-C44D-5192-B329-B7D45DDA6C51:b'run-parts --lsbsysinit /etc/update-motd.d':0,CLONE,1D080602-ACBD-52CF-9B08-BEE8FA3393DA,b'/bin/sh -e /usr/lib/update-notifier/update-motd-updates-available':0,ta1-theia-1
1557759111.720:268,2C5F7637-C44D-5192-B329-B7D45DDA6C51:b'run-parts --lsbsysinit /etc/update-motd.d':0,CLONE,FB615528-C40F-58D1-A9D1-8CD897BECE96,b'/bin/sh -e /usr/lib/update-notifier/update-motd-updates-available':0,ta1-theia-1
1557759111.716:264,2C5F7637-C44D-5192-B329-B7D45DDA6C51:b'run-parts --lsbsysinit /etc/update-motd.d':0,CLONE,97C0D294-65D5-5A91-8782-938BE15E6B41,b'/bin/sh -e /usr/lib/update-notifier/update-motd-updates-available':0,ta1-theia-1
1557759111.705:260,2C5F7637-C44D-5192-B329-B7D45DDA6C51:b'run-parts --lsbsysinit /etc/update-motd.d':0,CLONE,A5DA6AED-8E06-5665-89D3-19B512C0B05A,b'/bin/sh -e /usr/lib/update-notifier/update-motd-updates-available':0,ta1-theia-1
1557759111.701:256,2C5F7637-C44D-5192-B329-B7D45DDA6C51:b'run-parts --lsbsysinit /etc/update-motd.d':0,CLONE,0D85A266-FAB7-5A60-A5DA-A74715BA652E,b'/bin/sh -e /usr/lib/update-notifier/update-motd-updates-available':0,ta1-theia-1
1557759111.694:252,2C5F7637-C44D-5192-B329-B7D45DDA6C51:b'run-parts --lsbsysinit /etc/update-motd.d':0,CLONE,0CCF0FE8-DC9C-56D1-A37C-6DDCF42647B8,b'/bin/sh -e /usr/lib/update-notifier/update-motd-updates-available':0,ta1-theia-1
1557759111.693:248,2C5F7637-C44D-5192-B329-B7D45DDA6C51:b'run-parts --lsbsysinit /etc/update-motd.d':0,CLONE,E96A2171-5013-5123-AB75-669DC1A18E21,b'/bin/sh -e /usr/lib/update-notifier/update-motd-updates-available':0,ta1-theia-1
1557759111.686:244,2C5F7637-C44D-5192-B329-B7D45DDA6C51:b'run-parts --lsbsysinit /etc/update-motd.d':0,CLONE,8A12038B-1006-5605-8724-ECBEE2A4DB51,b'/bin/sh -e /usr/lib/update-notifier/update-motd-updates-available':0,ta1-theia-1
1557759111.685:240,2C5F7637-C44D-5192-B329-B7D45DDA6C51:b'run-parts --lsbsysinit /etc/update-motd.d':0,CLONE,B3ED997B-2968-5334-8580-16E072B4667E,b'/bin/sh -e /usr/lib/update-notifier/update-motd-updates-available':0,ta1-theia-1
1557759111.678:236,2C5F7637-C44D-5192-B329-B7D45DDA6C51:b'run-parts --lsbsysinit /etc/update-motd.d':0,CLONE,745BBC37-6827-5A02-8680-B66B117F0AC8,b'/bin/sh -e /usr/lib/update-notifier/update-motd-updates-available':0,ta1-theia-1
1557759111.677:232,2C5F7637-C44D-5192-B329-B7D45DDA6C51:b'run-parts --lsbsysinit /etc/update-motd.d':0,CLONE,587EED65-15C8-5540-856A-E4A52065DB83,b'/bin/sh -e /usr/lib/update-notifier/update-motd-updates-available':0,ta1-theia-1
1557759111.670:228,2C5F7637-C44D-5192-B329-B7D45DDA6C51:b'run-parts --lsbsysinit /etc/update-motd.d':0,CLONE,4B25E682-80E5-5B30-B25D-06F3E99DDE4E,b'/bin/sh -e /usr/lib/update-notifier/update-motd-updates-available':0,ta1-theia-1
1557759111.669:224,2C5F7637-C44D-5192-B329-B7D45DDA6C51:b'run-parts --lsbsysinit /etc/update-motd.d':0,CLONE,F42C99A7-6C82-5930-85AA-757D92DA48A1,b'/bin/sh -e /usr/lib/update-notifier/update-motd-updates-available':0,ta1-theia-1
1557759111.663:220,2C5F7637-C44D-5192-B329-B7D45DDA6C51:b'run-parts --lsbsysinit /etc/update-motd.d':0,CLONE,F62A7426-6358-523A-9449-42B94AFB2282,b'/bin/sh -e /usr/lib/update-notifier/update-motd-updates-available':0,ta1-theia-1
1557759111.661:216,2C5F7637-C44D-5192-B329-B7D45DDA6C51:b'run-parts --lsbsysinit /etc/update-motd.d':0,CLONE,BEE3D404-5A0C-5D5E-9F0A-435F75180B1B,b'/bin/sh -e /usr/lib/update-notifier/update-motd-updates-available':0,ta1-theia-1
1557759111.654:212,2C5F7637-C44D-5192-B329-B7D45DDA6C51:b'run-parts --lsbsysinit /etc/update-motd.d':0,CLONE,C6925A7B-2A68-5689-BB99-BDF5F86AF3ED,b'/bin/sh -e /usr/lib/update-notifier/update-motd-updates-available':0,ta1-theia-1
1557759111.653:208,2C5F7637-C44D-5192-B329-B7D45DDA6C51:b'run-parts --lsbsysinit /etc/update-motd.d':0,CLONE,40B8C5EB-0E8F-51CF-9974-0B60584A6E64,b'/bin/sh -e /usr/lib/update-notifier/update-motd-updates-available':0,ta1-theia-1
1557759111.643:204,2C5F7637-C44D-5192-B329-B7D45DDA6C51:b'run-parts --lsbsysinit /etc/update-motd.d':0,CLONE,A89A4914-0604-5FEA-92C0-167C57069610,b'/bin/sh -e /usr/lib/update-notifier/update-motd-updates-available':0,ta1-theia-1
1557759111.642:200,2C5F7637-C44D-5192-B329-B7D45DDA6C51:b'run-parts --lsbsysinit /etc/update-motd.d':0,CLONE,3C75F309-2545-52A3-91CB-452393DEFD53,b'/bin/sh -e /usr/lib/update-notifier/update-motd-updates-available':0,ta1-theia-1
1557759111.634:196,2C5F7637-C44D-5192-B329-B7D45DDA6C51:b'run-parts --lsbsysinit /etc/update-motd.d':0,CLONE,3E934B1C-12FB-5BE6-BA50-6299D9C47AC5,b'/bin/sh -e /usr/lib/update-notifier/update-motd-updates-available':0,ta1-theia-1
1557759111.633:192,2C5F7637-C44D-5192-B329-B7D45DDA6C51:b'run-parts --lsbsysinit /etc/update-motd.d':0,CLONE,6A28E6E0-88F3-556C-956C-7D7FC4088453,b'/bin/sh -e /usr/lib/update-notifier/update-motd-updates-available':0,ta1-theia-1
1557759111.626:188,2C5F7637-C44D-5192-B329-B7D45DDA6C51:b'run-parts --lsbsysinit /etc/update-motd.d':0,CLONE,0572A67B-9599-57DD-9AFE-0898C73B85ED,b'/bin/sh -e /usr/lib/update-notifier/update-motd-updates-available':0,ta1-theia-1
1557759111.625:184,2C5F7637-C44D-5192-B329-B7D45DDA6C51:b'run-parts --lsbsysinit /etc/update-motd.d':0,CLONE,42A2BAD9-2927-5DEB-99C6-E15A2015FEE7,b'/bin/sh -e /usr/lib/update-notifier/update-motd-updates-available':0,ta1-theia-1
1557759111.619:180,2C5F7637-C44D-5192-B329-B7D45DDA6C51:b'run-parts --lsbsysinit /etc/update-motd.d':0,CLONE,A2E83D03-256A-5E6C-9FEB-F13E26629ADA,b'/bin/sh -e /usr/lib/update-notifier/update-motd-updates-available':0,ta1-theia-1
1557759111.617:176,2C5F7637-C44D-5192-B329-B7D45DDA6C51:b'run-parts --lsbsysinit /etc/update-motd.d':0,CLONE,2863B2B0-1371-5BAC-A61E-2DBD095619C4,b'/bin/sh -e /usr/lib/update-notifier/update-motd-updates-available':0,ta1-theia-1
1557759111.610:172,2C5F7637-C44D-5192-B329-B7D45DDA6C51:b'run-parts --lsbsysinit /etc/update-motd.d':0,CLONE,B6EF752D-EB15-5DC2-8E26-A68C82964A6D,b'/bin/sh -e /usr/lib/update-notifier/update-motd-updates-available':0,ta1-theia-1
1557759111.609:168,2C5F7637-C44D-5192-B329-B7D45DDA6C51:b'run-parts --lsbsysinit /etc/update-motd.d':0,CLONE,28F86D2A-B9CE-5C96-8507-FD9F944901D9,b'/bin/sh -e /usr/lib/update-notifier/update-motd-updates-available':0,ta1-theia-1
1557759111.602:164,2C5F7637-C44D-5192-B329-B7D45DDA6C51:b'run-parts --lsbsysinit /etc/update-motd.d':0,CLONE,88D1A8A5-7509-503E-8AE8-5CDD07067F4E,b'/bin/sh -e /usr/lib/update-notifier/update-motd-updates-available':0,ta1-theia-1
1557759111.601:160,2C5F7637-C44D-5192-B329-B7D45DDA6C51:b'run-parts --lsbsysinit /etc/update-motd.d':0,CLONE,C914D993-8C18-51FC-831B-3BC127953A67,b'/bin/sh -e /usr/lib/update-notifier/update-motd-updates-available':0,ta1-theia-1
1557759111.594:156,2C5F7637-C44D-5192-B329-B7D45DDA6C51:b'run-parts --lsbsysinit /etc/update-motd.d':0,CLONE,78FAC354-C121-5D7D-AE2B-FF0B83B794E4,b'/bin/sh -e /usr/lib/update-notifier/update-motd-updates-available':0,ta1-theia-1
1557759111.593:152,2C5F7637-C44D-5192-B329-B7D45DDA6C51:b'run-parts --lsbsysinit /etc/update-motd.d':0,CLONE,250DEA31-F390-582B-945F-B3EB7E99F233,b'/bin/sh -e /usr/lib/update-notifier/update-motd-updates-available':0,ta1-theia-1
1557759111.586:148,2C5F7637-C44D-5192-B329-B7D45DDA6C51:b'run-parts --lsbsysinit /etc/update-motd.d':0,CLONE,66E001C3-0D59-526B-AD01-AB31E3D9F3DA,b'/bin/sh -e /usr/lib/update-notifier/update-motd-updates-available':0,ta1-theia-1
1557759111.585:144,2C5F7637-C44D-5192-B329-B7D45DDA6C51:b'run-parts --lsbsysinit /etc/update-motd.d':0,CLONE,79AAB53B-B4BA-5949-B48B-1BBC908879FE,b'/bin/sh -e /usr/lib/update-notifier/update-motd-updates-available':0,ta1-theia-1
1557759111.578:140,2C5F7637-C44D-5192-B329-B7D45DDA6C51:b'run-parts --lsbsysinit /etc/update-motd.d':0,CLONE,6BE4C86E-0124-5D12-B824-80C955F5D8F1,b'/bin/sh -e /usr/lib/update-notifier/update-motd-updates-available':0,ta1-theia-1
1557759111.577:136,2C5F7637-C44D-5192-B329-B7D45DDA6C51:b'run-parts --lsbsysinit /etc/update-motd.d':0,CLONE,96AB80FE-A27A-50D3-A28A-0DEE722A437F,b'/bin/sh -e /usr/lib/update-notifier/update-motd-updates-available':0,ta1-theia-1
1557759111.568:132,2C5F7637-C44D-5192-B329-B7D45DDA6C51:b'run-parts --lsbsysinit /etc/update-motd.d':0,CLONE,730F0320-B0D1-5317-8ED5-2BAFB523D21B,b'/bin/sh -e /usr/lib/update-notifier/update-motd-updates-available':0,ta1-theia-1
1557759111.566:128,2C5F7637-C44D-5192-B329-B7D45DDA6C51:b'run-parts --lsbsysinit /etc/update-motd.d':0,CLONE,8B4F764A-AE01-5E23-A820-C10F88DF2395,b'/bin/sh -e /usr/lib/update-notifier/update-motd-updates-available':0,ta1-theia-1
1557759111.559:124,2C5F7637-C44D-5192-B329-B7D45DDA6C51:b'run-parts --lsbsysinit /etc/update-motd.d':0,CLONE,6111ED10-133A-58FA-8D19-EAC4A1B5B268,b'/bin/sh -e /usr/lib/update-notifier/update-motd-updates-available':0,ta1-theia-1
1557759111.557:120,2C5F7637-C44D-5192-B329-B7D45DDA6C51:b'run-parts --lsbsysinit /etc/update-motd.d':0,CLONE,3DC4D135-F8C0-59B7-AA8E-08B762310DE1,b'/bin/sh -e /usr/lib/update-notifier/update-motd-updates-available':0,ta1-theia-1
1557759111.551:116,2C5F7637-C44D-5192-B329-B7D45DDA6C51:b'run-parts --lsbsysinit /etc/update-motd.d':0,CLONE,0115965F-0954-5E17-A88A-6DC32C1B4DEE,b'/bin/sh -e /usr/lib/update-notifier/update-motd-updates-available':0,ta1-theia-1
1557759111.549:112,2C5F7637-C44D-5192-B329-B7D45DDA6C51:b'run-parts --lsbsysinit /etc/update-motd.d':0,CLONE,22564CD6-34F8-54DD-A3E0-C7B250C9F621,b'/bin/sh -e /usr/lib/update-notifier/update-motd-updates-available':0,ta1-theia-1
1557759111.543:108,2C5F7637-C44D-5192-B329-B7D45DDA6C51:b'run-parts --lsbsysinit /etc/update-motd.d':0,CLONE,99E3F860-7E5B-5347-B823-5E6C2EFC0AF7,b'/bin/sh -e /usr/lib/update-notifier/update-motd-updates-available':0,ta1-theia-1
1557759111.541:104,2C5F7637-C44D-5192-B329-B7D45DDA6C51:b'run-parts --lsbsysinit /etc/update-motd.d':0,CLONE,F0EEE86E-323A-5F6A-9147-80E28AD725E3,b'/bin/sh -e /usr/lib/update-notifier/update-motd-updates-available':0,ta1-theia-1
1557759111.534:100,2C5F7637-C44D-5192-B329-B7D45DDA6C51:b'run-parts --lsbsysinit /etc/update-motd.d':0,CLONE,F11D711C-7F61-55F6-8CAF-632C4201DCC7,b'/bin/sh -e /usr/lib/update-notifier/update-motd-updates-available':0,ta1-theia-1
1557759111.533:96,2C5F7637-C44D-5192-B329-B7D45DDA6C51:b'run-parts --lsbsysinit /etc/update-motd.d':0,CLONE,CC9C8A39-B84A-5783-A912-81E026FC7A6A,b'/bin/sh -e /usr/lib/update-notifier/update-motd-updates-available':0,ta1-theia-1
1557759111.526:92,2C5F7637-C44D-5192-B329-B7D45DDA6C51:b'run-parts --lsbsysinit /etc/update-motd.d':0,CLONE,F09A4B10-3943-5A35-867B-164337949EB4,b'/bin/sh -e /usr/lib/update-notifier/update-motd-updates-available':0,ta1-theia-1
1557759111.525:88,2C5F7637-C44D-5192-B329-B7D45DDA6C51:b'run-parts --lsbsysinit /etc/update-motd.d':0,CLONE,169FFF4B-BEB2-59F9-BF73-26464CAD3134,b'/bin/sh -e /usr/lib/update-notifier/update-motd-updates-available':0,ta1-theia-1
1557759111.518:84,2C5F7637-C44D-5192-B329-B7D45DDA6C51:b'run-parts --lsbsysinit /etc/update-motd.d':0,CLONE,84BEEAFA-D0B8-5705-819B-A09D8011EBE8,b'/bin/sh -e /usr/lib/update-notifier/update-motd-updates-available':0,ta1-theia-1
1557759111.517:80,2C5F7637-C44D-5192-B329-B7D45DDA6C51:b'run-parts --lsbsysinit /etc/update-motd.d':0,CLONE,71E5658C-1825-550A-A9B5-357A71DDFE74,b'/bin/sh -e /usr/lib/update-notifier/update-motd-updates-available':0,ta1-theia-1
1557759111.511:76,2C5F7637-C44D-5192-B329-B7D45DDA6C51:b'run-parts --lsbsysinit /etc/update-motd.d':0,CLONE,90985753-202E-518F-816D-C317A7A8BD29,b'/bin/sh -e /usr/lib/update-notifier/update-motd-updates-available':0,ta1-theia-1
1557759111.509:72,2C5F7637-C44D-5192-B329-B7D45DDA6C51:b'run-parts --lsbsysinit /etc/update-motd.d':0,CLONE,03E7D657-0221-5BBD-8B2F-6F625A61C67D,b'/bin/sh -e /usr/lib/update-notifier/update-motd-updates-available':0,ta1-theia-1
1557759111.500:68,2C5F7637-C44D-5192-B329-B7D45DDA6C51:b'run-parts --lsbsysinit /etc/update-motd.d':0,CLONE,3C2BC7A5-987E-563A-8645-C86E8ECEB40F,b'/bin/sh -e /usr/lib/update-notifier/update-motd-updates-available':0,ta1-theia-1
1557759111.498:64,2C5F7637-C44D-5192-B329-B7D45DDA6C51:b'run-parts --lsbsysinit /etc/update-motd.d':0,CLONE,E199E750-F7A3-5A05-8AC2-11EE193A5EAA,b'/bin/sh -e /usr/lib/update-notifier/update-motd-updates-available':0,ta1-theia-1
1557759111.491:60,2C5F7637-C44D-5192-B329-B7D45DDA6C51:b'run-parts --lsbsysinit /etc/update-motd.d':0,CLONE,4827929C-6BAD-5F8A-B8CC-188500E54775,b'/bin/sh -e /usr/lib/update-notifier/update-motd-updates-available':0,ta1-theia-1
1557759111.489:56,2C5F7637-C44D-5192-B329-B7D45DDA6C51:b'run-parts --lsbsysinit /etc/update-motd.d':0,CLONE,EB855979-DD1F-57DD-BF00-95083D93C804,b'/bin/sh -e /usr/lib/update-notifier/update-motd-updates-available':0,ta1-theia-1
1557759111.479:52,2C5F7637-C44D-5192-B329-B7D45DDA6C51:b'run-parts --lsbsysinit /etc/update-motd.d':0,CLONE,2A8C9266-E350-5910-8035-B4D45B8108E8,b'/bin/sh -e /usr/lib/update-notifier/update-motd-updates-available':0,ta1-theia-1
1557759111.477:48,2C5F7637-C44D-5192-B329-B7D45DDA6C51:b'run-parts --lsbsysinit /etc/update-motd.d':0,CLONE,A2D21BF7-EFD9-5690-995D-C7CF10F32D4D,b'/bin/sh -e /usr/lib/update-notifier/update-motd-updates-available':0,ta1-theia-1
1557759111.465:105,A4E51605-A827-5510-A881-33756AD63B4F:b'/bin/sh -e /usr/lib/update-notifier/update-motd-updates-available':0,CLONE,8F771312-6F67-5F16-8CCD-36CDE9754DCD,b'apt-config shell ListDir Dir::State::Lists':0,ta1-theia-1
1557759111.461:43,2C5F7637-C44D-5192-B329-B7D45DDA6C51:b'run-parts --lsbsysinit /etc/update-motd.d':0,CLONE,A4E51605-A827-5510-A881-33756AD63B4F,b'/bin/sh -e /usr/lib/update-notifier/update-motd-updates-available':0,ta1-theia-1
1557759111.449:105,71778E45-1C07-5AB6-8493-A7FF9D4E97C5:b'/bin/sh -e /usr/lib/update-notifier/update-motd-updates-available':0,CLONE,C5CB7381-1E3A-50C8-B52E-845852903834,b'apt-config shell StateDir Dir::State':0,ta1-theia-1
1557759111.445:39,2C5F7637-C44D-5192-B329-B7D45DDA6C51:b'run-parts --lsbsysinit /etc/update-motd.d':0,CLONE,71778E45-1C07-5AB6-8493-A7FF9D4E97C5,b'/bin/sh -e /usr/lib/update-notifier/update-motd-updates-available':0,ta1-theia-1
1557759111.443:35,2C5F7637-C44D-5192-B329-B7D45DDA6C51:b'run-parts --lsbsysinit /etc/update-motd.d':0,CLONE,F6800A30-DDB1-56BD-9EA6-A509FA5555DE,b'/bin/sh -e /usr/lib/update-notifier/update-motd-updates-available':0,ta1-theia-1
1557759111.441:30,8C6C792E-70DB-53D2-AEDD-C91EB685738E:b'sh -c /usr/bin/env -i PATH=/usr/local/sbin:/usr/local/bin:/usr/sbin:/usr/bin:/sbin:/bin run-parts --lsbsysinit /etc/update-motd.d > /var/run/motd.new':0,CLONE,2C5F7637-C44D-5192-B329-B7D45DDA6C51,b'run-parts --lsbsysinit /etc/update-motd.d':0,ta1-theia-1
1557759111.388:4,63F62879-466F-5617-BA53-89DF212AEABB:b'/usr/bin/python /usr/bin/landscape-sysinfo':0,EXECUTE,0100D00F-C326-0C00-0000-0000B790005A,/usr/bin/who:0,ta1-theia-1
1557759111.381:5035,51DC31C3-2AE2-5E11-89EF-0B5E9686D370:b'/bin/sh /etc/update-motd.d/50-landscape-sysinfo':0,CLONE,63F62879-466F-5617-BA53-89DF212AEABB,b'/usr/bin/python /usr/bin/landscape-sysinfo':0,ta1-theia-1
1557759111.241:1903,51DC31C3-2AE2-5E11-89EF-0B5E9686D370:b'/bin/sh /etc/update-motd.d/50-landscape-sysinfo':0,CLONE,9D73E6AF-8053-5FDB-A2D6-6841C3C5CA6E,b'/usr/bin/python /usr/bin/landscape-sysinfo':0,ta1-theia-1
1557759111.198:16,93CDFA94-03A3-5451-A536-65E421808530:b'/usr/bin/python /usr/bin/landscape-sysinfo':0,CLONE,D5EAD08F-A0CE-5078-827F-E889B8E11703,b'sh -c /sbin/ldconfig -p 2>/dev/null':0,ta1-theia-1
1557759111.198:1732,51DC31C3-2AE2-5E11-89EF-0B5E9686D370:b'/bin/sh /etc/update-motd.d/50-landscape-sysinfo':0,CLONE,93CDFA94-03A3-5451-A536-65E421808530,b'/usr/bin/python /usr/bin/landscape-sysinfo':0,ta1-theia-1
1557759111.185:16,BF73B839-2770-51AA-B93B-A0B20D757A8F:b'/usr/bin/python /usr/bin/landscape-sysinfo':0,CLONE,DE8F5379-80FB-5996-AE0B-16BE05445644,b'sh -c /sbin/ldconfig -p 2>/dev/null':0,ta1-theia-1
1557759111.184:1707,51DC31C3-2AE2-5E11-89EF-0B5E9686D370:b'/bin/sh /etc/update-motd.d/50-landscape-sysinfo':0,CLONE,BF73B839-2770-51AA-B93B-A0B20D757A8F,b'/usr/bin/python /usr/bin/landscape-sysinfo':0,ta1-theia-1
1557759111.027:29,FAA4AB4E-E2E6-5904-9F91-44353179ACA3:b'run-parts --lsbsysinit /etc/update-motd.d':0,CLONE,51DC31C3-2AE2-5E11-89EF-0B5E9686D370,b'/bin/sh /etc/update-motd.d/50-landscape-sysinfo':0,ta1-theia-1
1557759111.023:27,FAA4AB4E-E2E6-5904-9F91-44353179ACA3:b'run-parts --lsbsysinit /etc/update-motd.d':0,CLONE,53B058CA-02F8-5210-A096-169CBD6B4B21,b'/bin/sh /etc/update-motd.d/50-landscape-sysinfo':0,ta1-theia-1
1557759111.017:1,92FD703A-0DFE-585F-A589-7A9D8BB8B229:b'/bin/sh /etc/update-motd.d/50-landscape-sysinfo':0,CLONE,B8B0C91A-0C2C-57BD-A585-14D78745ADA7,b'/bin/sh /etc/update-motd.d/50-landscape-sysinfo':0,ta1-theia-1
1557759111.014:2,E5DA38FD-3C0F-5452-B1FB-364A00203D89:b'/bin/sh /etc/update-motd.d/50-landscape-sysinfo':0,CLONE,F37E7F5F-01FD-50C6-B01D-972D95E78906,b'/bin/sh /etc/update-motd.d/50-landscape-sysinfo':0,ta1-theia-1
1557759111.014:1,E5DA38FD-3C0F-5452-B1FB-364A00203D89:b'/bin/sh /etc/update-motd.d/50-landscape-sysinfo':0,CLONE,92FD703A-0DFE-585F-A589-7A9D8BB8B229,b'/bin/sh /etc/update-motd.d/50-landscape-sysinfo':0,ta1-theia-1
1557759111.013:22,FAA4AB4E-E2E6-5904-9F91-44353179ACA3:b'run-parts --lsbsysinit /etc/update-motd.d':0,CLONE,E5DA38FD-3C0F-5452-B1FB-364A00203D89,b'/bin/sh /etc/update-motd.d/50-landscape-sysinfo':0,ta1-theia-1
1557759111.001:18,FAA4AB4E-E2E6-5904-9F91-44353179ACA3:b'run-parts --lsbsysinit /etc/update-motd.d':0,CLONE,3387D3F1-6325-5C3C-940A-44413F4961CB,b'/bin/sh /etc/update-motd.d/50-landscape-sysinfo':0,ta1-theia-1
1557759110.998:29,8C6C792E-70DB-53D2-AEDD-C91EB685738E:b'sh -c /usr/bin/env -i PATH=/usr/local/sbin:/usr/local/bin:/usr/sbin:/usr/bin:/sbin:/bin run-parts --lsbsysinit /etc/update-motd.d > /var/run/motd.new':0,CLONE,FAA4AB4E-E2E6-5904-9F91-44353179ACA3,b'run-parts --lsbsysinit /etc/update-motd.d':0,ta1-theia-1
1557759110.985:24,3E4EABA5-B24F-52B1-9771-D1A92FE0131A:b'run-parts --lsbsysinit /etc/update-motd.d':0,CLONE,AE40E534-2122-5B43-ADAB-E038017B693A,b'/bin/sh /etc/update-motd.d/10-help-text':0,ta1-theia-1
1557759110.984:23,3E4EABA5-B24F-52B1-9771-D1A92FE0131A:b'run-parts --lsbsysinit /etc/update-motd.d':0,CLONE,4B202B96-1C15-5E90-BD66-D71C1CCB0508,b'/bin/sh /etc/update-motd.d/10-help-text':0,ta1-theia-1
1557759110.981:28,8C6C792E-70DB-53D2-AEDD-C91EB685738E:b'sh -c /usr/bin/env -i PATH=/usr/local/sbin:/usr/local/bin:/usr/sbin:/usr/bin:/sbin:/bin run-parts --lsbsysinit /etc/update-motd.d > /var/run/motd.new':0,CLONE,3E4EABA5-B24F-52B1-9771-D1A92FE0131A,b'run-parts --lsbsysinit /etc/update-motd.d':0,ta1-theia-1
1557759110.969:31,E2A0704F-4925-5D2E-81C7-5B2DC23EB315:b'run-parts --lsbsysinit /etc/update-motd.d':0,CLONE,02A381AD-40D4-5834-9D1E-67B75C8F3CBE,b'/bin/sh /etc/update-motd.d/00-header':0,ta1-theia-1
1557759110.961:27,E2A0704F-4925-5D2E-81C7-5B2DC23EB315:b'run-parts --lsbsysinit /etc/update-motd.d':0,CLONE,9357C28D-0183-5F48-A413-9A12839EF22D,b'/bin/sh /etc/update-motd.d/00-header':0,ta1-theia-1
1557759110.958:23,E2A0704F-4925-5D2E-81C7-5B2DC23EB315:b'run-parts --lsbsysinit /etc/update-motd.d':0,CLONE,513FBA23-BEDF-5AD7-90B3-F4E3CFFE5832,b'/bin/sh /etc/update-motd.d/00-header':0,ta1-theia-1
1557759110.950:27,8C6C792E-70DB-53D2-AEDD-C91EB685738E:b'sh -c /usr/bin/env -i PATH=/usr/local/sbin:/usr/local/bin:/usr/sbin:/usr/bin:/sbin:/bin run-parts --lsbsysinit /etc/update-motd.d > /var/run/motd.new':0,CLONE,E2A0704F-4925-5D2E-81C7-5B2DC23EB315,b'run-parts --lsbsysinit /etc/update-motd.d':0,ta1-theia-1
1557759110.946:16,B487923C-068D-5C59-87AB-E042919A26C4:b'sshd: admin [priv]  ':0,CLONE,8C6C792E-70DB-53D2-AEDD-C91EB685738E,b'sh -c /usr/bin/env -i PATH=/usr/local/sbin:/usr/local/bin:/usr/sbin:/usr/bin:/sbin:/bin run-parts --lsbsysinit /etc/update-motd.d > /var/run/motd.new':0,ta1-theia-1
1557759110.943:566,0C1120E5-B9A5-5A43-8890-A295832CA6AC:b'/usr/sbin/sshd -D':0,CLONE,B487923C-068D-5C59-87AB-E042919A26C4,b'sshd: admin [priv]  ':0,ta1-theia-1
1557759109.652:529569,CC7C9A7F-4BD4-5E0F-88B4-3EA111554703:null:null,READ,0100D00F-0B00-5800-0000-0000678E005A,/etc/hosts:0,ta1-theia-1
1557759109.652:529568,CC7C9A7F-4BD4-5E0F-88B4-3EA111554703:null:null,READ,0100D00F-0B00-5800-0000-0000678E005A,/etc/hosts:0,ta1-theia-1
1557759105.205:284,0C1120E5-B9A5-5A43-8890-A295832CA6AC:b'/usr/sbin/sshd -D':0,READ,0100D00F-0B00-5800-0000-0000678E005A,/etc/hosts:0,ta1-theia-1
1557759105.205:283,0C1120E5-B9A5-5A43-8890-A295832CA6AC:b'/usr/sbin/sshd -D':0,READ,0100D00F-0B00-5800-0000-0000678E005A,/etc/hosts:0,ta1-theia-1
1557759105.101:258,0C1120E5-B9A5-5A43-8890-A295832CA6AC:b'/usr/sbin/sshd -D':0,CLONE,6A549160-023A-57E0-8052-A2AF634212E2,b'sshd: [accepted]    ':0,ta1-theia-1
1557759104.951:5380,84053D48-9767-59AE-A797-BAC5E4ED3368:null:null,CLONE,0C1120E5-B9A5-5A43-8890-A295832CA6AC,b'/usr/sbin/sshd -D':0,ta1-theia-1
1557759101.651:529533,CC7C9A7F-4BD4-5E0F-88B4-3EA111554703:null:null,READ,0100D00F-0B00-5800-0000-0000678E005A,/etc/hosts:0,ta1-theia-1
1557759101.651:529532,CC7C9A7F-4BD4-5E0F-88B4-3EA111554703:null:null,READ,0100D00F-0B00-5800-0000-0000678E005A,/etc/hosts:0,ta1-theia-1
1557759093.659:529503,CC7C9A7F-4BD4-5E0F-88B4-3EA111554703:null:null,READ,0100D00F-0B00-5800-0000-0000678E005A,/etc/hosts:0,ta1-theia-1
1557759093.659:529502,CC7C9A7F-4BD4-5E0F-88B4-3EA111554703:null:null,READ,0100D00F-0B00-5800-0000-0000678E005A,/etc/hosts:0,ta1-theia-1
1557759085.496:529458,CC7C9A7F-4BD4-5E0F-88B4-3EA111554703:null:null,READ,0100D00F-0B00-5800-0000-0000678E005A,/etc/hosts:0,ta1-theia-1
1557759085.496:529457,CC7C9A7F-4BD4-5E0F-88B4-3EA111554703:null:null,READ,0100D00F-0B00-5800-0000-0000678E005A,/etc/hosts:0,ta1-theia-1
1557759073.651:529417,CC7C9A7F-4BD4-5E0F-88B4-3EA111554703:null:null,READ,0100D00F-0B00-5800-0000-0000678E005A,/etc/hosts:0,ta1-theia-1
1557759073.651:529416,CC7C9A7F-4BD4-5E0F-88B4-3EA111554703:null:null,READ,0100D00F-0B00-5800-0000-0000678E005A,/etc/hosts:0,ta1-theia-1
1557759065.650:529381,CC7C9A7F-4BD4-5E0F-88B4-3EA111554703:null:null,READ,0100D00F-0B00-5800-0000-0000678E005A,/etc/hosts:0,ta1-theia-1
1557759065.650:529380,CC7C9A7F-4BD4-5E0F-88B4-3EA111554703:null:null,READ,0100D00F-0B00-5800-0000-0000678E005A,/etc/hosts:0,ta1-theia-1
1557759060.695:529346,CC7C9A7F-4BD4-5E0F-88B4-3EA111554703:null:null,READ,0100D00F-0B00-5800-0000-0000678E005A,/etc/hosts:0,ta1-theia-1
1557759060.695:529345,CC7C9A7F-4BD4-5E0F-88B4-3EA111554703:null:null,READ,0100D00F-0B00-5800-0000-0000678E005A,/etc/hosts:0,ta1-theia-1
1557759050.222:128659,D2254D75-B9E0-55BB-A06C-FF862E97E769:null:null,CLONE,DE912468-F7CA-57A3-8BE6-743A2AD05713,b'xscreensaver -no-splash':1003,ta1-theia-1
1557759050.204:139,B678C360-2C02-58B9-B295-D2E7DAAB2578:b'/usr/bin/python /usr/share/apport/apport 191237 11 0':1003,CLONE,2018D2E1-F042-59BE-8375-C787C0CC8411,b'/usr/bin/gdbus call -e -d org.gnome.SessionManager -o /org/gnome/SessionManager -m org.gnome.SessionManager.IsSessionRunning':1003,ta1-theia-1
1557759050.197:1214,50200B3A-5BEB-53D2-B0E9-3BB9BFD9D3D8:b'/usr/bin/python /usr/share/apport/apport 191237 11 0':0,CLONE,B678C360-2C02-58B9-B295-D2E7DAAB2578,b'/usr/bin/python /usr/share/apport/apport 191237 11 0':1003,ta1-theia-1
1557759050.145:128634,D2254D75-B9E0-55BB-A06C-FF862E97E769:null:null,CLONE,D07A5A2C-DB57-54C4-9098-4097A6E5C2F0,b'xscreensaver -no-splash':1003,ta1-theia-1
1557759050.128:139,FA8637F9-0279-5571-B81C-85FC55163910:b'/usr/bin/python /usr/share/apport/apport 191233 11 0':1003,CLONE,DE9F0399-321E-5393-9087-890A0EF94ACC,b'/usr/bin/gdbus call -e -d org.gnome.SessionManager -o /org/gnome/SessionManager -m org.gnome.SessionManager.IsSessionRunning':1003,ta1-theia-1
1557759050.121:1214,4B565525-C3C2-588F-9C7A-601AD6481B35:b'/usr/bin/python /usr/share/apport/apport 191233 11 0':0,CLONE,FA8637F9-0279-5571-B81C-85FC55163910,b'/usr/bin/python /usr/share/apport/apport 191233 11 0':1003,ta1-theia-1
1557759050.062:128625,D2254D75-B9E0-55BB-A06C-FF862E97E769:null:null,CLONE,B68F68D3-350C-5E4B-AB39-774E0AA57056,b'xscreensaver -no-splash':1003,ta1-theia-1
1557759039.651:529287,CC7C9A7F-4BD4-5E0F-88B4-3EA111554703:null:null,READ,0100D00F-0B00-5800-0000-0000678E005A,/etc/hosts:0,ta1-theia-1
1557759039.651:529286,CC7C9A7F-4BD4-5E0F-88B4-3EA111554703:null:null,READ,0100D00F-0B00-5800-0000-0000678E005A,/etc/hosts:0,ta1-theia-1
1557759034.882:529251,CC7C9A7F-4BD4-5E0F-88B4-3EA111554703:null:null,READ,0100D00F-0B00-5800-0000-0000678E005A,/etc/hosts:0,ta1-theia-1
1557759034.882:529250,CC7C9A7F-4BD4-5E0F-88B4-3EA111554703:null:null,READ,0100D00F-0B00-5800-0000-0000678E005A,/etc/hosts:0,ta1-theia-1
1557758952.007:529216,CC7C9A7F-4BD4-5E0F-88B4-3EA111554703:null:null,READ,0100D00F-0B00-5800-0000-0000678E005A,/etc/hosts:0,ta1-theia-1
1557758952.007:529215,CC7C9A7F-4BD4-5E0F-88B4-3EA111554703:null:null,READ,0100D00F-0B00-5800-0000-0000678E005A,/etc/hosts:0,ta1-theia-1
1557758944.898:529165,CC7C9A7F-4BD4-5E0F-88B4-3EA111554703:null:null,READ,0100D00F-0B00-5800-0000-0000678E005A,/etc/hosts:0,ta1-theia-1
1557758944.898:529164,CC7C9A7F-4BD4-5E0F-88B4-3EA111554703:null:null,READ,0100D00F-0B00-5800-0000-0000678E005A,/etc/hosts:0,ta1-theia-1
1557758919.649:529125,CC7C9A7F-4BD4-5E0F-88B4-3EA111554703:null:null,READ,0100D00F-0B00-5800-0000-0000678E005A,/etc/hosts:0,ta1-theia-1
1557758919.649:529124,CC7C9A7F-4BD4-5E0F-88B4-3EA111554703:null:null,READ,0100D00F-0B00-5800-0000-0000678E005A,/etc/hosts:0,ta1-theia-1
1557758914.946:529088,CC7C9A7F-4BD4-5E0F-88B4-3EA111554703:null:null,READ,0100D00F-0B00-5800-0000-0000678E005A,/etc/hosts:0,ta1-theia-1
1557758914.946:529087,CC7C9A7F-4BD4-5E0F-88B4-3EA111554703:null:null,READ,0100D00F-0B00-5800-0000-0000678E005A,/etc/hosts:0,ta1-theia-1
1557758902.561:529063,CC7C9A7F-4BD4-5E0F-88B4-3EA111554703:null:null,READ,0100D00F-0B00-5800-0000-0000678E005A,/etc/hosts:0,ta1-theia-1
1557758902.561:529062,CC7C9A7F-4BD4-5E0F-88B4-3EA111554703:null:null,READ,0100D00F-0B00-5800-0000-0000678E005A,/etc/hosts:0,ta1-theia-1
1557758889.648:529017,CC7C9A7F-4BD4-5E0F-88B4-3EA111554703:null:null,READ,0100D00F-0B00-5800-0000-0000678E005A,/etc/hosts:0,ta1-theia-1
1557758889.648:529016,CC7C9A7F-4BD4-5E0F-88B4-3EA111554703:null:null,READ,0100D00F-0B00-5800-0000-0000678E005A,/etc/hosts:0,ta1-theia-1
1557758887.284:28,AEBCB1D4-AC4B-5E4D-97E2-744FC2F999D5:b'sshd: admin [priv]  ':0,CLONE,EC6DDEFB-F699-5105-99C9-7BE6414A4C42,b'sshd: admin@notty   ':1003,ta1-theia-1
1557758887.280:607,7EA37FC1-3B66-52AB-B9CF-D8DFE0AC1BE9:b'/usr/sbin/sshd -D':0,CLONE,AEBCB1D4-AC4B-5E4D-97E2-744FC2F999D5,b'sshd: admin [priv]  ':0,ta1-theia-1
1557758887.053:35,1FEF9601-8759-5429-9F0A-BB9BEAEA896C:b'sh -c /usr/bin/env -i PATH=/usr/local/sbin:/usr/local/bin:/usr/sbin:/usr/bin:/sbin:/bin run-parts --lsbsysinit /etc/update-motd.d > /var/run/motd.new':0,CLONE,C570C5DD-89FE-5126-86B6-748DEE01CAF3,b'run-parts --lsbsysinit /etc/update-motd.d':0,ta1-theia-1
1557758886.989:34,1FEF9601-8759-5429-9F0A-BB9BEAEA896C:b'sh -c /usr/bin/env -i PATH=/usr/local/sbin:/usr/local/bin:/usr/sbin:/usr/bin:/sbin:/bin run-parts --lsbsysinit /etc/update-motd.d > /var/run/motd.new':0,CLONE,5672E6FB-DC39-5E6B-93E1-163F009A25D2,b'run-parts --lsbsysinit /etc/update-motd.d':0,ta1-theia-1
1557758886.874:0,98207BB0-9A7C-58F1-86BD-29352A558123:b'/bin/sh /usr/lib/update-notifier/update-motd-fsck-at-reboot':0,EXECUTE,0100D00F-9E00-3200-0000-0000B790005A,/bin/cat:0,ta1-theia-1
1557758886.873:43,AB79C5DB-6B3D-5E67-A6E6-B913105AE832:b'run-parts --lsbsysinit /etc/update-motd.d':0,CLONE,98207BB0-9A7C-58F1-86BD-29352A558123,b'/bin/sh /usr/lib/update-notifier/update-motd-fsck-at-reboot':0,ta1-theia-1
1557758886.801:40,AB79C5DB-6B3D-5E67-A6E6-B913105AE832:b'run-parts --lsbsysinit /etc/update-motd.d':0,CLONE,B1769E2E-5376-5CE6-84E7-87D8C2665DB7,b'/bin/sh /usr/lib/update-notifier/update-motd-fsck-at-reboot':0,ta1-theia-1
1557758886.773:36,AB79C5DB-6B3D-5E67-A6E6-B913105AE832:b'run-parts --lsbsysinit /etc/update-motd.d':0,CLONE,A5A90B26-78C5-5A8F-AD86-82C6FF9478EB,b'/bin/sh /usr/lib/update-notifier/update-motd-fsck-at-reboot':0,ta1-theia-1
1557758886.769:33,1FEF9601-8759-5429-9F0A-BB9BEAEA896C:b'sh -c /usr/bin/env -i PATH=/usr/local/sbin:/usr/local/bin:/usr/sbin:/usr/bin:/sbin:/bin run-parts --lsbsysinit /etc/update-motd.d > /var/run/motd.new':0,CLONE,AB79C5DB-6B3D-5E67-A6E6-B913105AE832,b'run-parts --lsbsysinit /etc/update-motd.d':0,ta1-theia-1
1557758886.654:0,8A630F7B-510F-5668-9E12-46F41C62C394:b'/bin/sh -e /usr/lib/update-notifier/update-motd-hwe-eol':0,EXECUTE,0100D00F-9E00-3200-0000-0000B790005A,/bin/cat:0,ta1-theia-1
1557758886.653:57,66EEF5CE-00DA-5344-8D01-5BEABC1A397A:b'run-parts --lsbsysinit /etc/update-motd.d':0,CLONE,8A630F7B-510F-5668-9E12-46F41C62C394,b'/bin/sh -e /usr/lib/update-notifier/update-motd-hwe-eol':0,ta1-theia-1
1557758886.553:55,66EEF5CE-00DA-5344-8D01-5BEABC1A397A:b'run-parts --lsbsysinit /etc/update-motd.d':0,CLONE,155E5BDC-9BE2-5C2E-BA5F-903F79FAB48A,b'/bin/sh -e /usr/lib/update-notifier/update-motd-hwe-eol':0,ta1-theia-1
1557758886.447:105,15C9D362-6B88-5992-A15B-8261A933B22C:b'/bin/sh -e /usr/lib/update-notifier/update-motd-hwe-eol':0,CLONE,EFF2E750-D06A-55C2-AE49-5C678EAC88F9,b'apt-config shell DpkgStatusDir Dir::State::status':0,ta1-theia-1
1557758886.437:51,66EEF5CE-00DA-5344-8D01-5BEABC1A397A:b'run-parts --lsbsysinit /etc/update-motd.d':0,CLONE,15C9D362-6B88-5992-A15B-8261A933B22C,b'/bin/sh -e /usr/lib/update-notifier/update-motd-hwe-eol':0,ta1-theia-1
1557758886.330:105,138D4D18-E5AD-5398-86E2-ED0B94255B02:b'/bin/sh -e /usr/lib/update-notifier/update-motd-hwe-eol':0,CLONE,42E2359F-A32E-5147-A0D0-E2B8C7CAEB42,b'apt-config shell SourceList Dir::Etc::sourcelist':0,ta1-theia-1
1557758886.321:47,66EEF5CE-00DA-5344-8D01-5BEABC1A397A:b'run-parts --lsbsysinit /etc/update-motd.d':0,CLONE,138D4D18-E5AD-5398-86E2-ED0B94255B02,b'/bin/sh -e /usr/lib/update-notifier/update-motd-hwe-eol':0,ta1-theia-1
1557758886.215:105,EB0001E0-AEDC-5F7E-9B0C-1BA295539BFA:b'/bin/sh -e /usr/lib/update-notifier/update-motd-hwe-eol':0,CLONE,409C9D79-3A5B-5A27-9A6C-C93027FEF5FB,b'apt-config shell EtcDir Dir::Etc':0,ta1-theia-1
1557758886.205:43,66EEF5CE-00DA-5344-8D01-5BEABC1A397A:b'run-parts --lsbsysinit /etc/update-motd.d':0,CLONE,EB0001E0-AEDC-5F7E-9B0C-1BA295539BFA,b'/bin/sh -e /usr/lib/update-notifier/update-motd-hwe-eol':0,ta1-theia-1
1557758886.064:105,0DE6B93E-F2A6-5EF0-A3D0-4BA13CA048BB:b'/bin/sh -e /usr/lib/update-notifier/update-motd-hwe-eol':0,CLONE,E1669E41-7E32-5F81-86B3-EC9DCF2B1D5C,b'apt-config shell ListDir Dir::State::Lists':0,ta1-theia-1
1557758886.053:39,66EEF5CE-00DA-5344-8D01-5BEABC1A397A:b'run-parts --lsbsysinit /etc/update-motd.d':0,CLONE,0DE6B93E-F2A6-5EF0-A3D0-4BA13CA048BB,b'/bin/sh -e /usr/lib/update-notifier/update-motd-hwe-eol':0,ta1-theia-1
1557758885.924:105,7E30EE3F-3D61-5F59-AB24-7C5645C3979A:b'/bin/sh -e /usr/lib/update-notifier/update-motd-hwe-eol':0,CLONE,F08C43DF-D4C9-5BC3-BFD7-8688D7739B93,b'apt-config shell StateDir Dir::State':0,ta1-theia-1
1557758885.914:35,66EEF5CE-00DA-5344-8D01-5BEABC1A397A:b'run-parts --lsbsysinit /etc/update-motd.d':0,CLONE,7E30EE3F-3D61-5F59-AB24-7C5645C3979A,b'/bin/sh -e /usr/lib/update-notifier/update-motd-hwe-eol':0,ta1-theia-1
1557758885.909:32,1FEF9601-8759-5429-9F0A-BB9BEAEA896C:b'sh -c /usr/bin/env -i PATH=/usr/local/sbin:/usr/local/bin:/usr/sbin:/usr/bin:/sbin:/bin run-parts --lsbsysinit /etc/update-motd.d > /var/run/motd.new':0,CLONE,66EEF5CE-00DA-5344-8D01-5BEABC1A397A,b'run-parts --lsbsysinit /etc/update-motd.d':0,ta1-theia-1
1557758885.818:0,8C5F6F63-CA8B-5D92-BC14-916BB8314840:b'/bin/sh -e /usr/lib/update-manager/release-upgrade-motd':0,EXECUTE,0100D00F-9E00-3200-0000-0000B790005A,/bin/cat:0,ta1-theia-1
1557758885.817:34,7408A8BD-10D5-5D7B-88EF-4E8DAF81FDC7:b'run-parts --lsbsysinit /etc/update-motd.d':0,CLONE,8C5F6F63-CA8B-5D92-BC14-916BB8314840,b'/bin/sh -e /usr/lib/update-manager/release-upgrade-motd':0,ta1-theia-1
1557758885.813:31,1FEF9601-8759-5429-9F0A-BB9BEAEA896C:b'sh -c /usr/bin/env -i PATH=/usr/local/sbin:/usr/local/bin:/usr/sbin:/usr/bin:/sbin:/bin run-parts --lsbsysinit /etc/update-motd.d > /var/run/motd.new':0,CLONE,7408A8BD-10D5-5D7B-88EF-4E8DAF81FDC7,b'run-parts --lsbsysinit /etc/update-motd.d':0,ta1-theia-1
1557758885.649:0,2D7BF15C-5854-5770-8261-2FE38C21D1CB:b'/bin/sh -e /usr/lib/update-notifier/update-motd-updates-available':0,EXECUTE,0100D00F-9E00-3200-0000-0000B790005A,/bin/cat:0,ta1-theia-1
1557758885.649:447,AF910FAA-BDA7-544C-AFD8-C495EEF69F36:b'run-parts --lsbsysinit /etc/update-motd.d':0,CLONE,2D7BF15C-5854-5770-8261-2FE38C21D1CB,b'/bin/sh -e /usr/lib/update-notifier/update-motd-updates-available':0,ta1-theia-1
1557758885.597:444,AF910FAA-BDA7-544C-AFD8-C495EEF69F36:b'run-parts --lsbsysinit /etc/update-motd.d':0,CLONE,EABA4B26-7A86-555C-A066-EC60F7701C2D,b'/bin/sh -e /usr/lib/update-notifier/update-motd-updates-available':0,ta1-theia-1
1557758885.490:105,5BF58A7E-98FB-533A-B24E-0904EFB3E2ED:b'/bin/sh -e /usr/lib/update-notifier/update-motd-updates-available':0,CLONE,3AEA4119-7771-5922-9E4A-004BEF5A8ADE,b'apt-config shell SourceList Dir::Etc::sourcelist':0,ta1-theia-1
1557758885.481:440,AF910FAA-BDA7-544C-AFD8-C495EEF69F36:b'run-parts --lsbsysinit /etc/update-motd.d':0,CLONE,5BF58A7E-98FB-533A-B24E-0904EFB3E2ED,b'/bin/sh -e /usr/lib/update-notifier/update-motd-updates-available':0,ta1-theia-1
1557758885.375:105,397ABD8D-F17A-53A7-8E19-DB6E5D91CA03:b'/bin/sh -e /usr/lib/update-notifier/update-motd-updates-available':0,CLONE,DE79138D-0331-556C-BB7F-9008BEEDB394,b'apt-config shell EtcDir Dir::Etc':0,ta1-theia-1
1557758885.365:436,AF910FAA-BDA7-544C-AFD8-C495EEF69F36:b'run-parts --lsbsysinit /etc/update-motd.d':0,CLONE,397ABD8D-F17A-53A7-8E19-DB6E5D91CA03,b'/bin/sh -e /usr/lib/update-notifier/update-motd-updates-available':0,ta1-theia-1
1557758885.313:432,AF910FAA-BDA7-544C-AFD8-C495EEF69F36:b'run-parts --lsbsysinit /etc/update-motd.d':0,CLONE,CA03CD60-312C-57E0-A993-89BC05A4D8F5,b'/bin/sh -e /usr/lib/update-notifier/update-motd-updates-available':0,ta1-theia-1
1557758885.261:428,AF910FAA-BDA7-544C-AFD8-C495EEF69F36:b'run-parts --lsbsysinit /etc/update-motd.d':0,CLONE,018E97B0-8C61-543B-8CBF-82F2ECC77F74,b'/bin/sh -e /usr/lib/update-notifier/update-motd-updates-available':0,ta1-theia-1
1557758885.209:424,AF910FAA-BDA7-544C-AFD8-C495EEF69F36:b'run-parts --lsbsysinit /etc/update-motd.d':0,CLONE,6106152A-4301-5349-B45F-A391B94BE3CB,b'/bin/sh -e /usr/lib/update-notifier/update-motd-updates-available':0,ta1-theia-1
1557758885.157:420,AF910FAA-BDA7-544C-AFD8-C495EEF69F36:b'run-parts --lsbsysinit /etc/update-motd.d':0,CLONE,977182AD-0E3F-5BDB-AC55-739C18E4B355,b'/bin/sh -e /usr/lib/update-notifier/update-motd-updates-available':0,ta1-theia-1
1557758885.097:416,AF910FAA-BDA7-544C-AFD8-C495EEF69F36:b'run-parts --lsbsysinit /etc/update-motd.d':0,CLONE,3360C8C3-9D06-50AA-A95C-891E8CFA94D0,b'/bin/sh -e /usr/lib/update-notifier/update-motd-updates-available':0,ta1-theia-1
1557758885.045:412,AF910FAA-BDA7-544C-AFD8-C495EEF69F36:b'run-parts --lsbsysinit /etc/update-motd.d':0,CLONE,A2AFB857-CE2F-5065-BE2D-EB0111CE7E1A,b'/bin/sh -e /usr/lib/update-notifier/update-motd-updates-available':0,ta1-theia-1
1557758884.997:408,AF910FAA-BDA7-544C-AFD8-C495EEF69F36:b'run-parts --lsbsysinit /etc/update-motd.d':0,CLONE,2A63374C-EDD8-52A6-BF47-CBDEB6074300,b'/bin/sh -e /usr/lib/update-notifier/update-motd-updates-available':0,ta1-theia-1
1557758884.945:404,AF910FAA-BDA7-544C-AFD8-C495EEF69F36:b'run-parts --lsbsysinit /etc/update-motd.d':0,CLONE,B71951E1-A0F6-51CA-AF12-CD4AFA707C86,b'/bin/sh -e /usr/lib/update-notifier/update-motd-updates-available':0,ta1-theia-1
1557758884.897:400,AF910FAA-BDA7-544C-AFD8-C495EEF69F36:b'run-parts --lsbsysinit /etc/update-motd.d':0,CLONE,9C7C0F58-7139-5F76-B828-86C7888674B7,b'/bin/sh -e /usr/lib/update-notifier/update-motd-updates-available':0,ta1-theia-1
1557758884.866:528980,CC7C9A7F-4BD4-5E0F-88B4-3EA111554703:null:null,READ,0100D00F-0B00-5800-0000-0000678E005A,/etc/hosts:0,ta1-theia-1
1557758884.866:528979,CC7C9A7F-4BD4-5E0F-88B4-3EA111554703:null:null,READ,0100D00F-0B00-5800-0000-0000678E005A,/etc/hosts:0,ta1-theia-1
1557758884.845:396,AF910FAA-BDA7-544C-AFD8-C495EEF69F36:b'run-parts --lsbsysinit /etc/update-motd.d':0,CLONE,3E90F805-FB1E-5483-AD4F-222A570FA4CC,b'/bin/sh -e /usr/lib/update-notifier/update-motd-updates-available':0,ta1-theia-1
1557758884.789:392,AF910FAA-BDA7-544C-AFD8-C495EEF69F36:b'run-parts --lsbsysinit /etc/update-motd.d':0,CLONE,05165FE2-7F0D-5669-A0CA-60FDF4B10E29,b'/bin/sh -e /usr/lib/update-notifier/update-motd-updates-available':0,ta1-theia-1
1557758884.741:388,AF910FAA-BDA7-544C-AFD8-C495EEF69F36:b'run-parts --lsbsysinit /etc/update-motd.d':0,CLONE,BB03419C-FB55-5165-9C84-F595D580C710,b'/bin/sh -e /usr/lib/update-notifier/update-motd-updates-available':0,ta1-theia-1
1557758884.685:384,AF910FAA-BDA7-544C-AFD8-C495EEF69F36:b'run-parts --lsbsysinit /etc/update-motd.d':0,CLONE,0FDECC20-1A88-5CA5-A3D3-03B4C9AEC1B8,b'/bin/sh -e /usr/lib/update-notifier/update-motd-updates-available':0,ta1-theia-1
1557758884.629:380,AF910FAA-BDA7-544C-AFD8-C495EEF69F36:b'run-parts --lsbsysinit /etc/update-motd.d':0,CLONE,094CE7CE-4A87-51F9-B099-45403C81C493,b'/bin/sh -e /usr/lib/update-notifier/update-motd-updates-available':0,ta1-theia-1
1557758884.573:376,AF910FAA-BDA7-544C-AFD8-C495EEF69F36:b'run-parts --lsbsysinit /etc/update-motd.d':0,CLONE,343DEC76-EC51-50DA-B5AD-E4A111DA6D6F,b'/bin/sh -e /usr/lib/update-notifier/update-motd-updates-available':0,ta1-theia-1
1557758884.517:372,AF910FAA-BDA7-544C-AFD8-C495EEF69F36:b'run-parts --lsbsysinit /etc/update-motd.d':0,CLONE,D0374D36-D9B7-51A5-9D0E-01B228622920,b'/bin/sh -e /usr/lib/update-notifier/update-motd-updates-available':0,ta1-theia-1
1557758884.461:368,AF910FAA-BDA7-544C-AFD8-C495EEF69F36:b'run-parts --lsbsysinit /etc/update-motd.d':0,CLONE,13A50F67-D7BB-5728-B369-95F280F678BE,b'/bin/sh -e /usr/lib/update-notifier/update-motd-updates-available':0,ta1-theia-1
1557758884.405:364,AF910FAA-BDA7-544C-AFD8-C495EEF69F36:b'run-parts --lsbsysinit /etc/update-motd.d':0,CLONE,466D09DE-3B07-5CEA-A0B6-4674AB3DECCF,b'/bin/sh -e /usr/lib/update-notifier/update-motd-updates-available':0,ta1-theia-1
1557758884.349:360,AF910FAA-BDA7-544C-AFD8-C495EEF69F36:b'run-parts --lsbsysinit /etc/update-motd.d':0,CLONE,A01B1977-249D-5A4E-9667-EE4CF82325AC,b'/bin/sh -e /usr/lib/update-notifier/update-motd-updates-available':0,ta1-theia-1
1557758884.293:356,AF910FAA-BDA7-544C-AFD8-C495EEF69F36:b'run-parts --lsbsysinit /etc/update-motd.d':0,CLONE,E1466FE4-6DBD-599F-BA3F-C1D9CD351570,b'/bin/sh -e /usr/lib/update-notifier/update-motd-updates-available':0,ta1-theia-1
1557758884.237:352,AF910FAA-BDA7-544C-AFD8-C495EEF69F36:b'run-parts --lsbsysinit /etc/update-motd.d':0,CLONE,895503B8-9744-5D76-9272-15653783A464,b'/bin/sh -e /usr/lib/update-notifier/update-motd-updates-available':0,ta1-theia-1
1557758884.177:348,AF910FAA-BDA7-544C-AFD8-C495EEF69F36:b'run-parts --lsbsysinit /etc/update-motd.d':0,CLONE,1892A399-5439-51E0-A085-F60024B574C0,b'/bin/sh -e /usr/lib/update-notifier/update-motd-updates-available':0,ta1-theia-1
1557758884.121:344,AF910FAA-BDA7-544C-AFD8-C495EEF69F36:b'run-parts --lsbsysinit /etc/update-motd.d':0,CLONE,7BA2C196-9E66-59BE-921A-F57FF6589224,b'/bin/sh -e /usr/lib/update-notifier/update-motd-updates-available':0,ta1-theia-1
1557758884.073:340,AF910FAA-BDA7-544C-AFD8-C495EEF69F36:b'run-parts --lsbsysinit /etc/update-motd.d':0,CLONE,109EAC00-363F-5AB9-956D-70D432B0998E,b'/bin/sh -e /usr/lib/update-notifier/update-motd-updates-available':0,ta1-theia-1
1557758884.025:336,AF910FAA-BDA7-544C-AFD8-C495EEF69F36:b'run-parts --lsbsysinit /etc/update-motd.d':0,CLONE,E4406F2D-6F68-58DB-A887-D2C816836719,b'/bin/sh -e /usr/lib/update-notifier/update-motd-updates-available':0,ta1-theia-1
1557758883.969:332,AF910FAA-BDA7-544C-AFD8-C495EEF69F36:b'run-parts --lsbsysinit /etc/update-motd.d':0,CLONE,52BDADE7-295E-53FB-A527-28895C799FA1,b'/bin/sh -e /usr/lib/update-notifier/update-motd-updates-available':0,ta1-theia-1
1557758883.913:328,AF910FAA-BDA7-544C-AFD8-C495EEF69F36:b'run-parts --lsbsysinit /etc/update-motd.d':0,CLONE,2A72BBF6-9ADA-549F-A529-A6669C1082F1,b'/bin/sh -e /usr/lib/update-notifier/update-motd-updates-available':0,ta1-theia-1
1557758883.857:324,AF910FAA-BDA7-544C-AFD8-C495EEF69F36:b'run-parts --lsbsysinit /etc/update-motd.d':0,CLONE,91F63364-7700-5582-B61C-A43B44364D79,b'/bin/sh -e /usr/lib/update-notifier/update-motd-updates-available':0,ta1-theia-1
1557758883.801:320,AF910FAA-BDA7-544C-AFD8-C495EEF69F36:b'run-parts --lsbsysinit /etc/update-motd.d':0,CLONE,949431CF-D92D-5018-8DEA-7DBCDEDF37F1,b'/bin/sh -e /usr/lib/update-notifier/update-motd-updates-available':0,ta1-theia-1
1557758883.745:316,AF910FAA-BDA7-544C-AFD8-C495EEF69F36:b'run-parts --lsbsysinit /etc/update-motd.d':0,CLONE,D99C5F16-3572-5F43-B353-79114A36AF9F,b'/bin/sh -e /usr/lib/update-notifier/update-motd-updates-available':0,ta1-theia-1
1557758883.689:312,AF910FAA-BDA7-544C-AFD8-C495EEF69F36:b'run-parts --lsbsysinit /etc/update-motd.d':0,CLONE,37B32B14-63B2-5C84-9D91-8161C982BF8E,b'/bin/sh -e /usr/lib/update-notifier/update-motd-updates-available':0,ta1-theia-1
1557758883.633:308,AF910FAA-BDA7-544C-AFD8-C495EEF69F36:b'run-parts --lsbsysinit /etc/update-motd.d':0,CLONE,3157A3FB-0540-5810-B525-787D32A2E80F,b'/bin/sh -e /usr/lib/update-notifier/update-motd-updates-available':0,ta1-theia-1
1557758883.577:304,AF910FAA-BDA7-544C-AFD8-C495EEF69F36:b'run-parts --lsbsysinit /etc/update-motd.d':0,CLONE,83566C57-8D8A-5F68-921A-4653C03325F9,b'/bin/sh -e /usr/lib/update-notifier/update-motd-updates-available':0,ta1-theia-1
1557758883.525:300,AF910FAA-BDA7-544C-AFD8-C495EEF69F36:b'run-parts --lsbsysinit /etc/update-motd.d':0,CLONE,7FA8FE2A-D89E-5890-8E04-CAF5E826E34F,b'/bin/sh -e /usr/lib/update-notifier/update-motd-updates-available':0,ta1-theia-1
1557758883.477:296,AF910FAA-BDA7-544C-AFD8-C495EEF69F36:b'run-parts --lsbsysinit /etc/update-motd.d':0,CLONE,F9A068B9-1C69-50A8-9AB8-2EF2C6FDD265,b'/bin/sh -e /usr/lib/update-notifier/update-motd-updates-available':0,ta1-theia-1
1557758883.429:292,AF910FAA-BDA7-544C-AFD8-C495EEF69F36:b'run-parts --lsbsysinit /etc/update-motd.d':0,CLONE,E98555D5-239A-5251-81A2-09EE5319DEFD,b'/bin/sh -e /usr/lib/update-notifier/update-motd-updates-available':0,ta1-theia-1
1557758883.381:288,AF910FAA-BDA7-544C-AFD8-C495EEF69F36:b'run-parts --lsbsysinit /etc/update-motd.d':0,CLONE,7F1877A5-8AB2-51EF-8C1E-C7CF4537D5CF,b'/bin/sh -e /usr/lib/update-notifier/update-motd-updates-available':0,ta1-theia-1
1557758883.333:284,AF910FAA-BDA7-544C-AFD8-C495EEF69F36:b'run-parts --lsbsysinit /etc/update-motd.d':0,CLONE,9882B715-FB3F-5F91-B0B4-F2DBE0712BF4,b'/bin/sh -e /usr/lib/update-notifier/update-motd-updates-available':0,ta1-theia-1
1557758883.269:280,AF910FAA-BDA7-544C-AFD8-C495EEF69F36:b'run-parts --lsbsysinit /etc/update-motd.d':0,CLONE,6E65C7F1-F9C6-5905-BCD9-5F09245BFE76,b'/bin/sh -e /usr/lib/update-notifier/update-motd-updates-available':0,ta1-theia-1
1557758883.217:276,AF910FAA-BDA7-544C-AFD8-C495EEF69F36:b'run-parts --lsbsysinit /etc/update-motd.d':0,CLONE,72AE29EF-9A24-5A70-B048-00024E81AB03,b'/bin/sh -e /usr/lib/update-notifier/update-motd-updates-available':0,ta1-theia-1
1557758883.165:272,AF910FAA-BDA7-544C-AFD8-C495EEF69F36:b'run-parts --lsbsysinit /etc/update-motd.d':0,CLONE,B5D55487-A0C1-5243-91B1-D08ACF0DAA96,b'/bin/sh -e /usr/lib/update-notifier/update-motd-updates-available':0,ta1-theia-1
1557758883.113:268,AF910FAA-BDA7-544C-AFD8-C495EEF69F36:b'run-parts --lsbsysinit /etc/update-motd.d':0,CLONE,9504E737-7208-536D-BCCF-0C35D85D1032,b'/bin/sh -e /usr/lib/update-notifier/update-motd-updates-available':0,ta1-theia-1
1557758883.061:264,AF910FAA-BDA7-544C-AFD8-C495EEF69F36:b'run-parts --lsbsysinit /etc/update-motd.d':0,CLONE,DF957AF6-D870-5C34-BCDF-419FABE3AC56,b'/bin/sh -e /usr/lib/update-notifier/update-motd-updates-available':0,ta1-theia-1
1557758883.009:260,AF910FAA-BDA7-544C-AFD8-C495EEF69F36:b'run-parts --lsbsysinit /etc/update-motd.d':0,CLONE,B18C3947-768C-5BA2-9875-908DD1902339,b'/bin/sh -e /usr/lib/update-notifier/update-motd-updates-available':0,ta1-theia-1
1557758882.961:256,AF910FAA-BDA7-544C-AFD8-C495EEF69F36:b'run-parts --lsbsysinit /etc/update-motd.d':0,CLONE,8C5EEF48-FCB6-55C0-A2B5-EE5A810B65CC,b'/bin/sh -e /usr/lib/update-notifier/update-motd-updates-available':0,ta1-theia-1
1557758882.913:252,AF910FAA-BDA7-544C-AFD8-C495EEF69F36:b'run-parts --lsbsysinit /etc/update-motd.d':0,CLONE,621135CB-5964-5BE2-BC10-7738E8E78F86,b'/bin/sh -e /usr/lib/update-notifier/update-motd-updates-available':0,ta1-theia-1
1557758882.857:248,AF910FAA-BDA7-544C-AFD8-C495EEF69F36:b'run-parts --lsbsysinit /etc/update-motd.d':0,CLONE,849A25B4-C5F3-5DD8-B6BC-2AD5BA56324E,b'/bin/sh -e /usr/lib/update-notifier/update-motd-updates-available':0,ta1-theia-1
1557758882.801:244,AF910FAA-BDA7-544C-AFD8-C495EEF69F36:b'run-parts --lsbsysinit /etc/update-motd.d':0,CLONE,65FDAA45-7F65-5887-A6D0-86B9E327F382,b'/bin/sh -e /usr/lib/update-notifier/update-motd-updates-available':0,ta1-theia-1
1557758882.745:240,AF910FAA-BDA7-544C-AFD8-C495EEF69F36:b'run-parts --lsbsysinit /etc/update-motd.d':0,CLONE,D68FC4BB-2C72-5BA2-904B-FCEF7B29D3C1,b'/bin/sh -e /usr/lib/update-notifier/update-motd-updates-available':0,ta1-theia-1
1557758882.697:236,AF910FAA-BDA7-544C-AFD8-C495EEF69F36:b'run-parts --lsbsysinit /etc/update-motd.d':0,CLONE,62D86949-8560-5A76-AE34-09CA0BFC06E7,b'/bin/sh -e /usr/lib/update-notifier/update-motd-updates-available':0,ta1-theia-1
1557758882.649:232,AF910FAA-BDA7-544C-AFD8-C495EEF69F36:b'run-parts --lsbsysinit /etc/update-motd.d':0,CLONE,5D3FC78E-ABEC-5C77-8987-D428E5D8C7CA,b'/bin/sh -e /usr/lib/update-notifier/update-motd-updates-available':0,ta1-theia-1
1557758882.597:228,AF910FAA-BDA7-544C-AFD8-C495EEF69F36:b'run-parts --lsbsysinit /etc/update-motd.d':0,CLONE,932E6032-F3AE-5CE2-A437-01AE14A36D0C,b'/bin/sh -e /usr/lib/update-notifier/update-motd-updates-available':0,ta1-theia-1
1557758882.545:224,AF910FAA-BDA7-544C-AFD8-C495EEF69F36:b'run-parts --lsbsysinit /etc/update-motd.d':0,CLONE,50248577-F13C-5D76-98CE-A5476E57AE0B,b'/bin/sh -e /usr/lib/update-notifier/update-motd-updates-available':0,ta1-theia-1
1557758882.493:220,AF910FAA-BDA7-544C-AFD8-C495EEF69F36:b'run-parts --lsbsysinit /etc/update-motd.d':0,CLONE,EAA7CC2F-7846-5C74-9E7D-74034ED72F5E,b'/bin/sh -e /usr/lib/update-notifier/update-motd-updates-available':0,ta1-theia-1
1557758882.441:216,AF910FAA-BDA7-544C-AFD8-C495EEF69F36:b'run-parts --lsbsysinit /etc/update-motd.d':0,CLONE,F16EA99B-8F63-5A1B-87C8-73F8C2FF3502,b'/bin/sh -e /usr/lib/update-notifier/update-motd-updates-available':0,ta1-theia-1
1557758882.381:212,AF910FAA-BDA7-544C-AFD8-C495EEF69F36:b'run-parts --lsbsysinit /etc/update-motd.d':0,CLONE,A91D13CC-9FE2-5019-A717-24497C85CEC1,b'/bin/sh -e /usr/lib/update-notifier/update-motd-updates-available':0,ta1-theia-1
1557758882.329:208,AF910FAA-BDA7-544C-AFD8-C495EEF69F36:b'run-parts --lsbsysinit /etc/update-motd.d':0,CLONE,68193A37-F286-5FB4-B8EE-8F6A24D661D8,b'/bin/sh -e /usr/lib/update-notifier/update-motd-updates-available':0,ta1-theia-1
1557758882.281:204,AF910FAA-BDA7-544C-AFD8-C495EEF69F36:b'run-parts --lsbsysinit /etc/update-motd.d':0,CLONE,D5FB7174-052A-548A-BC2A-3B6D6098A1A5,b'/bin/sh -e /usr/lib/update-notifier/update-motd-updates-available':0,ta1-theia-1
1557758882.229:200,AF910FAA-BDA7-544C-AFD8-C495EEF69F36:b'run-parts --lsbsysinit /etc/update-motd.d':0,CLONE,2A85AC27-F30C-54D6-8757-6329D82A4AE1,b'/bin/sh -e /usr/lib/update-notifier/update-motd-updates-available':0,ta1-theia-1
1557758882.177:196,AF910FAA-BDA7-544C-AFD8-C495EEF69F36:b'run-parts --lsbsysinit /etc/update-motd.d':0,CLONE,E0216D98-72A2-5226-A77E-A6C6CC3BB797,b'/bin/sh -e /usr/lib/update-notifier/update-motd-updates-available':0,ta1-theia-1
1557758882.057:192,AF910FAA-BDA7-544C-AFD8-C495EEF69F36:b'run-parts --lsbsysinit /etc/update-motd.d':0,CLONE,176A299F-FAEC-5202-A385-31D45C92D163,b'/bin/sh -e /usr/lib/update-notifier/update-motd-updates-available':0,ta1-theia-1
1557758882.009:188,AF910FAA-BDA7-544C-AFD8-C495EEF69F36:b'run-parts --lsbsysinit /etc/update-motd.d':0,CLONE,DB9E6D65-6D80-599A-8964-B146B7A52313,b'/bin/sh -e /usr/lib/update-notifier/update-motd-updates-available':0,ta1-theia-1
1557758881.961:184,AF910FAA-BDA7-544C-AFD8-C495EEF69F36:b'run-parts --lsbsysinit /etc/update-motd.d':0,CLONE,38EB33AC-7BA7-53BB-A050-BF748D9ECFAD,b'/bin/sh -e /usr/lib/update-notifier/update-motd-updates-available':0,ta1-theia-1
1557758881.910:180,AF910FAA-BDA7-544C-AFD8-C495EEF69F36:b'run-parts --lsbsysinit /etc/update-motd.d':0,CLONE,AADF8821-5E32-511A-B36C-0D65FF2D8DC1,b'/bin/sh -e /usr/lib/update-notifier/update-motd-updates-available':0,ta1-theia-1
1557758881.857:176,AF910FAA-BDA7-544C-AFD8-C495EEF69F36:b'run-parts --lsbsysinit /etc/update-motd.d':0,CLONE,FA081405-6082-5000-A349-A54AEC8F1B5C,b'/bin/sh -e /usr/lib/update-notifier/update-motd-updates-available':0,ta1-theia-1
1557758881.805:172,AF910FAA-BDA7-544C-AFD8-C495EEF69F36:b'run-parts --lsbsysinit /etc/update-motd.d':0,CLONE,52E42298-C500-5703-94E7-2DBDBA105ACB,b'/bin/sh -e /usr/lib/update-notifier/update-motd-updates-available':0,ta1-theia-1
1557758881.753:168,AF910FAA-BDA7-544C-AFD8-C495EEF69F36:b'run-parts --lsbsysinit /etc/update-motd.d':0,CLONE,3BF5444C-7EF7-5694-A8A5-010F5A002ADD,b'/bin/sh -e /usr/lib/update-notifier/update-motd-updates-available':0,ta1-theia-1
1557758881.701:164,AF910FAA-BDA7-544C-AFD8-C495EEF69F36:b'run-parts --lsbsysinit /etc/update-motd.d':0,CLONE,AC771025-9B43-5C9F-87FE-1DD060F53704,b'/bin/sh -e /usr/lib/update-notifier/update-motd-updates-available':0,ta1-theia-1
1557758881.649:160,AF910FAA-BDA7-544C-AFD8-C495EEF69F36:b'run-parts --lsbsysinit /etc/update-motd.d':0,CLONE,5CC32E15-A52A-5F99-A548-9972AD66E29E,b'/bin/sh -e /usr/lib/update-notifier/update-motd-updates-available':0,ta1-theia-1
1557758881.593:156,AF910FAA-BDA7-544C-AFD8-C495EEF69F36:b'run-parts --lsbsysinit /etc/update-motd.d':0,CLONE,6377FA22-47DF-5A70-9E51-A601D4B1A1B0,b'/bin/sh -e /usr/lib/update-notifier/update-motd-updates-available':0,ta1-theia-1
1557758881.541:152,AF910FAA-BDA7-544C-AFD8-C495EEF69F36:b'run-parts --lsbsysinit /etc/update-motd.d':0,CLONE,EEBAF171-BA51-5631-B29C-BA859E0CC687,b'/bin/sh -e /usr/lib/update-notifier/update-motd-updates-available':0,ta1-theia-1
1557758881.481:148,AF910FAA-BDA7-544C-AFD8-C495EEF69F36:b'run-parts --lsbsysinit /etc/update-motd.d':0,CLONE,0336F519-CBB9-52A0-A040-1AB10B5C129D,b'/bin/sh -e /usr/lib/update-notifier/update-motd-updates-available':0,ta1-theia-1
1557758881.421:144,AF910FAA-BDA7-544C-AFD8-C495EEF69F36:b'run-parts --lsbsysinit /etc/update-motd.d':0,CLONE,30E90687-7735-5912-9CC0-6EB32461D758,b'/bin/sh -e /usr/lib/update-notifier/update-motd-updates-available':0,ta1-theia-1
1557758881.365:140,AF910FAA-BDA7-544C-AFD8-C495EEF69F36:b'run-parts --lsbsysinit /etc/update-motd.d':0,CLONE,81B2F676-F459-5033-9A37-C528AB12D24C,b'/bin/sh -e /usr/lib/update-notifier/update-motd-updates-available':0,ta1-theia-1
1557758881.317:136,AF910FAA-BDA7-544C-AFD8-C495EEF69F36:b'run-parts --lsbsysinit /etc/update-motd.d':0,CLONE,43F9D87F-EA97-5DB6-B108-6564333CB213,b'/bin/sh -e /usr/lib/update-notifier/update-motd-updates-available':0,ta1-theia-1
1557758881.265:132,AF910FAA-BDA7-544C-AFD8-C495EEF69F36:b'run-parts --lsbsysinit /etc/update-motd.d':0,CLONE,A896494F-67CF-5446-9424-143374D93020,b'/bin/sh -e /usr/lib/update-notifier/update-motd-updates-available':0,ta1-theia-1
1557758881.213:128,AF910FAA-BDA7-544C-AFD8-C495EEF69F36:b'run-parts --lsbsysinit /etc/update-motd.d':0,CLONE,EB08F920-E1AD-511C-98DA-52CA182F1C10,b'/bin/sh -e /usr/lib/update-notifier/update-motd-updates-available':0,ta1-theia-1
1557758881.161:124,AF910FAA-BDA7-544C-AFD8-C495EEF69F36:b'run-parts --lsbsysinit /etc/update-motd.d':0,CLONE,0F13D599-F38B-5D20-A74B-6EF7F8DD0928,b'/bin/sh -e /usr/lib/update-notifier/update-motd-updates-available':0,ta1-theia-1
1557758881.109:120,AF910FAA-BDA7-544C-AFD8-C495EEF69F36:b'run-parts --lsbsysinit /etc/update-motd.d':0,CLONE,C2E6C610-B536-5CDE-87E5-CE88989BD4C2,b'/bin/sh -e /usr/lib/update-notifier/update-motd-updates-available':0,ta1-theia-1
1557758881.057:116,AF910FAA-BDA7-544C-AFD8-C495EEF69F36:b'run-parts --lsbsysinit /etc/update-motd.d':0,CLONE,D1449469-6211-5298-9AD5-658B1E8063C6,b'/bin/sh -e /usr/lib/update-notifier/update-motd-updates-available':0,ta1-theia-1
1557758881.005:112,AF910FAA-BDA7-544C-AFD8-C495EEF69F36:b'run-parts --lsbsysinit /etc/update-motd.d':0,CLONE,F82CCA29-12C5-596A-B6B2-1C2D72CC98CF,b'/bin/sh -e /usr/lib/update-notifier/update-motd-updates-available':0,ta1-theia-1
1557758880.957:108,AF910FAA-BDA7-544C-AFD8-C495EEF69F36:b'run-parts --lsbsysinit /etc/update-motd.d':0,CLONE,B9B2F9CC-F997-5FD8-8C5E-55216F51FAA2,b'/bin/sh -e /usr/lib/update-notifier/update-motd-updates-available':0,ta1-theia-1
1557758880.905:104,AF910FAA-BDA7-544C-AFD8-C495EEF69F36:b'run-parts --lsbsysinit /etc/update-motd.d':0,CLONE,53359DE4-4929-552B-971B-982875C4681D,b'/bin/sh -e /usr/lib/update-notifier/update-motd-updates-available':0,ta1-theia-1
1557758880.857:100,AF910FAA-BDA7-544C-AFD8-C495EEF69F36:b'run-parts --lsbsysinit /etc/update-motd.d':0,CLONE,CDE08122-60DE-57D5-B5C8-36479022A274,b'/bin/sh -e /usr/lib/update-notifier/update-motd-updates-available':0,ta1-theia-1
1557758880.809:96,AF910FAA-BDA7-544C-AFD8-C495EEF69F36:b'run-parts --lsbsysinit /etc/update-motd.d':0,CLONE,829378B2-488F-59EE-B650-BD4547747F15,b'/bin/sh -e /usr/lib/update-notifier/update-motd-updates-available':0,ta1-theia-1
1557758880.761:92,AF910FAA-BDA7-544C-AFD8-C495EEF69F36:b'run-parts --lsbsysinit /etc/update-motd.d':0,CLONE,CA47929D-C857-56C6-8F7F-99F6C8410017,b'/bin/sh -e /usr/lib/update-notifier/update-motd-updates-available':0,ta1-theia-1
1557758880.713:88,AF910FAA-BDA7-544C-AFD8-C495EEF69F36:b'run-parts --lsbsysinit /etc/update-motd.d':0,CLONE,011122DE-EC56-51C8-9789-51A507286362,b'/bin/sh -e /usr/lib/update-notifier/update-motd-updates-available':0,ta1-theia-1
1557758880.665:84,AF910FAA-BDA7-544C-AFD8-C495EEF69F36:b'run-parts --lsbsysinit /etc/update-motd.d':0,CLONE,93BE929F-88CC-5DE5-A8C9-21656507DB3D,b'/bin/sh -e /usr/lib/update-notifier/update-motd-updates-available':0,ta1-theia-1
1557758880.613:80,AF910FAA-BDA7-544C-AFD8-C495EEF69F36:b'run-parts --lsbsysinit /etc/update-motd.d':0,CLONE,AC7D8DE0-A02B-5825-BE68-8DE5E61B5BC1,b'/bin/sh -e /usr/lib/update-notifier/update-motd-updates-available':0,ta1-theia-1
1557758880.553:76,AF910FAA-BDA7-544C-AFD8-C495EEF69F36:b'run-parts --lsbsysinit /etc/update-motd.d':0,CLONE,44C4DF05-0336-5A51-B849-69061AB75715,b'/bin/sh -e /usr/lib/update-notifier/update-motd-updates-available':0,ta1-theia-1
1557758880.501:72,AF910FAA-BDA7-544C-AFD8-C495EEF69F36:b'run-parts --lsbsysinit /etc/update-motd.d':0,CLONE,2818F602-5C43-5A19-AD22-E3AF07D06389,b'/bin/sh -e /usr/lib/update-notifier/update-motd-updates-available':0,ta1-theia-1
1557758880.449:68,AF910FAA-BDA7-544C-AFD8-C495EEF69F36:b'run-parts --lsbsysinit /etc/update-motd.d':0,CLONE,EDC89193-2195-5235-A0A9-11DA3463A908,b'/bin/sh -e /usr/lib/update-notifier/update-motd-updates-available':0,ta1-theia-1
1557758880.397:64,AF910FAA-BDA7-544C-AFD8-C495EEF69F36:b'run-parts --lsbsysinit /etc/update-motd.d':0,CLONE,ADB08E56-2479-5E50-B14F-26E4FD068F25,b'/bin/sh -e /usr/lib/update-notifier/update-motd-updates-available':0,ta1-theia-1
1557758880.345:60,AF910FAA-BDA7-544C-AFD8-C495EEF69F36:b'run-parts --lsbsysinit /etc/update-motd.d':0,CLONE,78D488BB-E797-54F4-8D04-AA540C118E01,b'/bin/sh -e /usr/lib/update-notifier/update-motd-updates-available':0,ta1-theia-1
1557758880.289:56,AF910FAA-BDA7-544C-AFD8-C495EEF69F36:b'run-parts --lsbsysinit /etc/update-motd.d':0,CLONE,A4532AC2-638E-5280-8A90-1164C15999A1,b'/bin/sh -e /usr/lib/update-notifier/update-motd-updates-available':0,ta1-theia-1
1557758880.233:52,AF910FAA-BDA7-544C-AFD8-C495EEF69F36:b'run-parts --lsbsysinit /etc/update-motd.d':0,CLONE,EF22351A-E34D-50BA-8B87-12CC7B7A85B6,b'/bin/sh -e /usr/lib/update-notifier/update-motd-updates-available':0,ta1-theia-1
1557758880.178:48,AF910FAA-BDA7-544C-AFD8-C495EEF69F36:b'run-parts --lsbsysinit /etc/update-motd.d':0,CLONE,85531840-7F97-5526-8EA5-C0306DFBA87A,b'/bin/sh -e /usr/lib/update-notifier/update-motd-updates-available':0,ta1-theia-1
1557758880.070:105,3E51537F-1FA8-51D3-A56F-C3B9466C8366:b'/bin/sh -e /usr/lib/update-notifier/update-motd-updates-available':0,CLONE,4872FD14-E5BE-5F09-9BEC-E405DE3F5EA0,b'apt-config shell ListDir Dir::State::Lists':0,ta1-theia-1
1557758880.061:43,AF910FAA-BDA7-544C-AFD8-C495EEF69F36:b'run-parts --lsbsysinit /etc/update-motd.d':0,CLONE,3E51537F-1FA8-51D3-A56F-C3B9466C8366,b'/bin/sh -e /usr/lib/update-notifier/update-motd-updates-available':0,ta1-theia-1
1557758879.938:105,D2EE250A-D725-53D3-91D5-68A47BC70CAF:b'/bin/sh -e /usr/lib/update-notifier/update-motd-updates-available':0,CLONE,8EAE2871-9EFA-58EE-8AF8-640FF9E877F4,b'apt-config shell StateDir Dir::State':0,ta1-theia-1
1557758879.846:39,AF910FAA-BDA7-544C-AFD8-C495EEF69F36:b'run-parts --lsbsysinit /etc/update-motd.d':0,CLONE,D2EE250A-D725-53D3-91D5-68A47BC70CAF,b'/bin/sh -e /usr/lib/update-notifier/update-motd-updates-available':0,ta1-theia-1
1557758879.844:35,AF910FAA-BDA7-544C-AFD8-C495EEF69F36:b'run-parts --lsbsysinit /etc/update-motd.d':0,CLONE,EE81BFFA-D8EC-50C7-ABC2-30EBD73BF9FF,b'/bin/sh -e /usr/lib/update-notifier/update-motd-updates-available':0,ta1-theia-1
1557758879.841:30,1FEF9601-8759-5429-9F0A-BB9BEAEA896C:b'sh -c /usr/bin/env -i PATH=/usr/local/sbin:/usr/local/bin:/usr/sbin:/usr/bin:/sbin:/bin run-parts --lsbsysinit /etc/update-motd.d > /var/run/motd.new':0,CLONE,AF910FAA-BDA7-544C-AFD8-C495EEF69F36,b'run-parts --lsbsysinit /etc/update-motd.d':0,ta1-theia-1
1557758879.785:4,03398F1E-E510-5E9C-9529-4AA2A5C72BB7:b'/usr/bin/python /usr/bin/landscape-sysinfo':0,EXECUTE,0100D00F-C326-0C00-0000-0000B790005A,/usr/bin/who:0,ta1-theia-1
1557758879.781:5035,89A53F62-9A52-56E7-85B2-F2CEAE0FEEB7:b'/bin/sh /etc/update-motd.d/50-landscape-sysinfo':0,CLONE,03398F1E-E510-5E9C-9529-4AA2A5C72BB7,b'/usr/bin/python /usr/bin/landscape-sysinfo':0,ta1-theia-1
1557758879.637:1903,89A53F62-9A52-56E7-85B2-F2CEAE0FEEB7:b'/bin/sh /etc/update-motd.d/50-landscape-sysinfo':0,CLONE,CBEE15F8-4505-5316-86E5-AAB038B5F69C,b'/usr/bin/python /usr/bin/landscape-sysinfo':0,ta1-theia-1
1557758879.595:16,4876A44B-F9B1-588F-AF80-36B983A4C081:b'/usr/bin/python /usr/bin/landscape-sysinfo':0,CLONE,561FE7AF-A90A-585E-B487-B8688F488133,b'sh -c /sbin/ldconfig -p 2>/dev/null':0,ta1-theia-1
1557758879.594:1732,89A53F62-9A52-56E7-85B2-F2CEAE0FEEB7:b'/bin/sh /etc/update-motd.d/50-landscape-sysinfo':0,CLONE,4876A44B-F9B1-588F-AF80-36B983A4C081,b'/usr/bin/python /usr/bin/landscape-sysinfo':0,ta1-theia-1
1557758879.582:16,7935CC54-3586-56CF-BEDE-0BCC611BABE8:b'/usr/bin/python /usr/bin/landscape-sysinfo':0,CLONE,18FF2B51-D936-5E17-8D46-CB7CAA4206B2,b'sh -c /sbin/ldconfig -p 2>/dev/null':0,ta1-theia-1
1557758879.581:1707,89A53F62-9A52-56E7-85B2-F2CEAE0FEEB7:b'/bin/sh /etc/update-motd.d/50-landscape-sysinfo':0,CLONE,7935CC54-3586-56CF-BEDE-0BCC611BABE8,b'/usr/bin/python /usr/bin/landscape-sysinfo':0,ta1-theia-1
1557758879.406:29,040452A0-1A77-528B-8D56-6BB12F969DDC:b'run-parts --lsbsysinit /etc/update-motd.d':0,CLONE,89A53F62-9A52-56E7-85B2-F2CEAE0FEEB7,b'/bin/sh /etc/update-motd.d/50-landscape-sysinfo':0,ta1-theia-1
1557758879.402:27,040452A0-1A77-528B-8D56-6BB12F969DDC:b'run-parts --lsbsysinit /etc/update-motd.d':0,CLONE,36428C8E-AF25-5AE8-A570-24AF4E361026,b'/bin/sh /etc/update-motd.d/50-landscape-sysinfo':0,ta1-theia-1
1557758879.386:1,B2D38413-E0C0-56BD-87BB-146B60824428:b'/bin/sh /etc/update-motd.d/50-landscape-sysinfo':0,CLONE,AA3613AE-30A6-5AFF-AF42-2858845521E5,b'/bin/sh /etc/update-motd.d/50-landscape-sysinfo':0,ta1-theia-1
1557758879.382:2,D8320A6B-5D89-5A92-B782-9CBB38C7D793:b'/bin/sh /etc/update-motd.d/50-landscape-sysinfo':0,CLONE,83AC4E92-776F-55D4-9C78-E54A04E64D3D,b'/bin/sh /etc/update-motd.d/50-landscape-sysinfo':0,ta1-theia-1
1557758879.382:1,D8320A6B-5D89-5A92-B782-9CBB38C7D793:b'/bin/sh /etc/update-motd.d/50-landscape-sysinfo':0,CLONE,B2D38413-E0C0-56BD-87BB-146B60824428,b'/bin/sh /etc/update-motd.d/50-landscape-sysinfo':0,ta1-theia-1
1557758879.381:22,040452A0-1A77-528B-8D56-6BB12F969DDC:b'run-parts --lsbsysinit /etc/update-motd.d':0,CLONE,D8320A6B-5D89-5A92-B782-9CBB38C7D793,b'/bin/sh /etc/update-motd.d/50-landscape-sysinfo':0,ta1-theia-1
1557758879.369:18,040452A0-1A77-528B-8D56-6BB12F969DDC:b'run-parts --lsbsysinit /etc/update-motd.d':0,CLONE,D006A4AB-A084-5610-BAFE-30D9F15DBBAE,b'/bin/sh /etc/update-motd.d/50-landscape-sysinfo':0,ta1-theia-1
1557758879.366:29,1FEF9601-8759-5429-9F0A-BB9BEAEA896C:b'sh -c /usr/bin/env -i PATH=/usr/local/sbin:/usr/local/bin:/usr/sbin:/usr/bin:/sbin:/bin run-parts --lsbsysinit /etc/update-motd.d > /var/run/motd.new':0,CLONE,040452A0-1A77-528B-8D56-6BB12F969DDC,b'run-parts --lsbsysinit /etc/update-motd.d':0,ta1-theia-1
1557758879.352:24,010E1AEE-18A2-5AFD-BFB4-1111D566A089:b'run-parts --lsbsysinit /etc/update-motd.d':0,CLONE,76B1E15C-97A0-52CA-B24F-0F734AF1C591,b'/bin/sh /etc/update-motd.d/10-help-text':0,ta1-theia-1
1557758879.352:23,010E1AEE-18A2-5AFD-BFB4-1111D566A089:b'run-parts --lsbsysinit /etc/update-motd.d':0,CLONE,B2E5BA32-D481-513E-9EE5-D0BB03902855,b'/bin/sh /etc/update-motd.d/10-help-text':0,ta1-theia-1
1557758879.349:28,1FEF9601-8759-5429-9F0A-BB9BEAEA896C:b'sh -c /usr/bin/env -i PATH=/usr/local/sbin:/usr/local/bin:/usr/sbin:/usr/bin:/sbin:/bin run-parts --lsbsysinit /etc/update-motd.d > /var/run/motd.new':0,CLONE,010E1AEE-18A2-5AFD-BFB4-1111D566A089,b'run-parts --lsbsysinit /etc/update-motd.d':0,ta1-theia-1
1557758879.341:31,4F581B13-9E2D-5642-972B-5911E3C8F5FC:b'run-parts --lsbsysinit /etc/update-motd.d':0,CLONE,46FF31AF-848F-5A53-9C0E-3F2139F34251,b'/bin/sh /etc/update-motd.d/00-header':0,ta1-theia-1
1557758879.334:27,4F581B13-9E2D-5642-972B-5911E3C8F5FC:b'run-parts --lsbsysinit /etc/update-motd.d':0,CLONE,9B3BE4AB-DD2E-59D2-8F7E-3E891513A99E,b'/bin/sh /etc/update-motd.d/00-header':0,ta1-theia-1
1557758879.331:23,4F581B13-9E2D-5642-972B-5911E3C8F5FC:b'run-parts --lsbsysinit /etc/update-motd.d':0,CLONE,F6E2A6A3-FAE8-5167-98B4-5F27E6E3EEB6,b'/bin/sh /etc/update-motd.d/00-header':0,ta1-theia-1
1557758879.318:27,1FEF9601-8759-5429-9F0A-BB9BEAEA896C:b'sh -c /usr/bin/env -i PATH=/usr/local/sbin:/usr/local/bin:/usr/sbin:/usr/bin:/sbin:/bin run-parts --lsbsysinit /etc/update-motd.d > /var/run/motd.new':0,CLONE,4F581B13-9E2D-5642-972B-5911E3C8F5FC,b'run-parts --lsbsysinit /etc/update-motd.d':0,ta1-theia-1
1557758879.314:16,5A104305-9B9D-5D14-A141-793C047CB5D0:b'sshd: admin [priv]  ':0,CLONE,1FEF9601-8759-5429-9F0A-BB9BEAEA896C,b'sh -c /usr/bin/env -i PATH=/usr/local/sbin:/usr/local/bin:/usr/sbin:/usr/bin:/sbin:/bin run-parts --lsbsysinit /etc/update-motd.d > /var/run/motd.new':0,ta1-theia-1
1557758879.311:554,7EA37FC1-3B66-52AB-B9CF-D8DFE0AC1BE9:b'/usr/sbin/sshd -D':0,CLONE,5A104305-9B9D-5D14-A141-793C047CB5D0,b'sshd: admin [priv]  ':0,ta1-theia-1
1557758877.983:309,7EA37FC1-3B66-52AB-B9CF-D8DFE0AC1BE9:b'/usr/sbin/sshd -D':0,READ,0100D00F-0B00-5800-0000-0000678E005A,/etc/hosts:0,ta1-theia-1
1557758877.983:308,7EA37FC1-3B66-52AB-B9CF-D8DFE0AC1BE9:b'/usr/sbin/sshd -D':0,READ,0100D00F-0B00-5800-0000-0000678E005A,/etc/hosts:0,ta1-theia-1
1557758877.983:299,7EA37FC1-3B66-52AB-B9CF-D8DFE0AC1BE9:b'/usr/sbin/sshd -D':0,READ,0100D00F-0B00-5800-0000-0000678E005A,/etc/hosts:0,ta1-theia-1
1557758877.937:274,7EA37FC1-3B66-52AB-B9CF-D8DFE0AC1BE9:b'/usr/sbin/sshd -D':0,CLONE,E7322C38-AAEF-5225-997A-A67A997AD21D,b'sshd: [accepted]    ':0,ta1-theia-1
1557758877.370:5373,84053D48-9767-59AE-A797-BAC5E4ED3368:null:null,CLONE,7EA37FC1-3B66-52AB-B9CF-D8DFE0AC1BE9,b'/usr/sbin/sshd -D':0,ta1-theia-1
1557758873.437:15802,94E4DFBD-838C-514F-903B-19CAECEF6F62:null:null,READ,0100D00F-0B00-5800-0000-0000678E005A,/etc/hosts:0,ta1-theia-1
1557758873.437:15801,94E4DFBD-838C-514F-903B-19CAECEF6F62:null:null,READ,0100D00F-0B00-5800-0000-0000678E005A,/etc/hosts:0,ta1-theia-1
1557758873.436:15797,94E4DFBD-838C-514F-903B-19CAECEF6F62:null:null,READ,0100D00F-0B00-5800-0000-0000678E005A,/etc/hosts:0,ta1-theia-1
1557758868.653:528955,CC7C9A7F-4BD4-5E0F-88B4-3EA111554703:null:null,READ,0100D00F-0B00-5800-0000-0000678E005A,/etc/hosts:0,ta1-theia-1
1557758868.653:528954,CC7C9A7F-4BD4-5E0F-88B4-3EA111554703:null:null,READ,0100D00F-0B00-5800-0000-0000678E005A,/etc/hosts:0,ta1-theia-1
1557758860.651:528914,CC7C9A7F-4BD4-5E0F-88B4-3EA111554703:null:null,READ,0100D00F-0B00-5800-0000-0000678E005A,/etc/hosts:0,ta1-theia-1
1557758860.651:528913,CC7C9A7F-4BD4-5E0F-88B4-3EA111554703:null:null,READ,0100D00F-0B00-5800-0000-0000678E005A,/etc/hosts:0,ta1-theia-1
1557758854.914:528869,CC7C9A7F-4BD4-5E0F-88B4-3EA111554703:null:null,READ,0100D00F-0B00-5800-0000-0000678E005A,/etc/hosts:0,ta1-theia-1
1557758854.914:528868,CC7C9A7F-4BD4-5E0F-88B4-3EA111554703:null:null,READ,0100D00F-0B00-5800-0000-0000678E005A,/etc/hosts:0,ta1-theia-1
1557758827.568:528834,CC7C9A7F-4BD4-5E0F-88B4-3EA111554703:null:null,READ,0100D00F-0B00-5800-0000-0000678E005A,/etc/hosts:0,ta1-theia-1
1557758827.568:528833,CC7C9A7F-4BD4-5E0F-88B4-3EA111554703:null:null,READ,0100D00F-0B00-5800-0000-0000678E005A,/etc/hosts:0,ta1-theia-1
1557758810.225:528793,CC7C9A7F-4BD4-5E0F-88B4-3EA111554703:null:null,READ,0100D00F-0B00-5800-0000-0000678E005A,/etc/hosts:0,ta1-theia-1
1557758810.225:528792,CC7C9A7F-4BD4-5E0F-88B4-3EA111554703:null:null,READ,0100D00F-0B00-5800-0000-0000678E005A,/etc/hosts:0,ta1-theia-1
1557758800.646:528752,CC7C9A7F-4BD4-5E0F-88B4-3EA111554703:null:null,READ,0100D00F-0B00-5800-0000-0000678E005A,/etc/hosts:0,ta1-theia-1
1557758800.646:528751,CC7C9A7F-4BD4-5E0F-88B4-3EA111554703:null:null,READ,0100D00F-0B00-5800-0000-0000678E005A,/etc/hosts:0,ta1-theia-1
1557758794.882:528707,CC7C9A7F-4BD4-5E0F-88B4-3EA111554703:null:null,READ,0100D00F-0B00-5800-0000-0000678E005A,/etc/hosts:0,ta1-theia-1
1557758794.882:528706,CC7C9A7F-4BD4-5E0F-88B4-3EA111554703:null:null,READ,0100D00F-0B00-5800-0000-0000678E005A,/etc/hosts:0,ta1-theia-1
1557758777.643:528667,CC7C9A7F-4BD4-5E0F-88B4-3EA111554703:null:null,READ,0100D00F-0B00-5800-0000-0000678E005A,/etc/hosts:0,ta1-theia-1
1557758777.643:528666,CC7C9A7F-4BD4-5E0F-88B4-3EA111554703:null:null,READ,0100D00F-0B00-5800-0000-0000678E005A,/etc/hosts:0,ta1-theia-1
1557758769.646:528631,CC7C9A7F-4BD4-5E0F-88B4-3EA111554703:null:null,READ,0100D00F-0B00-5800-0000-0000678E005A,/etc/hosts:0,ta1-theia-1
1557758769.645:528630,CC7C9A7F-4BD4-5E0F-88B4-3EA111554703:null:null,READ,0100D00F-0B00-5800-0000-0000678E005A,/etc/hosts:0,ta1-theia-1
1557758764.776:528596,CC7C9A7F-4BD4-5E0F-88B4-3EA111554703:null:null,READ,0100D00F-0B00-5800-0000-0000678E005A,/etc/hosts:0,ta1-theia-1
1557758764.776:528595,CC7C9A7F-4BD4-5E0F-88B4-3EA111554703:null:null,READ,0100D00F-0B00-5800-0000-0000678E005A,/etc/hosts:0,ta1-theia-1
1557758748.645:528555,CC7C9A7F-4BD4-5E0F-88B4-3EA111554703:null:null,READ,0100D00F-0B00-5800-0000-0000678E005A,/etc/hosts:0,ta1-theia-1
1557758748.645:528554,CC7C9A7F-4BD4-5E0F-88B4-3EA111554703:null:null,READ,0100D00F-0B00-5800-0000-0000678E005A,/etc/hosts:0,ta1-theia-1
1557758740.644:528514,CC7C9A7F-4BD4-5E0F-88B4-3EA111554703:null:null,READ,0100D00F-0B00-5800-0000-0000678E005A,/etc/hosts:0,ta1-theia-1
1557758740.644:528513,CC7C9A7F-4BD4-5E0F-88B4-3EA111554703:null:null,READ,0100D00F-0B00-5800-0000-0000678E005A,/etc/hosts:0,ta1-theia-1
1557758734.914:528473,CC7C9A7F-4BD4-5E0F-88B4-3EA111554703:null:null,READ,0100D00F-0B00-5800-0000-0000678E005A,/etc/hosts:0,ta1-theia-1
1557758734.914:528472,CC7C9A7F-4BD4-5E0F-88B4-3EA111554703:null:null,READ,0100D00F-0B00-5800-0000-0000678E005A,/etc/hosts:0,ta1-theia-1
1557758723.880:528438,CC7C9A7F-4BD4-5E0F-88B4-3EA111554703:null:null,READ,0100D00F-0B00-5800-0000-0000678E005A,/etc/hosts:0,ta1-theia-1
1557758723.880:528437,CC7C9A7F-4BD4-5E0F-88B4-3EA111554703:null:null,READ,0100D00F-0B00-5800-0000-0000678E005A,/etc/hosts:0,ta1-theia-1
1557758722.973:12325,AAA8A79C-94AE-5612-A995-D33535DBF889:b'sshd: admin@pts/0   ':1003,CLONE,5DBD289E-8507-51A5-83BF-EFCED1EA18C1,b'-bash':1003,ta1-theia-1
1557758720.869:2,A081700A-1B33-508E-A601-45781C272CB7:b'-bash':1003,EXECUTE,0100D00F-2C00-3200-0000-0000BD90005A,/bin/ps:0,ta1-theia-1
1557758720.868:12298,AAA8A79C-94AE-5612-A995-D33535DBF889:b'sshd: admin@pts/0   ':1003,CLONE,A081700A-1B33-508E-A601-45781C272CB7,b'-bash':1003,ta1-theia-1
1557758718.771:23,C289F7DC-1E91-51FC-A330-DD05801929BB:b'-bash':1003,READ,0100D00F-FA0B-5800-0000-00002EE8C15C,/etc/passwd:0,ta1-theia-1
1557758718.768:21,C289F7DC-1E91-51FC-A330-DD05801929BB:b'-bash':1003,READ,0100D00F-FA0B-5800-0000-00002EE8C15C,/etc/passwd:0,ta1-theia-1
1557758718.766:2,C289F7DC-1E91-51FC-A330-DD05801929BB:b'-bash':1003,EXECUTE,0100D00F-9E00-3200-0000-0000B790005A,/bin/cat:0,ta1-theia-1
1557758718.765:12268,AAA8A79C-94AE-5612-A995-D33535DBF889:b'sshd: admin@pts/0   ':1003,CLONE,C289F7DC-1E91-51FC-A330-DD05801929BB,b'-bash':1003,ta1-theia-1
1557758717.670:23,6E211458-F545-5C53-8E68-F3C8C3024FB5:b'-bash':1003,READ,0100D00F-0B00-5800-0000-0000678E005A,/etc/hosts:0,ta1-theia-1
1557758717.667:21,6E211458-F545-5C53-8E68-F3C8C3024FB5:b'-bash':1003,READ,0100D00F-0B00-5800-0000-0000678E005A,/etc/hosts:0,ta1-theia-1
1557758717.664:2,6E211458-F545-5C53-8E68-F3C8C3024FB5:b'-bash':1003,EXECUTE,0100D00F-9E00-3200-0000-0000B790005A,/bin/cat:0,ta1-theia-1
1557758717.662:12222,AAA8A79C-94AE-5612-A995-D33535DBF889:b'sshd: admin@pts/0   ':1003,CLONE,6E211458-F545-5C53-8E68-F3C8C3024FB5,b'-bash':1003,ta1-theia-1
1557758713.328:2,55964EA8-86F4-516C-B5A7-EE9692D7B318:b'-bash':1003,EXECUTE,0100D00F-2C00-3200-0000-0000BD90005A,/bin/ps:0,ta1-theia-1
1557758713.327:12178,AAA8A79C-94AE-5612-A995-D33535DBF889:b'sshd: admin@pts/0   ':1003,CLONE,55964EA8-86F4-516C-B5A7-EE9692D7B318,b'-bash':1003,ta1-theia-1
1557758709.117:12148,AAA8A79C-94AE-5612-A995-D33535DBF889:b'sshd: admin@pts/0   ':1003,CLONE,EF498F9D-F795-5A2E-A9A4-B8B55F63426E,b'-bash':1003,ta1-theia-1
1557758704.070:12128,AAA8A79C-94AE-5612-A995-D33535DBF889:b'sshd: admin@pts/0   ':1003,CLONE,F7A64721-CE8E-5629-A778-1F892708E039,b'-bash':1003,ta1-theia-1
1557758699.962:12090,AAA8A79C-94AE-5612-A995-D33535DBF889:b'sshd: admin@pts/0   ':1003,CLONE,9EABFABE-AD8C-5677-BB64-FBA9E3D2FBC5,b'-bash':1003,ta1-theia-1
1557758699.892:528393,CC7C9A7F-4BD4-5E0F-88B4-3EA111554703:null:null,READ,0100D00F-0B00-5800-0000-0000678E005A,/etc/hosts:0,ta1-theia-1
1557758699.892:528392,CC7C9A7F-4BD4-5E0F-88B4-3EA111554703:null:null,READ,0100D00F-0B00-5800-0000-0000678E005A,/etc/hosts:0,ta1-theia-1
1557758698.601:2,0053DD0F-5F32-5121-A3AA-F8FB10719A0B:b'-bash':1003,EXECUTE,0100D00F-2C00-3200-0000-0000BD90005A,/bin/ps:0,ta1-theia-1
1557758698.600:12058,AAA8A79C-94AE-5612-A995-D33535DBF889:b'sshd: admin@pts/0   ':1003,CLONE,0053DD0F-5F32-5121-A3AA-F8FB10719A0B,b'-bash':1003,ta1-theia-1
1557758694.485:23,094B192C-64F9-52FA-B374-FD54FA9B3E7F:b'-bash':1003,READ,0100D00F-0B00-5800-0000-0000678E005A,/etc/hosts:0,ta1-theia-1
1557758694.480:21,094B192C-64F9-52FA-B374-FD54FA9B3E7F:b'-bash':1003,READ,0100D00F-0B00-5800-0000-0000678E005A,/etc/hosts:0,ta1-theia-1
1557758694.478:2,094B192C-64F9-52FA-B374-FD54FA9B3E7F:b'-bash':1003,EXECUTE,0100D00F-9E00-3200-0000-0000B790005A,/bin/cat:0,ta1-theia-1
1557758694.477:12038,AAA8A79C-94AE-5612-A995-D33535DBF889:b'sshd: admin@pts/0   ':1003,CLONE,094B192C-64F9-52FA-B374-FD54FA9B3E7F,b'-bash':1003,ta1-theia-1
1557758694.270:2,9CC878B2-7B04-58F2-A5E5-EDB7C78C0B62:b'-bash':1003,CLONE,E6EC75F2-8138-5F8F-B5C8-5565587CCF0E,b'-bash':1003,ta1-theia-1
1557758694.269:1,9CC878B2-7B04-58F2-A5E5-EDB7C78C0B62:b'-bash':1003,CLONE,D90945A2-C6A0-5A78-BC25-935461CAA7E3,b'-bash':1003,ta1-theia-1
1557758694.269:8229,AAA8A79C-94AE-5612-A995-D33535DBF889:b'sshd: admin@pts/0   ':1003,CLONE,9CC878B2-7B04-58F2-A5E5-EDB7C78C0B62,b'-bash':1003,ta1-theia-1
1557758694.258:2,D09A8EBB-4344-5064-8CDF-1EC0A514BD96:b'-bash':1003,CLONE,4FCF97EA-D7DF-55F1-873F-F8216B1A1EC0,b'-bash':1003,ta1-theia-1
1557758694.257:1,D09A8EBB-4344-5064-8CDF-1EC0A514BD96:b'-bash':1003,CLONE,39C5F7F8-27C8-5A68-99D0-6BC73C2723C3,b'-bash':1003,ta1-theia-1
1557758694.257:8214,AAA8A79C-94AE-5612-A995-D33535DBF889:b'sshd: admin@pts/0   ':1003,CLONE,D09A8EBB-4344-5064-8CDF-1EC0A514BD96,b'-bash':1003,ta1-theia-1
1557758694.244:2,8BD5B44A-2834-5316-97A2-A29872D73B42:b'-bash':1003,CLONE,AAF7B984-65DB-58F6-87CE-9ECBD2CDFA61,b'-bash':1003,ta1-theia-1
1557758694.244:1,8BD5B44A-2834-5316-97A2-A29872D73B42:b'-bash':1003,CLONE,85DA05BD-0A72-55F2-A278-6F3278AFB84E,b'-bash':1003,ta1-theia-1
1557758694.244:8199,AAA8A79C-94AE-5612-A995-D33535DBF889:b'sshd: admin@pts/0   ':1003,CLONE,8BD5B44A-2834-5316-97A2-A29872D73B42,b'-bash':1003,ta1-theia-1
1557758694.242:2,2249BB35-A2EC-5823-B2D5-EFFA10F2A90B:b'-bash':1003,CLONE,B727C0D2-CA6D-5B16-A6CD-AFD2E7AFB294,b'-bash':1003,ta1-theia-1
1557758694.241:1,2249BB35-A2EC-5823-B2D5-EFFA10F2A90B:b'-bash':1003,CLONE,9DEEF77D-8F0D-5BC6-AAD8-8BC1F7D816EC,b'-bash':1003,ta1-theia-1
1557758694.241:8184,AAA8A79C-94AE-5612-A995-D33535DBF889:b'sshd: admin@pts/0   ':1003,CLONE,2249BB35-A2EC-5823-B2D5-EFFA10F2A90B,b'-bash':1003,ta1-theia-1
1557758694.233:2,1ECD5166-A27D-5FE5-9F72-741BCBDE818E:b'-bash':1003,CLONE,60308187-9715-551D-A362-08DF9579131C,b'-bash':1003,ta1-theia-1
1557758694.233:1,1ECD5166-A27D-5FE5-9F72-741BCBDE818E:b'-bash':1003,CLONE,B8983885-A836-568B-AFE9-F066BFB62244,b'-bash':1003,ta1-theia-1
1557758694.233:8169,AAA8A79C-94AE-5612-A995-D33535DBF889:b'sshd: admin@pts/0   ':1003,CLONE,1ECD5166-A27D-5FE5-9F72-741BCBDE818E,b'-bash':1003,ta1-theia-1
1557758694.220:2,1617FEA0-8372-5C09-B56B-25CC0C674B33:b'-bash':1003,CLONE,E143FC26-AE8C-56F0-9DBC-C6AF33EBE500,b'-bash':1003,ta1-theia-1
1557758694.220:1,1617FEA0-8372-5C09-B56B-25CC0C674B33:b'-bash':1003,CLONE,219C89AB-218B-5872-9975-D41D420096E0,b'-bash':1003,ta1-theia-1
1557758694.219:8154,AAA8A79C-94AE-5612-A995-D33535DBF889:b'sshd: admin@pts/0   ':1003,CLONE,1617FEA0-8372-5C09-B56B-25CC0C674B33,b'-bash':1003,ta1-theia-1
1557758694.217:2,2AC0FE86-742A-5A62-A6E2-7C8762D73B8B:b'-bash':1003,CLONE,393FC254-1413-534C-B9A5-306F1A3BC21C,b'-bash':1003,ta1-theia-1
1557758694.217:1,2AC0FE86-742A-5A62-A6E2-7C8762D73B8B:b'-bash':1003,CLONE,3CEE29C9-F19C-5EAA-9897-D6222038AF60,b'-bash':1003,ta1-theia-1
1557758694.217:8139,AAA8A79C-94AE-5612-A995-D33535DBF889:b'sshd: admin@pts/0   ':1003,CLONE,2AC0FE86-742A-5A62-A6E2-7C8762D73B8B,b'-bash':1003,ta1-theia-1
1557758694.209:2,A179D5B3-16FB-5BC7-BC0F-E81668B34436:b'-bash':1003,CLONE,3F94BCB4-5443-561E-AD8B-7483002546EA,b'-bash':1003,ta1-theia-1
1557758694.209:1,A179D5B3-16FB-5BC7-BC0F-E81668B34436:b'-bash':1003,CLONE,1F3651BF-EA21-5888-A5AD-F5EFB51E019F,b'-bash':1003,ta1-theia-1
1557758694.209:8124,AAA8A79C-94AE-5612-A995-D33535DBF889:b'sshd: admin@pts/0   ':1003,CLONE,A179D5B3-16FB-5BC7-BC0F-E81668B34436,b'-bash':1003,ta1-theia-1
1557758694.196:2,155BDCF9-0488-53F2-9B91-7EC4E83A01FF:b'-bash':1003,CLONE,3BB1077E-FB43-5E97-8F9E-5286C8E3477D,b'-bash':1003,ta1-theia-1
1557758694.196:1,155BDCF9-0488-53F2-9B91-7EC4E83A01FF:b'-bash':1003,CLONE,934D00B3-722E-5EF4-886E-495785E14868,b'-bash':1003,ta1-theia-1
1557758694.195:8109,AAA8A79C-94AE-5612-A995-D33535DBF889:b'sshd: admin@pts/0   ':1003,CLONE,155BDCF9-0488-53F2-9B91-7EC4E83A01FF,b'-bash':1003,ta1-theia-1
1557758694.194:2,D2C01DAD-0E6B-5CBE-A65F-6E439F10C250:b'-bash':1003,CLONE,3574DE06-8CB9-58C3-80FC-238359525534,b'-bash':1003,ta1-theia-1
1557758694.193:1,D2C01DAD-0E6B-5CBE-A65F-6E439F10C250:b'-bash':1003,CLONE,F00D8892-6CF2-5F04-8F16-7332088DBE48,b'-bash':1003,ta1-theia-1
1557758694.193:8094,AAA8A79C-94AE-5612-A995-D33535DBF889:b'sshd: admin@pts/0   ':1003,CLONE,D2C01DAD-0E6B-5CBE-A65F-6E439F10C250,b'-bash':1003,ta1-theia-1
1557758694.185:2,B656B559-F9A8-5CF1-810B-6488403A438F:b'-bash':1003,CLONE,7F5CAB20-DCBD-521D-A42D-A6AAD869EADA,b'-bash':1003,ta1-theia-1
1557758694.185:1,B656B559-F9A8-5CF1-810B-6488403A438F:b'-bash':1003,CLONE,E8E669FF-48A1-5F24-9860-C39CBA89A4F5,b'-bash':1003,ta1-theia-1
1557758694.185:8079,AAA8A79C-94AE-5612-A995-D33535DBF889:b'sshd: admin@pts/0   ':1003,CLONE,B656B559-F9A8-5CF1-810B-6488403A438F,b'-bash':1003,ta1-theia-1
1557758694.171:2,27B63D29-A4DB-5718-AD67-2CCDFA4AF28C:b'-bash':1003,CLONE,7DC9642F-4D58-528E-84DA-F57A3C8EC7A7,b'-bash':1003,ta1-theia-1
1557758694.171:1,27B63D29-A4DB-5718-AD67-2CCDFA4AF28C:b'-bash':1003,CLONE,F8A8162D-E9AD-5D0B-8F2B-CDB8E4F15ADE,b'-bash':1003,ta1-theia-1
1557758694.171:8064,AAA8A79C-94AE-5612-A995-D33535DBF889:b'sshd: admin@pts/0   ':1003,CLONE,27B63D29-A4DB-5718-AD67-2CCDFA4AF28C,b'-bash':1003,ta1-theia-1
1557758694.168:7980,AAA8A79C-94AE-5612-A995-D33535DBF889:b'sshd: admin@pts/0   ':1003,CLONE,0A583686-0E2F-51C3-9F3B-E3723D052F3C,b'-bash':1003,ta1-theia-1
1557758694.132:0,05606F11-9C62-55C6-A7BF-D1A0F204B079:b'-bash':1003,CLONE,880D0105-43C7-5185-8EEE-72CDB061A3B4,b'-bash':1003,ta1-theia-1
1557758694.132:6943,AAA8A79C-94AE-5612-A995-D33535DBF889:b'sshd: admin@pts/0   ':1003,CLONE,05606F11-9C62-55C6-A7BF-D1A0F204B079,b'-bash':1003,ta1-theia-1
1557758694.086:2,23823DCA-4F2E-542E-9CEE-C710D562F77C:b'-bash':1003,CLONE,7C80255C-175C-53E1-85D7-8541A3730F23,b'-bash':1003,ta1-theia-1
1557758694.086:1,23823DCA-4F2E-542E-9CEE-C710D562F77C:b'-bash':1003,CLONE,93A71937-2856-597F-9B8C-E379D03395A4,b'-bash':1003,ta1-theia-1
1557758694.086:6932,AAA8A79C-94AE-5612-A995-D33535DBF889:b'sshd: admin@pts/0   ':1003,CLONE,23823DCA-4F2E-542E-9CEE-C710D562F77C,b'-bash':1003,ta1-theia-1
1557758694.062:0,68CE8C29-FD60-5260-AB4B-F00EE5B5C39A:b'-bash':1003,CLONE,6DAA0A79-3DB5-5832-9565-EB63883FB852,b'-bash':1003,ta1-theia-1
1557758694.061:6070,AAA8A79C-94AE-5612-A995-D33535DBF889:b'sshd: admin@pts/0   ':1003,CLONE,68CE8C29-FD60-5260-AB4B-F00EE5B5C39A,b'-bash':1003,ta1-theia-1
1557758694.046:0,5D3618B0-5838-5B30-99FA-C192E220DD5A:b'-bash':1003,CLONE,C33DAC6D-17A8-5BF2-B7A8-30EC91E8DFD9,b'-bash':1003,ta1-theia-1
1557758694.046:6054,AAA8A79C-94AE-5612-A995-D33535DBF889:b'sshd: admin@pts/0   ':1003,CLONE,5D3618B0-5838-5B30-99FA-C192E220DD5A,b'-bash':1003,ta1-theia-1
1557758694.034:1,717E2735-FF10-5A2B-83B5-7A09C18C6148:b'':,CLONE,E6593C71-3329-577D-8D4D-34D0440476CF,b'/bin/sh /usr/bin/lesspipe':1003,ta1-theia-1
1557758694.033:22,0A28CEF4-7719-5AB0-9971-C2ED5AB60956:b'-bash':1003,CLONE,717E2735-FF10-5A2B-83B5-7A09C18C6148,b'':,ta1-theia-1
1557758694.032:18,0A28CEF4-7719-5AB0-9971-C2ED5AB60956:b'-bash':1003,CLONE,B54956D3-0A4C-5BEF-BED6-84524A623E90,b'/bin/sh /usr/bin/lesspipe':1003,ta1-theia-1
1557758694.032:0,B41A813B-F614-585D-B5A0-2A2B730A3700:b'-bash':1003,CLONE,0A28CEF4-7719-5AB0-9971-C2ED5AB60956,b'-bash':1003,ta1-theia-1
1557758694.031:6050,AAA8A79C-94AE-5612-A995-D33535DBF889:b'sshd: admin@pts/0   ':1003,CLONE,B41A813B-F614-585D-B5A0-2A2B730A3700,b'-bash':1003,ta1-theia-1
1557758693.949:2,9DD22341-6E6F-5FCE-A982-8E5E0454034F:b'-bash':1003,CLONE,C3F2FD90-C987-5DCB-A26D-5B308BB4F37D,b'-bash':1003,ta1-theia-1
1557758693.949:1,9DD22341-6E6F-5FCE-A982-8E5E0454034F:b'-bash':1003,CLONE,405F20B5-33B7-5522-A5B5-BEB41721C1F1,b'-bash':1003,ta1-theia-1
1557758693.949:2287,AAA8A79C-94AE-5612-A995-D33535DBF889:b'sshd: admin@pts/0   ':1003,CLONE,9DD22341-6E6F-5FCE-A982-8E5E0454034F,b'-bash':1003,ta1-theia-1
1557758693.936:2,A575BEC6-5CF5-575A-9157-F0978E14D40C:b'-bash':1003,CLONE,566ED725-23B2-5BBF-862E-121E42A5E4FE,b'-bash':1003,ta1-theia-1
1557758693.935:1,A575BEC6-5CF5-575A-9157-F0978E14D40C:b'-bash':1003,CLONE,A1CF5205-B51C-56AE-AD0D-03AC3D3B4A24,b'-bash':1003,ta1-theia-1
1557758693.935:2272,AAA8A79C-94AE-5612-A995-D33535DBF889:b'sshd: admin@pts/0   ':1003,CLONE,A575BEC6-5CF5-575A-9157-F0978E14D40C,b'-bash':1003,ta1-theia-1
1557758693.933:2,43A1C541-7958-5B6D-89A5-386F1C762384:b'-bash':1003,CLONE,A480CCED-057D-5013-8D50-6D5D91AB0BB3,b'-bash':1003,ta1-theia-1
1557758693.933:1,43A1C541-7958-5B6D-89A5-386F1C762384:b'-bash':1003,CLONE,4ACD06C3-251E-5A49-A752-8B9177D124A5,b'-bash':1003,ta1-theia-1
1557758693.933:2257,AAA8A79C-94AE-5612-A995-D33535DBF889:b'sshd: admin@pts/0   ':1003,CLONE,43A1C541-7958-5B6D-89A5-386F1C762384,b'-bash':1003,ta1-theia-1
1557758693.919:2,4BEFEC8C-88F1-53D0-9DCB-C8BEF845E6C1:b'-bash':1003,CLONE,B426A886-D73B-53A6-BDD7-193D1B874FC1,b'-bash':1003,ta1-theia-1
1557758693.919:1,4BEFEC8C-88F1-53D0-9DCB-C8BEF845E6C1:b'-bash':1003,CLONE,8766256A-4AC6-5C7A-AC1B-BFD242B7349A,b'-bash':1003,ta1-theia-1
1557758693.919:2242,AAA8A79C-94AE-5612-A995-D33535DBF889:b'sshd: admin@pts/0   ':1003,CLONE,4BEFEC8C-88F1-53D0-9DCB-C8BEF845E6C1,b'-bash':1003,ta1-theia-1
1557758693.917:2,4AFFBEBD-991E-5506-AD53-56BABE88ED95:b'-bash':1003,CLONE,FBD8F1A0-1C7D-5DA3-8297-1414B8A19930,b'-bash':1003,ta1-theia-1
1557758693.917:1,4AFFBEBD-991E-5506-AD53-56BABE88ED95:b'-bash':1003,CLONE,729C2AAF-C3E9-5960-BD55-C02523D01DE9,b'-bash':1003,ta1-theia-1
1557758693.917:2227,AAA8A79C-94AE-5612-A995-D33535DBF889:b'sshd: admin@pts/0   ':1003,CLONE,4AFFBEBD-991E-5506-AD53-56BABE88ED95,b'-bash':1003,ta1-theia-1
1557758693.910:2,72656BE5-24D5-52DE-86B6-F9CBB5C2545D:b'-bash':1003,CLONE,BCE35341-1D73-5F73-AE02-A4FAA5B9AB43,b'-bash':1003,ta1-theia-1
1557758693.910:1,72656BE5-24D5-52DE-86B6-F9CBB5C2545D:b'-bash':1003,CLONE,61FA0195-1BEB-53A1-AF85-02CE6CACB419,b'-bash':1003,ta1-theia-1
1557758693.910:2212,AAA8A79C-94AE-5612-A995-D33535DBF889:b'sshd: admin@pts/0   ':1003,CLONE,72656BE5-24D5-52DE-86B6-F9CBB5C2545D,b'-bash':1003,ta1-theia-1
1557758693.900:2,92EE59F0-DC69-5A55-A2AB-B683DFAC5435:b'-bash':1003,CLONE,27A9B653-636D-55B0-A241-CB610722DBE1,b'-bash':1003,ta1-theia-1
1557758693.900:1,92EE59F0-DC69-5A55-A2AB-B683DFAC5435:b'-bash':1003,CLONE,CB272A23-9424-54A0-B336-1AF16983522A,b'-bash':1003,ta1-theia-1
1557758693.900:2197,AAA8A79C-94AE-5612-A995-D33535DBF889:b'sshd: admin@pts/0   ':1003,CLONE,92EE59F0-DC69-5A55-A2AB-B683DFAC5435,b'-bash':1003,ta1-theia-1
1557758693.898:2,377D7F17-3184-56D0-B797-F0A33FE81191:b'-bash':1003,CLONE,24EF8AAE-2D65-5E86-933F-4C51C69EDFFF,b'-bash':1003,ta1-theia-1
1557758693.898:1,377D7F17-3184-56D0-B797-F0A33FE81191:b'-bash':1003,CLONE,F037FD53-B77F-5B7D-A5E0-2C8BAB24A1B3,b'-bash':1003,ta1-theia-1
1557758693.897:2182,AAA8A79C-94AE-5612-A995-D33535DBF889:b'sshd: admin@pts/0   ':1003,CLONE,377D7F17-3184-56D0-B797-F0A33FE81191,b'-bash':1003,ta1-theia-1
1557758693.890:2,F04AF9ED-5A82-5B8F-AB2E-4DA5C01C1760:b'-bash':1003,CLONE,612FA635-DE59-54CA-BF4C-2C6B5EC89878,b'-bash':1003,ta1-theia-1
1557758693.889:1,F04AF9ED-5A82-5B8F-AB2E-4DA5C01C1760:b'-bash':1003,CLONE,4BD42B13-D345-58E9-9651-B22240B8345C,b'-bash':1003,ta1-theia-1
1557758693.889:2167,AAA8A79C-94AE-5612-A995-D33535DBF889:b'sshd: admin@pts/0   ':1003,CLONE,F04AF9ED-5A82-5B8F-AB2E-4DA5C01C1760,b'-bash':1003,ta1-theia-1
1557758693.874:2,2D7F0F19-C703-521A-8FC7-D3575151E037:b'-bash':1003,CLONE,14F1C1B1-37E2-541C-A1B7-7F8F8132BC28,b'-bash':1003,ta1-theia-1
1557758693.874:1,2D7F0F19-C703-521A-8FC7-D3575151E037:b'-bash':1003,CLONE,5E2050AD-4629-5167-9259-B8493AF04EE6,b'-bash':1003,ta1-theia-1
1557758693.874:2152,AAA8A79C-94AE-5612-A995-D33535DBF889:b'sshd: admin@pts/0   ':1003,CLONE,2D7F0F19-C703-521A-8FC7-D3575151E037,b'-bash':1003,ta1-theia-1
1557758693.871:2,A48D2436-3AD3-57A2-B352-1E0FBC7FAA93:b'-bash':1003,CLONE,E82C9FC8-F132-5A0E-B2F7-46845182E718,b'-bash':1003,ta1-theia-1
1557758693.871:1,A48D2436-3AD3-57A2-B352-1E0FBC7FAA93:b'-bash':1003,CLONE,89074111-E136-530B-85F0-7C7AB936FBFD,b'-bash':1003,ta1-theia-1
1557758693.871:2137,AAA8A79C-94AE-5612-A995-D33535DBF889:b'sshd: admin@pts/0   ':1003,CLONE,A48D2436-3AD3-57A2-B352-1E0FBC7FAA93,b'-bash':1003,ta1-theia-1
1557758693.868:2,15C5CDAC-8781-5AE7-AC2B-32B69FE95720:b'-bash':1003,CLONE,3514D502-09C4-580C-B0C1-048CE9F0A073,b'-bash':1003,ta1-theia-1
1557758693.868:1,15C5CDAC-8781-5AE7-AC2B-32B69FE95720:b'-bash':1003,CLONE,34A4FA2E-6558-5595-84D7-90B16E483C83,b'-bash':1003,ta1-theia-1
1557758693.868:2122,AAA8A79C-94AE-5612-A995-D33535DBF889:b'sshd: admin@pts/0   ':1003,CLONE,15C5CDAC-8781-5AE7-AC2B-32B69FE95720,b'-bash':1003,ta1-theia-1
1557758693.864:2028,AAA8A79C-94AE-5612-A995-D33535DBF889:b'sshd: admin@pts/0   ':1003,CLONE,26E4E0BE-9BCA-5842-8930-2EFFAF9B4ECF,b'-bash':1003,ta1-theia-1
1557758693.583:0,EFDA6BBE-0A4A-5B53-BA8E-ED5B4D6C0304:b'-bash':1003,CLONE,6FE44A84-7118-5A26-89C1-EDCA0F9DC9A4,b'-bash':1003,ta1-theia-1
1557758693.582:991,AAA8A79C-94AE-5612-A995-D33535DBF889:b'sshd: admin@pts/0   ':1003,CLONE,EFDA6BBE-0A4A-5B53-BA8E-ED5B4D6C0304,b'-bash':1003,ta1-theia-1
1557758693.196:2,DE07EE72-D8D0-5A8A-A4AB-7F68F7D0FAA1:b'-bash':1003,CLONE,DC100B78-0E46-5567-979D-DCA8E23759C1,b'-bash':1003,ta1-theia-1
1557758693.196:1,DE07EE72-D8D0-5A8A-A4AB-7F68F7D0FAA1:b'-bash':1003,CLONE,67940C8D-C070-5C9A-80A2-0F3DA9F625E0,b'-bash':1003,ta1-theia-1
1557758693.195:980,AAA8A79C-94AE-5612-A995-D33535DBF889:b'sshd: admin@pts/0   ':1003,CLONE,DE07EE72-D8D0-5A8A-A4AB-7F68F7D0FAA1,b'-bash':1003,ta1-theia-1
1557758692.963:0,D0A6277A-2597-52AC-B644-420AB87374A1:b'-bash':1003,CLONE,628850D0-9BDA-5042-A035-D8E64396B15A,b'-bash':1003,ta1-theia-1
1557758692.963:118,AAA8A79C-94AE-5612-A995-D33535DBF889:b'sshd: admin@pts/0   ':1003,CLONE,D0A6277A-2597-52AC-B644-420AB87374A1,b'-bash':1003,ta1-theia-1
1557758692.914:34,56B7DAA6-3035-56B2-87AE-974295C3862F:b'sshd: admin [priv]  ':0,CLONE,AAA8A79C-94AE-5612-A995-D33535DBF889,b'sshd: admin@pts/0   ':1003,ta1-theia-1
1557758692.596:635,2FD24E6E-DEC5-5214-A12B-DFEEFD9C5AAF:b'/usr/sbin/sshd -D':0,CLONE,56B7DAA6-3035-56B2-87AE-974295C3862F,b'sshd: admin [priv]  ':0,ta1-theia-1
1557758692.449:35,6E388D43-DBC3-5A58-8607-2AB4D80E82BE:b'sh -c /usr/bin/env -i PATH=/usr/local/sbin:/usr/local/bin:/usr/sbin:/usr/bin:/sbin:/bin run-parts --lsbsysinit /etc/update-motd.d > /var/run/motd.new':0,CLONE,587432A3-8E58-5C59-91DE-3C515CCA7E3E,b'run-parts --lsbsysinit /etc/update-motd.d':0,ta1-theia-1
1557758692.381:34,6E388D43-DBC3-5A58-8607-2AB4D80E82BE:b'sh -c /usr/bin/env -i PATH=/usr/local/sbin:/usr/local/bin:/usr/sbin:/usr/bin:/sbin:/bin run-parts --lsbsysinit /etc/update-motd.d > /var/run/motd.new':0,CLONE,C961A2DA-2C9D-54FE-81C4-9B92419E9B97,b'run-parts --lsbsysinit /etc/update-motd.d':0,ta1-theia-1
1557758692.266:0,95B517DB-97EC-5126-8477-ABE55A8768BD:b'/bin/sh /usr/lib/update-notifier/update-motd-fsck-at-reboot':0,EXECUTE,0100D00F-9E00-3200-0000-0000B790005A,/bin/cat:0,ta1-theia-1
1557758692.265:43,3B08B1B2-5DAE-5811-90BA-671176598429:b'run-parts --lsbsysinit /etc/update-motd.d':0,CLONE,95B517DB-97EC-5126-8477-ABE55A8768BD,b'/bin/sh /usr/lib/update-notifier/update-motd-fsck-at-reboot':0,ta1-theia-1
1557758692.077:40,3B08B1B2-5DAE-5811-90BA-671176598429:b'run-parts --lsbsysinit /etc/update-motd.d':0,CLONE,5EAAC94C-BD6A-5415-BA1C-379B67F74A6C,b'/bin/sh /usr/lib/update-notifier/update-motd-fsck-at-reboot':0,ta1-theia-1
1557758692.049:36,3B08B1B2-5DAE-5811-90BA-671176598429:b'run-parts --lsbsysinit /etc/update-motd.d':0,CLONE,E62A2AD0-5202-5074-B2D5-3D2BA0CFEAAB,b'/bin/sh /usr/lib/update-notifier/update-motd-fsck-at-reboot':0,ta1-theia-1
1557758692.045:33,6E388D43-DBC3-5A58-8607-2AB4D80E82BE:b'sh -c /usr/bin/env -i PATH=/usr/local/sbin:/usr/local/bin:/usr/sbin:/usr/bin:/sbin:/bin run-parts --lsbsysinit /etc/update-motd.d > /var/run/motd.new':0,CLONE,3B08B1B2-5DAE-5811-90BA-671176598429,b'run-parts --lsbsysinit /etc/update-motd.d':0,ta1-theia-1
1557758691.930:0,76160C36-B0E3-5ABC-B833-7D72E9AED9F3:b'/bin/sh -e /usr/lib/update-notifier/update-motd-hwe-eol':0,EXECUTE,0100D00F-9E00-3200-0000-0000B790005A,/bin/cat:0,ta1-theia-1
1557758691.929:57,A62DA62D-D6CC-5DF3-B6A0-E5DBE6332320:b'run-parts --lsbsysinit /etc/update-motd.d':0,CLONE,76160C36-B0E3-5ABC-B833-7D72E9AED9F3,b'/bin/sh -e /usr/lib/update-notifier/update-motd-hwe-eol':0,ta1-theia-1
1557758691.821:55,A62DA62D-D6CC-5DF3-B6A0-E5DBE6332320:b'run-parts --lsbsysinit /etc/update-motd.d':0,CLONE,AF49C04E-1B09-5493-9E7F-3F07411EE4A3,b'/bin/sh -e /usr/lib/update-notifier/update-motd-hwe-eol':0,ta1-theia-1
1557758691.715:105,20DC2279-5BC5-58DA-BB76-C2EE128D9967:b'/bin/sh -e /usr/lib/update-notifier/update-motd-hwe-eol':0,CLONE,CD0431A6-3BA9-5E18-B9E0-18D315D62CD3,b'apt-config shell DpkgStatusDir Dir::State::status':0,ta1-theia-1
1557758691.705:51,A62DA62D-D6CC-5DF3-B6A0-E5DBE6332320:b'run-parts --lsbsysinit /etc/update-motd.d':0,CLONE,20DC2279-5BC5-58DA-BB76-C2EE128D9967,b'/bin/sh -e /usr/lib/update-notifier/update-motd-hwe-eol':0,ta1-theia-1
1557758691.599:105,5ED5EEAB-4DED-52ED-AC1F-36D8EAEAB153:b'/bin/sh -e /usr/lib/update-notifier/update-motd-hwe-eol':0,CLONE,1FDBE242-E5C2-5FAC-A9B7-5E2FB2297C3F,b'apt-config shell SourceList Dir::Etc::sourcelist':0,ta1-theia-1
1557758691.589:47,A62DA62D-D6CC-5DF3-B6A0-E5DBE6332320:b'run-parts --lsbsysinit /etc/update-motd.d':0,CLONE,5ED5EEAB-4DED-52ED-AC1F-36D8EAEAB153,b'/bin/sh -e /usr/lib/update-notifier/update-motd-hwe-eol':0,ta1-theia-1
1557758691.463:105,2414B337-D106-5968-933A-741D834D0BE6:b'/bin/sh -e /usr/lib/update-notifier/update-motd-hwe-eol':0,CLONE,ED83C0E3-E3C0-5888-AC02-95B66F1826F3,b'apt-config shell EtcDir Dir::Etc':0,ta1-theia-1
1557758691.453:43,A62DA62D-D6CC-5DF3-B6A0-E5DBE6332320:b'run-parts --lsbsysinit /etc/update-motd.d':0,CLONE,2414B337-D106-5968-933A-741D834D0BE6,b'/bin/sh -e /usr/lib/update-notifier/update-motd-hwe-eol':0,ta1-theia-1
1557758691.324:105,32F71CB3-379C-5B1E-BC06-149D2C395C5E:b'/bin/sh -e /usr/lib/update-notifier/update-motd-hwe-eol':0,CLONE,34E8B63C-6BA5-5429-915D-DFC7852E6F32,b'apt-config shell ListDir Dir::State::Lists':0,ta1-theia-1
1557758691.313:39,A62DA62D-D6CC-5DF3-B6A0-E5DBE6332320:b'run-parts --lsbsysinit /etc/update-motd.d':0,CLONE,32F71CB3-379C-5B1E-BC06-149D2C395C5E,b'/bin/sh -e /usr/lib/update-notifier/update-motd-hwe-eol':0,ta1-theia-1
1557758691.151:105,92183FDF-9E5F-5EE0-AAD3-1D4460289998:b'/bin/sh -e /usr/lib/update-notifier/update-motd-hwe-eol':0,CLONE,0E080EC4-4DB5-57D4-A715-178B144138C2,b'apt-config shell StateDir Dir::State':0,ta1-theia-1
1557758691.141:35,A62DA62D-D6CC-5DF3-B6A0-E5DBE6332320:b'run-parts --lsbsysinit /etc/update-motd.d':0,CLONE,92183FDF-9E5F-5EE0-AAD3-1D4460289998,b'/bin/sh -e /usr/lib/update-notifier/update-motd-hwe-eol':0,ta1-theia-1
1557758691.137:32,6E388D43-DBC3-5A58-8607-2AB4D80E82BE:b'sh -c /usr/bin/env -i PATH=/usr/local/sbin:/usr/local/bin:/usr/sbin:/usr/bin:/sbin:/bin run-parts --lsbsysinit /etc/update-motd.d > /var/run/motd.new':0,CLONE,A62DA62D-D6CC-5DF3-B6A0-E5DBE6332320,b'run-parts --lsbsysinit /etc/update-motd.d':0,ta1-theia-1
1557758691.046:0,911A05D7-4C4E-5898-B374-B73502A8DB9D:b'/bin/sh -e /usr/lib/update-manager/release-upgrade-motd':0,EXECUTE,0100D00F-9E00-3200-0000-0000B790005A,/bin/cat:0,ta1-theia-1
1557758691.046:34,EFE3C9BC-1A77-5165-8B7E-C3B0C1047BA2:b'run-parts --lsbsysinit /etc/update-motd.d':0,CLONE,911A05D7-4C4E-5898-B374-B73502A8DB9D,b'/bin/sh -e /usr/lib/update-manager/release-upgrade-motd':0,ta1-theia-1
1557758691.041:31,6E388D43-DBC3-5A58-8607-2AB4D80E82BE:b'sh -c /usr/bin/env -i PATH=/usr/local/sbin:/usr/local/bin:/usr/sbin:/usr/bin:/sbin:/bin run-parts --lsbsysinit /etc/update-motd.d > /var/run/motd.new':0,CLONE,EFE3C9BC-1A77-5165-8B7E-C3B0C1047BA2,b'run-parts --lsbsysinit /etc/update-motd.d':0,ta1-theia-1
1557758690.878:0,1E101C06-84DB-5987-A1BE-D5DFB9D797E0:b'/bin/sh -e /usr/lib/update-notifier/update-motd-updates-available':0,EXECUTE,0100D00F-9E00-3200-0000-0000B790005A,/bin/cat:0,ta1-theia-1
1557758690.877:447,1BCA9C7A-5761-55F6-912F-CC9B045EA9D7:b'run-parts --lsbsysinit /etc/update-motd.d':0,CLONE,1E101C06-84DB-5987-A1BE-D5DFB9D797E0,b'/bin/sh -e /usr/lib/update-notifier/update-motd-updates-available':0,ta1-theia-1
1557758690.825:444,1BCA9C7A-5761-55F6-912F-CC9B045EA9D7:b'run-parts --lsbsysinit /etc/update-motd.d':0,CLONE,5488A4F2-C648-5DB7-BE8F-B521E2E48F36,b'/bin/sh -e /usr/lib/update-notifier/update-motd-updates-available':0,ta1-theia-1
1557758690.694:105,D37F4DDA-81B5-5078-A6E0-DE5BDF7E7A4E:b'/bin/sh -e /usr/lib/update-notifier/update-motd-updates-available':0,CLONE,6CA37405-5D43-5467-8D5A-EE9093288770,b'apt-config shell SourceList Dir::Etc::sourcelist':0,ta1-theia-1
1557758690.685:440,1BCA9C7A-5761-55F6-912F-CC9B045EA9D7:b'run-parts --lsbsysinit /etc/update-motd.d':0,CLONE,D37F4DDA-81B5-5078-A6E0-DE5BDF7E7A4E,b'/bin/sh -e /usr/lib/update-notifier/update-motd-updates-available':0,ta1-theia-1
1557758690.576:105,E8C49BB4-DF6B-5498-B8D9-7F8D208C1E83:b'/bin/sh -e /usr/lib/update-notifier/update-motd-updates-available':0,CLONE,B625D025-78B8-5C6D-ABBB-5E93E2370C94,b'apt-config shell EtcDir Dir::Etc':0,ta1-theia-1
1557758690.565:436,1BCA9C7A-5761-55F6-912F-CC9B045EA9D7:b'run-parts --lsbsysinit /etc/update-motd.d':0,CLONE,E8C49BB4-DF6B-5498-B8D9-7F8D208C1E83,b'/bin/sh -e /usr/lib/update-notifier/update-motd-updates-available':0,ta1-theia-1
1557758690.513:432,1BCA9C7A-5761-55F6-912F-CC9B045EA9D7:b'run-parts --lsbsysinit /etc/update-motd.d':0,CLONE,3E681DA7-7FCC-5421-917F-96001A5AF08E,b'/bin/sh -e /usr/lib/update-notifier/update-motd-updates-available':0,ta1-theia-1
1557758690.461:428,1BCA9C7A-5761-55F6-912F-CC9B045EA9D7:b'run-parts --lsbsysinit /etc/update-motd.d':0,CLONE,6F1B9A74-7771-5619-BADB-89CF2ACE3B2C,b'/bin/sh -e /usr/lib/update-notifier/update-motd-updates-available':0,ta1-theia-1
1557758690.409:424,1BCA9C7A-5761-55F6-912F-CC9B045EA9D7:b'run-parts --lsbsysinit /etc/update-motd.d':0,CLONE,7DE68489-C519-5CAB-8ECB-373A4BA55B6D,b'/bin/sh -e /usr/lib/update-notifier/update-motd-updates-available':0,ta1-theia-1
1557758690.357:420,1BCA9C7A-5761-55F6-912F-CC9B045EA9D7:b'run-parts --lsbsysinit /etc/update-motd.d':0,CLONE,90ACE913-1083-500C-BC54-3E245CFE4864,b'/bin/sh -e /usr/lib/update-notifier/update-motd-updates-available':0,ta1-theia-1
1557758690.305:416,1BCA9C7A-5761-55F6-912F-CC9B045EA9D7:b'run-parts --lsbsysinit /etc/update-motd.d':0,CLONE,225F411D-E998-54A5-9129-C870A2CE6D1B,b'/bin/sh -e /usr/lib/update-notifier/update-motd-updates-available':0,ta1-theia-1
1557758690.249:412,1BCA9C7A-5761-55F6-912F-CC9B045EA9D7:b'run-parts --lsbsysinit /etc/update-motd.d':0,CLONE,3CDA8882-9800-5EBB-89F7-340F9863ADBB,b'/bin/sh -e /usr/lib/update-notifier/update-motd-updates-available':0,ta1-theia-1
1557758690.193:408,1BCA9C7A-5761-55F6-912F-CC9B045EA9D7:b'run-parts --lsbsysinit /etc/update-motd.d':0,CLONE,C37278C2-E332-50DC-961A-A0EABD08EFAD,b'/bin/sh -e /usr/lib/update-notifier/update-motd-updates-available':0,ta1-theia-1
1557758690.137:404,1BCA9C7A-5761-55F6-912F-CC9B045EA9D7:b'run-parts --lsbsysinit /etc/update-motd.d':0,CLONE,B92E3530-8FC2-5E13-9F97-0D456822DAB5,b'/bin/sh -e /usr/lib/update-notifier/update-motd-updates-available':0,ta1-theia-1
1557758690.089:400,1BCA9C7A-5761-55F6-912F-CC9B045EA9D7:b'run-parts --lsbsysinit /etc/update-motd.d':0,CLONE,3DA60AD8-0BD6-5951-BD3D-7E1F7B043BD5,b'/bin/sh -e /usr/lib/update-notifier/update-motd-updates-available':0,ta1-theia-1
1557758690.041:396,1BCA9C7A-5761-55F6-912F-CC9B045EA9D7:b'run-parts --lsbsysinit /etc/update-motd.d':0,CLONE,EDB363F9-EA09-52D9-8E20-59529FB7F591,b'/bin/sh -e /usr/lib/update-notifier/update-motd-updates-available':0,ta1-theia-1
1557758689.993:392,1BCA9C7A-5761-55F6-912F-CC9B045EA9D7:b'run-parts --lsbsysinit /etc/update-motd.d':0,CLONE,3AB5F725-53BA-50A7-A3E0-9733A7FC7392,b'/bin/sh -e /usr/lib/update-notifier/update-motd-updates-available':0,ta1-theia-1
1557758689.941:388,1BCA9C7A-5761-55F6-912F-CC9B045EA9D7:b'run-parts --lsbsysinit /etc/update-motd.d':0,CLONE,56BD8329-A539-56AF-9361-002FF9D7E243,b'/bin/sh -e /usr/lib/update-notifier/update-motd-updates-available':0,ta1-theia-1
1557758689.889:384,1BCA9C7A-5761-55F6-912F-CC9B045EA9D7:b'run-parts --lsbsysinit /etc/update-motd.d':0,CLONE,6BF97591-B978-58E5-994A-2B8477A4CC29,b'/bin/sh -e /usr/lib/update-notifier/update-motd-updates-available':0,ta1-theia-1
1557758689.837:380,1BCA9C7A-5761-55F6-912F-CC9B045EA9D7:b'run-parts --lsbsysinit /etc/update-motd.d':0,CLONE,90207C52-19EC-54CC-AC35-C5B6CC451F2D,b'/bin/sh -e /usr/lib/update-notifier/update-motd-updates-available':0,ta1-theia-1
1557758689.769:376,1BCA9C7A-5761-55F6-912F-CC9B045EA9D7:b'run-parts --lsbsysinit /etc/update-motd.d':0,CLONE,B6AE5EB1-3C0E-5040-98DB-57C0A4190237,b'/bin/sh -e /usr/lib/update-notifier/update-motd-updates-available':0,ta1-theia-1
1557758689.717:372,1BCA9C7A-5761-55F6-912F-CC9B045EA9D7:b'run-parts --lsbsysinit /etc/update-motd.d':0,CLONE,D2B181AF-52B5-58DE-8AD7-9F987786B31B,b'/bin/sh -e /usr/lib/update-notifier/update-motd-updates-available':0,ta1-theia-1
1557758689.665:368,1BCA9C7A-5761-55F6-912F-CC9B045EA9D7:b'run-parts --lsbsysinit /etc/update-motd.d':0,CLONE,552813E5-983E-5CF7-9412-F5FBBC7B16D2,b'/bin/sh -e /usr/lib/update-notifier/update-motd-updates-available':0,ta1-theia-1
1557758689.613:364,1BCA9C7A-5761-55F6-912F-CC9B045EA9D7:b'run-parts --lsbsysinit /etc/update-motd.d':0,CLONE,7CC355EB-899F-5683-928B-561A9D6065F6,b'/bin/sh -e /usr/lib/update-notifier/update-motd-updates-available':0,ta1-theia-1
1557758689.561:360,1BCA9C7A-5761-55F6-912F-CC9B045EA9D7:b'run-parts --lsbsysinit /etc/update-motd.d':0,CLONE,574F7BAE-8C17-5F9B-AD63-B80E75E52101,b'/bin/sh -e /usr/lib/update-notifier/update-motd-updates-available':0,ta1-theia-1
1557758689.509:356,1BCA9C7A-5761-55F6-912F-CC9B045EA9D7:b'run-parts --lsbsysinit /etc/update-motd.d':0,CLONE,F8C56BD5-3C2F-563E-8E98-6D9D6AFDB6C6,b'/bin/sh -e /usr/lib/update-notifier/update-motd-updates-available':0,ta1-theia-1
1557758689.461:352,1BCA9C7A-5761-55F6-912F-CC9B045EA9D7:b'run-parts --lsbsysinit /etc/update-motd.d':0,CLONE,03F92AF0-2C0C-53F5-8F12-1D0364CF9BDD,b'/bin/sh -e /usr/lib/update-notifier/update-motd-updates-available':0,ta1-theia-1
1557758689.413:348,1BCA9C7A-5761-55F6-912F-CC9B045EA9D7:b'run-parts --lsbsysinit /etc/update-motd.d':0,CLONE,06818520-56D3-5082-8881-FCFC078B1A7D,b'/bin/sh -e /usr/lib/update-notifier/update-motd-updates-available':0,ta1-theia-1
1557758689.365:344,1BCA9C7A-5761-55F6-912F-CC9B045EA9D7:b'run-parts --lsbsysinit /etc/update-motd.d':0,CLONE,4F8EED2C-9AF0-5546-A435-5B87270C0F7E,b'/bin/sh -e /usr/lib/update-notifier/update-motd-updates-available':0,ta1-theia-1
1557758689.317:340,1BCA9C7A-5761-55F6-912F-CC9B045EA9D7:b'run-parts --lsbsysinit /etc/update-motd.d':0,CLONE,A8C8A878-1E7F-55D4-A767-292ACA2786C8,b'/bin/sh -e /usr/lib/update-notifier/update-motd-updates-available':0,ta1-theia-1
1557758689.265:336,1BCA9C7A-5761-55F6-912F-CC9B045EA9D7:b'run-parts --lsbsysinit /etc/update-motd.d':0,CLONE,0E0127E4-91D7-52BA-9897-4F7844C1B7CE,b'/bin/sh -e /usr/lib/update-notifier/update-motd-updates-available':0,ta1-theia-1
1557758689.213:332,1BCA9C7A-5761-55F6-912F-CC9B045EA9D7:b'run-parts --lsbsysinit /etc/update-motd.d':0,CLONE,28ACDA9F-C90A-535C-8E32-A6D28361D6C8,b'/bin/sh -e /usr/lib/update-notifier/update-motd-updates-available':0,ta1-theia-1
1557758689.161:328,1BCA9C7A-5761-55F6-912F-CC9B045EA9D7:b'run-parts --lsbsysinit /etc/update-motd.d':0,CLONE,FEE48B9E-0958-54B2-B2A9-D680230A3A08,b'/bin/sh -e /usr/lib/update-notifier/update-motd-updates-available':0,ta1-theia-1
1557758689.109:324,1BCA9C7A-5761-55F6-912F-CC9B045EA9D7:b'run-parts --lsbsysinit /etc/update-motd.d':0,CLONE,1FB4D512-0917-5435-A909-3EE301717B17,b'/bin/sh -e /usr/lib/update-notifier/update-motd-updates-available':0,ta1-theia-1
1557758689.057:320,1BCA9C7A-5761-55F6-912F-CC9B045EA9D7:b'run-parts --lsbsysinit /etc/update-motd.d':0,CLONE,9FEA00A2-7DFB-5014-B7CA-B3B31D11E6CE,b'/bin/sh -e /usr/lib/update-notifier/update-motd-updates-available':0,ta1-theia-1
1557758689.001:316,1BCA9C7A-5761-55F6-912F-CC9B045EA9D7:b'run-parts --lsbsysinit /etc/update-motd.d':0,CLONE,90590E5E-C780-5D4B-AADA-C7E9E2A70110,b'/bin/sh -e /usr/lib/update-notifier/update-motd-updates-available':0,ta1-theia-1
1557758688.945:312,1BCA9C7A-5761-55F6-912F-CC9B045EA9D7:b'run-parts --lsbsysinit /etc/update-motd.d':0,CLONE,E378DE05-E9AD-532D-A434-D5D1553E9B51,b'/bin/sh -e /usr/lib/update-notifier/update-motd-updates-available':0,ta1-theia-1
1557758688.877:308,1BCA9C7A-5761-55F6-912F-CC9B045EA9D7:b'run-parts --lsbsysinit /etc/update-motd.d':0,CLONE,852205CF-471F-5EE1-AA2F-6F0867DB6FCE,b'/bin/sh -e /usr/lib/update-notifier/update-motd-updates-available':0,ta1-theia-1
1557758688.836:304,1BCA9C7A-5761-55F6-912F-CC9B045EA9D7:b'run-parts --lsbsysinit /etc/update-motd.d':0,CLONE,6D105E03-B9C8-5F76-8216-FB83424045A8,b'/bin/sh -e /usr/lib/update-notifier/update-motd-updates-available':0,ta1-theia-1
1557758688.833:300,1BCA9C7A-5761-55F6-912F-CC9B045EA9D7:b'run-parts --lsbsysinit /etc/update-motd.d':0,CLONE,4E6DB4B5-9837-5348-80CD-B887EDBE8191,b'/bin/sh -e /usr/lib/update-notifier/update-motd-updates-available':0,ta1-theia-1
1557758688.830:296,1BCA9C7A-5761-55F6-912F-CC9B045EA9D7:b'run-parts --lsbsysinit /etc/update-motd.d':0,CLONE,E188D202-8EFE-5933-B11F-56AEC627BF4B,b'/bin/sh -e /usr/lib/update-notifier/update-motd-updates-available':0,ta1-theia-1
1557758688.828:292,1BCA9C7A-5761-55F6-912F-CC9B045EA9D7:b'run-parts --lsbsysinit /etc/update-motd.d':0,CLONE,98FCD584-C54B-5233-8E49-3845B0E653F2,b'/bin/sh -e /usr/lib/update-notifier/update-motd-updates-available':0,ta1-theia-1
1557758688.825:288,1BCA9C7A-5761-55F6-912F-CC9B045EA9D7:b'run-parts --lsbsysinit /etc/update-motd.d':0,CLONE,6D1671BE-DE5C-5E2F-BAA6-C50B13788B18,b'/bin/sh -e /usr/lib/update-notifier/update-motd-updates-available':0,ta1-theia-1
1557758688.816:284,1BCA9C7A-5761-55F6-912F-CC9B045EA9D7:b'run-parts --lsbsysinit /etc/update-motd.d':0,CLONE,BACA4012-E4DC-5435-A840-0DC76CD2A447,b'/bin/sh -e /usr/lib/update-notifier/update-motd-updates-available':0,ta1-theia-1
1557758688.813:280,1BCA9C7A-5761-55F6-912F-CC9B045EA9D7:b'run-parts --lsbsysinit /etc/update-motd.d':0,CLONE,B96836B8-3009-578E-A84C-1D0E33F50D42,b'/bin/sh -e /usr/lib/update-notifier/update-motd-updates-available':0,ta1-theia-1
1557758688.804:276,1BCA9C7A-5761-55F6-912F-CC9B045EA9D7:b'run-parts --lsbsysinit /etc/update-motd.d':0,CLONE,603D21AF-C4FC-58BA-8AFD-D738BB5D8497,b'/bin/sh -e /usr/lib/update-notifier/update-motd-updates-available':0,ta1-theia-1
1557758688.801:272,1BCA9C7A-5761-55F6-912F-CC9B045EA9D7:b'run-parts --lsbsysinit /etc/update-motd.d':0,CLONE,DBCB66B5-F358-58C8-8DF5-7696E4A63BAF,b'/bin/sh -e /usr/lib/update-notifier/update-motd-updates-available':0,ta1-theia-1
1557758688.792:268,1BCA9C7A-5761-55F6-912F-CC9B045EA9D7:b'run-parts --lsbsysinit /etc/update-motd.d':0,CLONE,FAAA4DCA-4BB3-5AC4-A11F-7472BF2B763A,b'/bin/sh -e /usr/lib/update-notifier/update-motd-updates-available':0,ta1-theia-1
1557758688.789:264,1BCA9C7A-5761-55F6-912F-CC9B045EA9D7:b'run-parts --lsbsysinit /etc/update-motd.d':0,CLONE,C024EE1B-816F-5EEE-8F4F-7CB5F83774BA,b'/bin/sh -e /usr/lib/update-notifier/update-motd-updates-available':0,ta1-theia-1
1557758688.780:260,1BCA9C7A-5761-55F6-912F-CC9B045EA9D7:b'run-parts --lsbsysinit /etc/update-motd.d':0,CLONE,08002540-6A92-547C-8879-433D181643E0,b'/bin/sh -e /usr/lib/update-notifier/update-motd-updates-available':0,ta1-theia-1
1557758688.777:256,1BCA9C7A-5761-55F6-912F-CC9B045EA9D7:b'run-parts --lsbsysinit /etc/update-motd.d':0,CLONE,2F7312F1-775E-588F-A898-FED396B29048,b'/bin/sh -e /usr/lib/update-notifier/update-motd-updates-available':0,ta1-theia-1
1557758688.766:252,1BCA9C7A-5761-55F6-912F-CC9B045EA9D7:b'run-parts --lsbsysinit /etc/update-motd.d':0,CLONE,02B31562-E539-50BD-9CEB-DB7B26FDC8E5,b'/bin/sh -e /usr/lib/update-notifier/update-motd-updates-available':0,ta1-theia-1
1557758688.763:248,1BCA9C7A-5761-55F6-912F-CC9B045EA9D7:b'run-parts --lsbsysinit /etc/update-motd.d':0,CLONE,0E1A970E-E044-5781-BD75-AE76059D573F,b'/bin/sh -e /usr/lib/update-notifier/update-motd-updates-available':0,ta1-theia-1
1557758688.756:244,1BCA9C7A-5761-55F6-912F-CC9B045EA9D7:b'run-parts --lsbsysinit /etc/update-motd.d':0,CLONE,48E454F7-712B-59FC-A13C-25FA5FBEBDE4,b'/bin/sh -e /usr/lib/update-notifier/update-motd-updates-available':0,ta1-theia-1
1557758688.753:240,1BCA9C7A-5761-55F6-912F-CC9B045EA9D7:b'run-parts --lsbsysinit /etc/update-motd.d':0,CLONE,BFEE2BDA-FAE2-569B-8448-7B4948C593D3,b'/bin/sh -e /usr/lib/update-notifier/update-motd-updates-available':0,ta1-theia-1
1557758688.744:236,1BCA9C7A-5761-55F6-912F-CC9B045EA9D7:b'run-parts --lsbsysinit /etc/update-motd.d':0,CLONE,91D83E8F-9B02-55E6-80BD-5197F14CB03D,b'/bin/sh -e /usr/lib/update-notifier/update-motd-updates-available':0,ta1-theia-1
1557758688.741:232,1BCA9C7A-5761-55F6-912F-CC9B045EA9D7:b'run-parts --lsbsysinit /etc/update-motd.d':0,CLONE,62181EBF-5920-51DC-B9B0-C2AE21AE04B5,b'/bin/sh -e /usr/lib/update-notifier/update-motd-updates-available':0,ta1-theia-1
1557758688.732:228,1BCA9C7A-5761-55F6-912F-CC9B045EA9D7:b'run-parts --lsbsysinit /etc/update-motd.d':0,CLONE,00055C1D-08C2-5174-A14C-60FDD415DC9B,b'/bin/sh -e /usr/lib/update-notifier/update-motd-updates-available':0,ta1-theia-1
1557758688.729:224,1BCA9C7A-5761-55F6-912F-CC9B045EA9D7:b'run-parts --lsbsysinit /etc/update-motd.d':0,CLONE,DD6527A7-3287-54DE-8EF1-C187FA605807,b'/bin/sh -e /usr/lib/update-notifier/update-motd-updates-available':0,ta1-theia-1
1557758688.720:220,1BCA9C7A-5761-55F6-912F-CC9B045EA9D7:b'run-parts --lsbsysinit /etc/update-motd.d':0,CLONE,A5671267-688F-54B7-B9B9-2CF17B6B3C1F,b'/bin/sh -e /usr/lib/update-notifier/update-motd-updates-available':0,ta1-theia-1
1557758688.717:216,1BCA9C7A-5761-55F6-912F-CC9B045EA9D7:b'run-parts --lsbsysinit /etc/update-motd.d':0,CLONE,2BF4FFB4-2538-573C-9E78-2BA231FA195C,b'/bin/sh -e /usr/lib/update-notifier/update-motd-updates-available':0,ta1-theia-1
1557758688.708:212,1BCA9C7A-5761-55F6-912F-CC9B045EA9D7:b'run-parts --lsbsysinit /etc/update-motd.d':0,CLONE,105EB7B3-2AC7-584F-A188-F1F907CE26F9,b'/bin/sh -e /usr/lib/update-notifier/update-motd-updates-available':0,ta1-theia-1
1557758688.705:208,1BCA9C7A-5761-55F6-912F-CC9B045EA9D7:b'run-parts --lsbsysinit /etc/update-motd.d':0,CLONE,5235730F-69BF-552B-B3F3-E5FEF4E82762,b'/bin/sh -e /usr/lib/update-notifier/update-motd-updates-available':0,ta1-theia-1
1557758688.696:204,1BCA9C7A-5761-55F6-912F-CC9B045EA9D7:b'run-parts --lsbsysinit /etc/update-motd.d':0,CLONE,E8774F9B-5BBF-552C-90B3-3714836F2BAF,b'/bin/sh -e /usr/lib/update-notifier/update-motd-updates-available':0,ta1-theia-1
1557758688.693:200,1BCA9C7A-5761-55F6-912F-CC9B045EA9D7:b'run-parts --lsbsysinit /etc/update-motd.d':0,CLONE,5A6783ED-8272-58D6-859D-E436DDF22510,b'/bin/sh -e /usr/lib/update-notifier/update-motd-updates-available':0,ta1-theia-1
1557758688.684:196,1BCA9C7A-5761-55F6-912F-CC9B045EA9D7:b'run-parts --lsbsysinit /etc/update-motd.d':0,CLONE,53024F9F-396B-5588-9024-062391EA154E,b'/bin/sh -e /usr/lib/update-notifier/update-motd-updates-available':0,ta1-theia-1
1557758688.681:192,1BCA9C7A-5761-55F6-912F-CC9B045EA9D7:b'run-parts --lsbsysinit /etc/update-motd.d':0,CLONE,2003561B-EB27-5653-B92A-82568DC234BD,b'/bin/sh -e /usr/lib/update-notifier/update-motd-updates-available':0,ta1-theia-1
1557758688.672:188,1BCA9C7A-5761-55F6-912F-CC9B045EA9D7:b'run-parts --lsbsysinit /etc/update-motd.d':0,CLONE,387AEB68-DB0E-52F2-A451-1EC2F6467EF6,b'/bin/sh -e /usr/lib/update-notifier/update-motd-updates-available':0,ta1-theia-1
1557758688.669:184,1BCA9C7A-5761-55F6-912F-CC9B045EA9D7:b'run-parts --lsbsysinit /etc/update-motd.d':0,CLONE,E176F5E7-A7F6-5213-BB0B-47DD47FDF186,b'/bin/sh -e /usr/lib/update-notifier/update-motd-updates-available':0,ta1-theia-1
1557758688.660:180,1BCA9C7A-5761-55F6-912F-CC9B045EA9D7:b'run-parts --lsbsysinit /etc/update-motd.d':0,CLONE,E8616CD0-EDFE-5ED3-BA3F-AB5690E6685A,b'/bin/sh -e /usr/lib/update-notifier/update-motd-updates-available':0,ta1-theia-1
1557758688.657:176,1BCA9C7A-5761-55F6-912F-CC9B045EA9D7:b'run-parts --lsbsysinit /etc/update-motd.d':0,CLONE,C8F3C59D-1C21-57F1-A6CA-01A552BD093A,b'/bin/sh -e /usr/lib/update-notifier/update-motd-updates-available':0,ta1-theia-1
1557758688.648:172,1BCA9C7A-5761-55F6-912F-CC9B045EA9D7:b'run-parts --lsbsysinit /etc/update-motd.d':0,CLONE,EFC79278-5F2C-5DB5-B1F3-CF4CC8F2023E,b'/bin/sh -e /usr/lib/update-notifier/update-motd-updates-available':0,ta1-theia-1
1557758688.645:168,1BCA9C7A-5761-55F6-912F-CC9B045EA9D7:b'run-parts --lsbsysinit /etc/update-motd.d':0,CLONE,45FFC200-2F8A-5A75-B4B8-E68852EC2868,b'/bin/sh -e /usr/lib/update-notifier/update-motd-updates-available':0,ta1-theia-1
1557758688.642:528352,CC7C9A7F-4BD4-5E0F-88B4-3EA111554703:null:null,READ,0100D00F-0B00-5800-0000-0000678E005A,/etc/hosts:0,ta1-theia-1
1557758688.642:528351,CC7C9A7F-4BD4-5E0F-88B4-3EA111554703:null:null,READ,0100D00F-0B00-5800-0000-0000678E005A,/etc/hosts:0,ta1-theia-1
1557758688.636:164,1BCA9C7A-5761-55F6-912F-CC9B045EA9D7:b'run-parts --lsbsysinit /etc/update-motd.d':0,CLONE,68B0380E-594A-5A80-BF1C-F9092476A978,b'/bin/sh -e /usr/lib/update-notifier/update-motd-updates-available':0,ta1-theia-1
1557758688.633:160,1BCA9C7A-5761-55F6-912F-CC9B045EA9D7:b'run-parts --lsbsysinit /etc/update-motd.d':0,CLONE,52B07208-9BE5-597B-A30E-FC7162405ED8,b'/bin/sh -e /usr/lib/update-notifier/update-motd-updates-available':0,ta1-theia-1
1557758688.624:156,1BCA9C7A-5761-55F6-912F-CC9B045EA9D7:b'run-parts --lsbsysinit /etc/update-motd.d':0,CLONE,4FB4536B-6621-5A73-80F1-05B496938549,b'/bin/sh -e /usr/lib/update-notifier/update-motd-updates-available':0,ta1-theia-1
1557758688.621:152,1BCA9C7A-5761-55F6-912F-CC9B045EA9D7:b'run-parts --lsbsysinit /etc/update-motd.d':0,CLONE,99AA9FE0-8F0D-570B-AC2F-575829C41E64,b'/bin/sh -e /usr/lib/update-notifier/update-motd-updates-available':0,ta1-theia-1
1557758688.612:148,1BCA9C7A-5761-55F6-912F-CC9B045EA9D7:b'run-parts --lsbsysinit /etc/update-motd.d':0,CLONE,7D020627-C14D-5EC0-89FC-4B7BD475D18A,b'/bin/sh -e /usr/lib/update-notifier/update-motd-updates-available':0,ta1-theia-1
1557758688.609:144,1BCA9C7A-5761-55F6-912F-CC9B045EA9D7:b'run-parts --lsbsysinit /etc/update-motd.d':0,CLONE,3FAB18AE-2DA7-5D38-B478-5B74B34977F1,b'/bin/sh -e /usr/lib/update-notifier/update-motd-updates-available':0,ta1-theia-1
1557758688.600:140,1BCA9C7A-5761-55F6-912F-CC9B045EA9D7:b'run-parts --lsbsysinit /etc/update-motd.d':0,CLONE,A005FACC-7A26-56A7-9722-2DDB15B0E1FD,b'/bin/sh -e /usr/lib/update-notifier/update-motd-updates-available':0,ta1-theia-1
1557758688.597:136,1BCA9C7A-5761-55F6-912F-CC9B045EA9D7:b'run-parts --lsbsysinit /etc/update-motd.d':0,CLONE,A3AEC27A-B9FF-5754-AD52-DFB2888E4FD0,b'/bin/sh -e /usr/lib/update-notifier/update-motd-updates-available':0,ta1-theia-1
1557758688.588:132,1BCA9C7A-5761-55F6-912F-CC9B045EA9D7:b'run-parts --lsbsysinit /etc/update-motd.d':0,CLONE,4D779DC3-083A-5250-8EAF-6DC932542FE9,b'/bin/sh -e /usr/lib/update-notifier/update-motd-updates-available':0,ta1-theia-1
1557758688.585:128,1BCA9C7A-5761-55F6-912F-CC9B045EA9D7:b'run-parts --lsbsysinit /etc/update-motd.d':0,CLONE,327F45BD-BB62-5C6F-ACF2-4629A5866FF8,b'/bin/sh -e /usr/lib/update-notifier/update-motd-updates-available':0,ta1-theia-1
1557758688.576:124,1BCA9C7A-5761-55F6-912F-CC9B045EA9D7:b'run-parts --lsbsysinit /etc/update-motd.d':0,CLONE,90A5754B-66EB-5A96-A266-B396D050E28F,b'/bin/sh -e /usr/lib/update-notifier/update-motd-updates-available':0,ta1-theia-1
1557758688.573:120,1BCA9C7A-5761-55F6-912F-CC9B045EA9D7:b'run-parts --lsbsysinit /etc/update-motd.d':0,CLONE,34ED88C2-4BA5-5AF7-902E-2C74DE120E56,b'/bin/sh -e /usr/lib/update-notifier/update-motd-updates-available':0,ta1-theia-1
1557758688.562:116,1BCA9C7A-5761-55F6-912F-CC9B045EA9D7:b'run-parts --lsbsysinit /etc/update-motd.d':0,CLONE,A69BB94A-A554-57F0-8F68-DEF464C6FA01,b'/bin/sh -e /usr/lib/update-notifier/update-motd-updates-available':0,ta1-theia-1
1557758688.559:112,1BCA9C7A-5761-55F6-912F-CC9B045EA9D7:b'run-parts --lsbsysinit /etc/update-motd.d':0,CLONE,AF1D23FD-661D-5074-81DE-F6F79CAE8D95,b'/bin/sh -e /usr/lib/update-notifier/update-motd-updates-available':0,ta1-theia-1
1557758688.548:108,1BCA9C7A-5761-55F6-912F-CC9B045EA9D7:b'run-parts --lsbsysinit /etc/update-motd.d':0,CLONE,BDD9E28E-EAF9-5D16-AA0A-7EBC51BC59E5,b'/bin/sh -e /usr/lib/update-notifier/update-motd-updates-available':0,ta1-theia-1
1557758688.545:104,1BCA9C7A-5761-55F6-912F-CC9B045EA9D7:b'run-parts --lsbsysinit /etc/update-motd.d':0,CLONE,6A4A73B3-045B-5827-ADF1-6D6D4A4D7F71,b'/bin/sh -e /usr/lib/update-notifier/update-motd-updates-available':0,ta1-theia-1
1557758688.536:100,1BCA9C7A-5761-55F6-912F-CC9B045EA9D7:b'run-parts --lsbsysinit /etc/update-motd.d':0,CLONE,BDDB43F0-6225-54E3-AA79-BEC3DEE31F55,b'/bin/sh -e /usr/lib/update-notifier/update-motd-updates-available':0,ta1-theia-1
1557758688.533:96,1BCA9C7A-5761-55F6-912F-CC9B045EA9D7:b'run-parts --lsbsysinit /etc/update-motd.d':0,CLONE,DB621D39-33ED-5E8E-8AE4-05BA9F6DD89A,b'/bin/sh -e /usr/lib/update-notifier/update-motd-updates-available':0,ta1-theia-1
1557758688.524:92,1BCA9C7A-5761-55F6-912F-CC9B045EA9D7:b'run-parts --lsbsysinit /etc/update-motd.d':0,CLONE,D217639E-C4A7-562B-BE00-45F4330CCA71,b'/bin/sh -e /usr/lib/update-notifier/update-motd-updates-available':0,ta1-theia-1
1557758688.521:88,1BCA9C7A-5761-55F6-912F-CC9B045EA9D7:b'run-parts --lsbsysinit /etc/update-motd.d':0,CLONE,1B66103F-0352-5B77-B75B-BA5352981674,b'/bin/sh -e /usr/lib/update-notifier/update-motd-updates-available':0,ta1-theia-1
1557758688.512:84,1BCA9C7A-5761-55F6-912F-CC9B045EA9D7:b'run-parts --lsbsysinit /etc/update-motd.d':0,CLONE,1011B555-DB0F-50D7-9655-3988BF69A688,b'/bin/sh -e /usr/lib/update-notifier/update-motd-updates-available':0,ta1-theia-1
1557758688.509:80,1BCA9C7A-5761-55F6-912F-CC9B045EA9D7:b'run-parts --lsbsysinit /etc/update-motd.d':0,CLONE,0F5E9DFF-7BFF-5A82-B70B-4B4F9A944B1B,b'/bin/sh -e /usr/lib/update-notifier/update-motd-updates-available':0,ta1-theia-1
1557758688.500:76,1BCA9C7A-5761-55F6-912F-CC9B045EA9D7:b'run-parts --lsbsysinit /etc/update-motd.d':0,CLONE,48F4FFFF-88D6-56E8-9FA7-ED7ACFE7D3F3,b'/bin/sh -e /usr/lib/update-notifier/update-motd-updates-available':0,ta1-theia-1
1557758688.497:72,1BCA9C7A-5761-55F6-912F-CC9B045EA9D7:b'run-parts --lsbsysinit /etc/update-motd.d':0,CLONE,C25E0A92-A104-5490-835F-5933FE4C26BA,b'/bin/sh -e /usr/lib/update-notifier/update-motd-updates-available':0,ta1-theia-1
1557758688.488:68,1BCA9C7A-5761-55F6-912F-CC9B045EA9D7:b'run-parts --lsbsysinit /etc/update-motd.d':0,CLONE,70D24B58-3923-5ED0-A0CC-911C796783FF,b'/bin/sh -e /usr/lib/update-notifier/update-motd-updates-available':0,ta1-theia-1
1557758688.485:64,1BCA9C7A-5761-55F6-912F-CC9B045EA9D7:b'run-parts --lsbsysinit /etc/update-motd.d':0,CLONE,94F3044E-DC94-5684-87A4-C5453655FC88,b'/bin/sh -e /usr/lib/update-notifier/update-motd-updates-available':0,ta1-theia-1
1557758688.476:60,1BCA9C7A-5761-55F6-912F-CC9B045EA9D7:b'run-parts --lsbsysinit /etc/update-motd.d':0,CLONE,83782610-085F-5A56-8D21-6D9F641CEA4B,b'/bin/sh -e /usr/lib/update-notifier/update-motd-updates-available':0,ta1-theia-1
1557758688.473:56,1BCA9C7A-5761-55F6-912F-CC9B045EA9D7:b'run-parts --lsbsysinit /etc/update-motd.d':0,CLONE,5DBEEDB3-1ACC-5AD7-B0C3-D088C90583A7,b'/bin/sh -e /usr/lib/update-notifier/update-motd-updates-available':0,ta1-theia-1
1557758688.460:52,1BCA9C7A-5761-55F6-912F-CC9B045EA9D7:b'run-parts --lsbsysinit /etc/update-motd.d':0,CLONE,9FDF9CBD-4994-5F81-9999-DBF1BEDB4C5B,b'/bin/sh -e /usr/lib/update-notifier/update-motd-updates-available':0,ta1-theia-1
1557758688.457:48,1BCA9C7A-5761-55F6-912F-CC9B045EA9D7:b'run-parts --lsbsysinit /etc/update-motd.d':0,CLONE,23B788C3-0EFC-582A-85D6-FA7FFF12AD7D,b'/bin/sh -e /usr/lib/update-notifier/update-motd-updates-available':0,ta1-theia-1
1557758688.444:105,39272144-9B87-511A-B477-68319E218D4F:b'/bin/sh -e /usr/lib/update-notifier/update-motd-updates-available':0,CLONE,DC196264-3C79-54C3-BF99-64E38AC28A96,b'apt-config shell ListDir Dir::State::Lists':0,ta1-theia-1
1557758688.437:43,1BCA9C7A-5761-55F6-912F-CC9B045EA9D7:b'run-parts --lsbsysinit /etc/update-motd.d':0,CLONE,39272144-9B87-511A-B477-68319E218D4F,b'/bin/sh -e /usr/lib/update-notifier/update-motd-updates-available':0,ta1-theia-1
1557758688.427:105,0BD51D3F-39CE-53A7-9577-A6BEB36596DD:b'/bin/sh -e /usr/lib/update-notifier/update-motd-updates-available':0,CLONE,6E58042E-1E25-5B60-87ED-AFBBEB455259,b'apt-config shell StateDir Dir::State':0,ta1-theia-1
1557758688.411:39,1BCA9C7A-5761-55F6-912F-CC9B045EA9D7:b'run-parts --lsbsysinit /etc/update-motd.d':0,CLONE,0BD51D3F-39CE-53A7-9577-A6BEB36596DD,b'/bin/sh -e /usr/lib/update-notifier/update-motd-updates-available':0,ta1-theia-1
1557758688.408:35,1BCA9C7A-5761-55F6-912F-CC9B045EA9D7:b'run-parts --lsbsysinit /etc/update-motd.d':0,CLONE,414BA85D-9E7C-55E9-A812-1BF8A4A636F6,b'/bin/sh -e /usr/lib/update-notifier/update-motd-updates-available':0,ta1-theia-1
1557758688.405:30,6E388D43-DBC3-5A58-8607-2AB4D80E82BE:b'sh -c /usr/bin/env -i PATH=/usr/local/sbin:/usr/local/bin:/usr/sbin:/usr/bin:/sbin:/bin run-parts --lsbsysinit /etc/update-motd.d > /var/run/motd.new':0,CLONE,1BCA9C7A-5761-55F6-912F-CC9B045EA9D7,b'run-parts --lsbsysinit /etc/update-motd.d':0,ta1-theia-1
1557758688.350:4,9F997F89-6359-5ABF-94DC-88B73E3BD244:b'/usr/bin/python /usr/bin/landscape-sysinfo':0,EXECUTE,0100D00F-C326-0C00-0000-0000B790005A,/usr/bin/who:0,ta1-theia-1
1557758688.345:5035,531D8445-8590-578F-AD62-91669B906C61:b'/bin/sh /etc/update-motd.d/50-landscape-sysinfo':0,CLONE,9F997F89-6359-5ABF-94DC-88B73E3BD244,b'/usr/bin/python /usr/bin/landscape-sysinfo':0,ta1-theia-1
1557758688.205:1903,531D8445-8590-578F-AD62-91669B906C61:b'/bin/sh /etc/update-motd.d/50-landscape-sysinfo':0,CLONE,1CA998C3-97B5-5E7E-A15D-B2D708861980,b'/usr/bin/python /usr/bin/landscape-sysinfo':0,ta1-theia-1
1557758688.162:16,1E5F8B54-F276-5FC1-A721-3FEAA1515C74:b'/usr/bin/python /usr/bin/landscape-sysinfo':0,CLONE,26821212-C6B6-5E98-9719-360BD56F5A4D,b'sh -c /sbin/ldconfig -p 2>/dev/null':0,ta1-theia-1
1557758688.162:1732,531D8445-8590-578F-AD62-91669B906C61:b'/bin/sh /etc/update-motd.d/50-landscape-sysinfo':0,CLONE,1E5F8B54-F276-5FC1-A721-3FEAA1515C74,b'/usr/bin/python /usr/bin/landscape-sysinfo':0,ta1-theia-1
1557758688.149:16,AF19361F-C0AC-5338-AF77-85551B3444C1:b'/usr/bin/python /usr/bin/landscape-sysinfo':0,CLONE,60319904-7052-51D3-AA9A-5E4A30DB33FB,b'sh -c /sbin/ldconfig -p 2>/dev/null':0,ta1-theia-1
1557758688.148:1707,531D8445-8590-578F-AD62-91669B906C61:b'/bin/sh /etc/update-motd.d/50-landscape-sysinfo':0,CLONE,AF19361F-C0AC-5338-AF77-85551B3444C1,b'/usr/bin/python /usr/bin/landscape-sysinfo':0,ta1-theia-1
1557758687.976:29,187A36A3-6DA5-5867-B64E-53FE7539E48F:b'run-parts --lsbsysinit /etc/update-motd.d':0,CLONE,531D8445-8590-578F-AD62-91669B906C61,b'/bin/sh /etc/update-motd.d/50-landscape-sysinfo':0,ta1-theia-1
1557758687.974:27,187A36A3-6DA5-5867-B64E-53FE7539E48F:b'run-parts --lsbsysinit /etc/update-motd.d':0,CLONE,8E824D41-8EAC-5E86-881D-FBCEB37FDC78,b'/bin/sh /etc/update-motd.d/50-landscape-sysinfo':0,ta1-theia-1
1557758687.961:1,FF595E7E-9585-5D13-BD20-88F94F192191:b'/bin/sh /etc/update-motd.d/50-landscape-sysinfo':0,CLONE,3568EE71-0B1B-57A6-8B45-D895A307A196,b'/bin/sh /etc/update-motd.d/50-landscape-sysinfo':0,ta1-theia-1
1557758687.959:2,B8765FC8-4877-5DDD-BB3D-6969B53D8146:b'/bin/sh /etc/update-motd.d/50-landscape-sysinfo':0,CLONE,922E4147-A4BB-50D1-A1B8-3D5FB8F4AF70,b'/bin/sh /etc/update-motd.d/50-landscape-sysinfo':0,ta1-theia-1
1557758687.959:1,B8765FC8-4877-5DDD-BB3D-6969B53D8146:b'/bin/sh /etc/update-motd.d/50-landscape-sysinfo':0,CLONE,FF595E7E-9585-5D13-BD20-88F94F192191,b'/bin/sh /etc/update-motd.d/50-landscape-sysinfo':0,ta1-theia-1
1557758687.959:22,187A36A3-6DA5-5867-B64E-53FE7539E48F:b'run-parts --lsbsysinit /etc/update-motd.d':0,CLONE,B8765FC8-4877-5DDD-BB3D-6969B53D8146,b'/bin/sh /etc/update-motd.d/50-landscape-sysinfo':0,ta1-theia-1
1557758687.948:18,187A36A3-6DA5-5867-B64E-53FE7539E48F:b'run-parts --lsbsysinit /etc/update-motd.d':0,CLONE,C19B30F5-6204-52A4-98E0-D9B991DD74F2,b'/bin/sh /etc/update-motd.d/50-landscape-sysinfo':0,ta1-theia-1
1557758687.946:29,6E388D43-DBC3-5A58-8607-2AB4D80E82BE:b'sh -c /usr/bin/env -i PATH=/usr/local/sbin:/usr/local/bin:/usr/sbin:/usr/bin:/sbin:/bin run-parts --lsbsysinit /etc/update-motd.d > /var/run/motd.new':0,CLONE,187A36A3-6DA5-5867-B64E-53FE7539E48F,b'run-parts --lsbsysinit /etc/update-motd.d':0,ta1-theia-1
1557758687.938:24,BA31870F-5174-5D13-86C8-AF027E100CE3:b'run-parts --lsbsysinit /etc/update-motd.d':0,CLONE,427A1D92-259A-53C9-8390-22813CE75142,b'/bin/sh /etc/update-motd.d/10-help-text':0,ta1-theia-1
1557758687.938:23,BA31870F-5174-5D13-86C8-AF027E100CE3:b'run-parts --lsbsysinit /etc/update-motd.d':0,CLONE,2501D513-A93E-5605-B917-F5FF4A84BD8C,b'/bin/sh /etc/update-motd.d/10-help-text':0,ta1-theia-1
1557758687.937:28,6E388D43-DBC3-5A58-8607-2AB4D80E82BE:b'sh -c /usr/bin/env -i PATH=/usr/local/sbin:/usr/local/bin:/usr/sbin:/usr/bin:/sbin:/bin run-parts --lsbsysinit /etc/update-motd.d > /var/run/motd.new':0,CLONE,BA31870F-5174-5D13-86C8-AF027E100CE3,b'run-parts --lsbsysinit /etc/update-motd.d':0,ta1-theia-1
1557758687.929:31,B78E80B8-3DA3-5BA0-8D92-44867AA9E408:b'run-parts --lsbsysinit /etc/update-motd.d':0,CLONE,E2970785-74DF-5ACE-B46C-504741DD7677,b'/bin/sh /etc/update-motd.d/00-header':0,ta1-theia-1
1557758687.922:27,B78E80B8-3DA3-5BA0-8D92-44867AA9E408:b'run-parts --lsbsysinit /etc/update-motd.d':0,CLONE,25124724-659F-5D86-974A-3F04AE01CA52,b'/bin/sh /etc/update-motd.d/00-header':0,ta1-theia-1
1557758687.921:23,B78E80B8-3DA3-5BA0-8D92-44867AA9E408:b'run-parts --lsbsysinit /etc/update-motd.d':0,CLONE,88D74874-C9C5-5128-A50F-599001178CDE,b'/bin/sh /etc/update-motd.d/00-header':0,ta1-theia-1
1557758687.912:27,6E388D43-DBC3-5A58-8607-2AB4D80E82BE:b'sh -c /usr/bin/env -i PATH=/usr/local/sbin:/usr/local/bin:/usr/sbin:/usr/bin:/sbin:/bin run-parts --lsbsysinit /etc/update-motd.d > /var/run/motd.new':0,CLONE,B78E80B8-3DA3-5BA0-8D92-44867AA9E408,b'run-parts --lsbsysinit /etc/update-motd.d':0,ta1-theia-1
1557758687.911:16,3B0962DF-5087-5F68-B9AE-8047ECECEE17:b'sshd: admin [priv]  ':0,CLONE,6E388D43-DBC3-5A58-8607-2AB4D80E82BE,b'sh -c /usr/bin/env -i PATH=/usr/local/sbin:/usr/local/bin:/usr/sbin:/usr/bin:/sbin:/bin run-parts --lsbsysinit /etc/update-motd.d > /var/run/motd.new':0,ta1-theia-1
1557758687.910:582,2FD24E6E-DEC5-5214-A12B-DFEEFD9C5AAF:b'/usr/sbin/sshd -D':0,CLONE,3B0962DF-5087-5F68-B9AE-8047ECECEE17,b'sshd: admin [priv]  ':0,ta1-theia-1
1557758681.936:300,2FD24E6E-DEC5-5214-A12B-DFEEFD9C5AAF:b'/usr/sbin/sshd -D':0,READ,0100D00F-0B00-5800-0000-0000678E005A,/etc/hosts:0,ta1-theia-1
1557758681.936:299,2FD24E6E-DEC5-5214-A12B-DFEEFD9C5AAF:b'/usr/sbin/sshd -D':0,READ,0100D00F-0B00-5800-0000-0000678E005A,/etc/hosts:0,ta1-theia-1
1557758681.889:274,2FD24E6E-DEC5-5214-A12B-DFEEFD9C5AAF:b'/usr/sbin/sshd -D':0,CLONE,12835C3C-CB71-5350-9884-8B58E35084A0,b'sshd: [accepted]    ':0,ta1-theia-1
1557758680.913:5366,84053D48-9767-59AE-A797-BAC5E4ED3368:null:null,CLONE,2FD24E6E-DEC5-5214-A12B-DFEEFD9C5AAF,b'/usr/sbin/sshd -D':0,ta1-theia-1
1557758679.643:528302,CC7C9A7F-4BD4-5E0F-88B4-3EA111554703:null:null,READ,0100D00F-0B00-5800-0000-0000678E005A,/etc/hosts:0,ta1-theia-1
1557758679.643:528301,CC7C9A7F-4BD4-5E0F-88B4-3EA111554703:null:null,READ,0100D00F-0B00-5800-0000-0000678E005A,/etc/hosts:0,ta1-theia-1
1557758674.946:528266,CC7C9A7F-4BD4-5E0F-88B4-3EA111554703:null:null,READ,0100D00F-0B00-5800-0000-0000678E005A,/etc/hosts:0,ta1-theia-1
1557758674.946:528265,CC7C9A7F-4BD4-5E0F-88B4-3EA111554703:null:null,READ,0100D00F-0B00-5800-0000-0000678E005A,/etc/hosts:0,ta1-theia-1
1557758664.733:15790,94E4DFBD-838C-514F-903B-19CAECEF6F62:null:null,READ,0100D00F-0B00-5800-0000-0000678E005A,/etc/hosts:0,ta1-theia-1
1557758664.733:15789,94E4DFBD-838C-514F-903B-19CAECEF6F62:null:null,READ,0100D00F-0B00-5800-0000-0000678E005A,/etc/hosts:0,ta1-theia-1
1557758664.733:15785,94E4DFBD-838C-514F-903B-19CAECEF6F62:null:null,READ,0100D00F-0B00-5800-0000-0000678E005A,/etc/hosts:0,ta1-theia-1
1557758637.265:15778,94E4DFBD-838C-514F-903B-19CAECEF6F62:null:null,READ,0100D00F-0B00-5800-0000-0000678E005A,/etc/hosts:0,ta1-theia-1
1557758637.265:15777,94E4DFBD-838C-514F-903B-19CAECEF6F62:null:null,READ,0100D00F-0B00-5800-0000-0000678E005A,/etc/hosts:0,ta1-theia-1
1557758637.265:15773,94E4DFBD-838C-514F-903B-19CAECEF6F62:null:null,READ,0100D00F-0B00-5800-0000-0000678E005A,/etc/hosts:0,ta1-theia-1
1557758636.733:528231,CC7C9A7F-4BD4-5E0F-88B4-3EA111554703:null:null,READ,0100D00F-0B00-5800-0000-0000678E005A,/etc/hosts:0,ta1-theia-1
1557758636.733:528230,CC7C9A7F-4BD4-5E0F-88B4-3EA111554703:null:null,READ,0100D00F-0B00-5800-0000-0000678E005A,/etc/hosts:0,ta1-theia-1
1557758619.639:528190,CC7C9A7F-4BD4-5E0F-88B4-3EA111554703:null:null,READ,0100D00F-0B00-5800-0000-0000678E005A,/etc/hosts:0,ta1-theia-1
1557758619.639:528189,CC7C9A7F-4BD4-5E0F-88B4-3EA111554703:null:null,READ,0100D00F-0B00-5800-0000-0000678E005A,/etc/hosts:0,ta1-theia-1
1557758614.914:528153,CC7C9A7F-4BD4-5E0F-88B4-3EA111554703:null:null,READ,0100D00F-0B00-5800-0000-0000678E005A,/etc/hosts:0,ta1-theia-1
1557758614.914:528152,CC7C9A7F-4BD4-5E0F-88B4-3EA111554703:null:null,READ,0100D00F-0B00-5800-0000-0000678E005A,/etc/hosts:0,ta1-theia-1
1557758561.639:528128,CC7C9A7F-4BD4-5E0F-88B4-3EA111554703:null:null,READ,0100D00F-0B00-5800-0000-0000678E005A,/etc/hosts:0,ta1-theia-1
1557758561.639:528127,CC7C9A7F-4BD4-5E0F-88B4-3EA111554703:null:null,READ,0100D00F-0B00-5800-0000-0000678E005A,/etc/hosts:0,ta1-theia-1
1557758558.022:12331,546F3AEC-D7EF-5FC8-B1AD-85C445A516D1:b'sshd: admin@pts/0   ':1003,CLONE,1261C69C-884D-5683-8C0B-0AAF7A8F0FDF,b'-bash':1003,ta1-theia-1
1557758555.919:2,57D42B4F-10DC-5B65-8B8E-979C053C27B8:b'-bash':1003,EXECUTE,0100D00F-2C00-3200-0000-0000BD90005A,/bin/ps:0,ta1-theia-1
1557758555.918:12304,546F3AEC-D7EF-5FC8-B1AD-85C445A516D1:b'sshd: admin@pts/0   ':1003,CLONE,57D42B4F-10DC-5B65-8B8E-979C053C27B8,b'-bash':1003,ta1-theia-1
1557758554.882:528092,CC7C9A7F-4BD4-5E0F-88B4-3EA111554703:null:null,READ,0100D00F-0B00-5800-0000-0000678E005A,/etc/hosts:0,ta1-theia-1
1557758554.882:528091,CC7C9A7F-4BD4-5E0F-88B4-3EA111554703:null:null,READ,0100D00F-0B00-5800-0000-0000678E005A,/etc/hosts:0,ta1-theia-1
1557758554.824:23,5B2B179F-2E85-5D16-8843-4A557C28E0D7:b'-bash':1003,READ,0100D00F-0B00-5800-0000-0000678E005A,/etc/hosts:0,ta1-theia-1
1557758554.820:21,5B2B179F-2E85-5D16-8843-4A557C28E0D7:b'-bash':1003,READ,0100D00F-0B00-5800-0000-0000678E005A,/etc/hosts:0,ta1-theia-1
1557758554.817:2,5B2B179F-2E85-5D16-8843-4A557C28E0D7:b'-bash':1003,EXECUTE,0100D00F-9E00-3200-0000-0000B790005A,/bin/cat:0,ta1-theia-1
1557758554.816:12274,546F3AEC-D7EF-5FC8-B1AD-85C445A516D1:b'sshd: admin@pts/0   ':1003,CLONE,5B2B179F-2E85-5D16-8843-4A557C28E0D7,b'-bash':1003,ta1-theia-1
1557758553.713:12230,546F3AEC-D7EF-5FC8-B1AD-85C445A516D1:b'sshd: admin@pts/0   ':1003,CLONE,1D2773FE-9A52-523A-802A-B11D3D414764,b'-bash':1003,ta1-theia-1
1557758551.619:23,7800779C-C0E2-5DF6-A579-874BCC50ECC0:b'-bash':1003,READ,0100D00F-0B00-5800-0000-0000678E005A,/etc/hosts:0,ta1-theia-1
1557758551.614:21,7800779C-C0E2-5DF6-A579-874BCC50ECC0:b'-bash':1003,READ,0100D00F-0B00-5800-0000-0000678E005A,/etc/hosts:0,ta1-theia-1
1557758551.611:2,7800779C-C0E2-5DF6-A579-874BCC50ECC0:b'-bash':1003,EXECUTE,0100D00F-9E00-3200-0000-0000B790005A,/bin/cat:0,ta1-theia-1
1557758551.610:12198,546F3AEC-D7EF-5FC8-B1AD-85C445A516D1:b'sshd: admin@pts/0   ':1003,CLONE,7800779C-C0E2-5DF6-A579-874BCC50ECC0,b'-bash':1003,ta1-theia-1
1557758549.507:2,939E54F0-2821-56E6-A823-40884A71F966:b'-bash':1003,EXECUTE,0100D00F-2C00-3200-0000-0000BD90005A,/bin/ps:0,ta1-theia-1
1557758549.506:12154,546F3AEC-D7EF-5FC8-B1AD-85C445A516D1:b'sshd: admin@pts/0   ':1003,CLONE,939E54F0-2821-56E6-A823-40884A71F966,b'-bash':1003,ta1-theia-1
1557758547.404:2,7F44F990-634F-5271-87EE-4A101DC62623:b'-bash':1003,EXECUTE,0100D00F-2C00-3200-0000-0000BD90005A,/bin/ps:0,ta1-theia-1
1557758547.402:12124,546F3AEC-D7EF-5FC8-B1AD-85C445A516D1:b'sshd: admin@pts/0   ':1003,CLONE,7F44F990-634F-5271-87EE-4A101DC62623,b'-bash':1003,ta1-theia-1
1557758544.990:2,4B2A61D1-ABA3-556D-9B7D-3CF94F2BFB29:b'-bash':1003,EXECUTE,0100D00F-2C00-3200-0000-0000BD90005A,/bin/ps:0,ta1-theia-1
1557758544.989:12094,546F3AEC-D7EF-5FC8-B1AD-85C445A516D1:b'sshd: admin@pts/0   ':1003,CLONE,4B2A61D1-ABA3-556D-9B7D-3CF94F2BFB29,b'-bash':1003,ta1-theia-1
1557758541.785:12064,546F3AEC-D7EF-5FC8-B1AD-85C445A516D1:b'sshd: admin@pts/0   ':1003,CLONE,9E8808A2-AB03-54DC-ABD4-396BDE289E12,b'-bash':1003,ta1-theia-1
1557758537.773:12032,546F3AEC-D7EF-5FC8-B1AD-85C445A516D1:b'sshd: admin@pts/0   ':1003,CLONE,A74C5A6A-9C2C-572E-9E6C-2F33C1FD55C9,b'-bash':1003,ta1-theia-1
1557758537.593:2,2B2BC05D-C0AB-5C19-995B-3B60FD4C7098:b'-bash':1003,CLONE,7BEC3937-3F26-5EA0-B304-6C9BAC2E08C6,b'-bash':1003,ta1-theia-1
1557758537.593:1,2B2BC05D-C0AB-5C19-995B-3B60FD4C7098:b'-bash':1003,CLONE,CDBAE80E-2811-5C4B-BA58-16F707F0EFBC,b'-bash':1003,ta1-theia-1
1557758537.593:8229,546F3AEC-D7EF-5FC8-B1AD-85C445A516D1:b'sshd: admin@pts/0   ':1003,CLONE,2B2BC05D-C0AB-5C19-995B-3B60FD4C7098,b'-bash':1003,ta1-theia-1
1557758537.585:2,36210083-A6B2-5BD0-B794-D7AE2C7434AF:b'-bash':1003,CLONE,21D1D103-6758-5008-A84E-384923278CA7,b'-bash':1003,ta1-theia-1
1557758537.585:1,36210083-A6B2-5BD0-B794-D7AE2C7434AF:b'-bash':1003,CLONE,6C204817-CAFD-59FB-88CE-FFBD243E7B91,b'-bash':1003,ta1-theia-1
1557758537.585:8214,546F3AEC-D7EF-5FC8-B1AD-85C445A516D1:b'sshd: admin@pts/0   ':1003,CLONE,36210083-A6B2-5BD0-B794-D7AE2C7434AF,b'-bash':1003,ta1-theia-1
1557758537.580:2,9B2E7352-C663-527A-89DC-B86D472DA2B0:b'-bash':1003,CLONE,0C04440A-34BF-5CB2-A37D-2572F3578BE7,b'-bash':1003,ta1-theia-1
1557758537.580:1,9B2E7352-C663-527A-89DC-B86D472DA2B0:b'-bash':1003,CLONE,B814B72E-5CCB-52BB-AFB9-80DDC5ABCC5E,b'-bash':1003,ta1-theia-1
1557758537.579:8199,546F3AEC-D7EF-5FC8-B1AD-85C445A516D1:b'sshd: admin@pts/0   ':1003,CLONE,9B2E7352-C663-527A-89DC-B86D472DA2B0,b'-bash':1003,ta1-theia-1
1557758537.577:2,2566B1C6-5E1A-52F4-B8F3-EC009EF7CD77:b'-bash':1003,CLONE,A0A9F523-F553-58AB-9D5E-291D9F40B2D4,b'-bash':1003,ta1-theia-1
1557758537.577:1,2566B1C6-5E1A-52F4-B8F3-EC009EF7CD77:b'-bash':1003,CLONE,DBE1B14F-6AA7-5975-B87B-4FEE927AE1E3,b'-bash':1003,ta1-theia-1
1557758537.577:8184,546F3AEC-D7EF-5FC8-B1AD-85C445A516D1:b'sshd: admin@pts/0   ':1003,CLONE,2566B1C6-5E1A-52F4-B8F3-EC009EF7CD77,b'-bash':1003,ta1-theia-1
1557758537.569:2,64788519-36B1-5F38-B3E4-E3FC8573329F:b'-bash':1003,CLONE,142915CD-36D5-5584-8FAD-5F3EB6CBA380,b'-bash':1003,ta1-theia-1
1557758537.569:1,64788519-36B1-5F38-B3E4-E3FC8573329F:b'-bash':1003,CLONE,21FD4998-FAD8-5879-AE7C-5DD7201D197B,b'-bash':1003,ta1-theia-1
1557758537.569:8169,546F3AEC-D7EF-5FC8-B1AD-85C445A516D1:b'sshd: admin@pts/0   ':1003,CLONE,64788519-36B1-5F38-B3E4-E3FC8573329F,b'-bash':1003,ta1-theia-1
1557758537.562:2,15C6ED85-A503-5DBF-BBB9-D6CE0CE3BB62:b'-bash':1003,CLONE,02D57A6F-A008-56F1-89E9-4A2B52D7E8AC,b'-bash':1003,ta1-theia-1
1557758537.562:1,15C6ED85-A503-5DBF-BBB9-D6CE0CE3BB62:b'-bash':1003,CLONE,8CC18A8C-E2A4-508E-93A6-C184373F2507,b'-bash':1003,ta1-theia-1
1557758537.562:8154,546F3AEC-D7EF-5FC8-B1AD-85C445A516D1:b'sshd: admin@pts/0   ':1003,CLONE,15C6ED85-A503-5DBF-BBB9-D6CE0CE3BB62,b'-bash':1003,ta1-theia-1
1557758537.560:2,CA6538CF-50E3-50A6-836E-F2BD209840C1:b'-bash':1003,CLONE,2FCD6317-1646-5675-BCC0-E939CF1AFBFF,b'-bash':1003,ta1-theia-1
1557758537.560:1,CA6538CF-50E3-50A6-836E-F2BD209840C1:b'-bash':1003,CLONE,9B0362BA-435E-508E-8330-9036D4A05A77,b'-bash':1003,ta1-theia-1
1557758537.560:8139,546F3AEC-D7EF-5FC8-B1AD-85C445A516D1:b'sshd: admin@pts/0   ':1003,CLONE,CA6538CF-50E3-50A6-836E-F2BD209840C1,b'-bash':1003,ta1-theia-1
1557758537.558:2,0A5245EF-CEDB-5346-83D7-8C8DF7DDEC23:b'-bash':1003,CLONE,3A6C4F2A-3492-59E8-A5F8-42238D80E385,b'-bash':1003,ta1-theia-1
1557758537.557:1,0A5245EF-CEDB-5346-83D7-8C8DF7DDEC23:b'-bash':1003,CLONE,391EA32A-C31E-5F48-8B7D-B4CDBD171616,b'-bash':1003,ta1-theia-1
1557758537.557:8124,546F3AEC-D7EF-5FC8-B1AD-85C445A516D1:b'sshd: admin@pts/0   ':1003,CLONE,0A5245EF-CEDB-5346-83D7-8C8DF7DDEC23,b'-bash':1003,ta1-theia-1
1557758537.549:2,ACEC7013-5C40-5488-B688-87D5AE5F8A82:b'-bash':1003,CLONE,17ABD362-F8BF-5DA6-ACFC-C7D6393ABFA7,b'-bash':1003,ta1-theia-1
1557758537.549:1,ACEC7013-5C40-5488-B688-87D5AE5F8A82:b'-bash':1003,CLONE,5DED5638-57A7-5B31-90BC-2847BF12DBD5,b'-bash':1003,ta1-theia-1
1557758537.549:8109,546F3AEC-D7EF-5FC8-B1AD-85C445A516D1:b'sshd: admin@pts/0   ':1003,CLONE,ACEC7013-5C40-5488-B688-87D5AE5F8A82,b'-bash':1003,ta1-theia-1
1557758537.542:2,6E07CE13-1601-59E2-9FF4-88DA2121B27D:b'-bash':1003,CLONE,76098A4D-A020-50E8-BC8F-E76D6A0AFDB7,b'-bash':1003,ta1-theia-1
1557758537.542:1,6E07CE13-1601-59E2-9FF4-88DA2121B27D:b'-bash':1003,CLONE,B0F51AC4-403F-5596-A0C9-B4518D35D6A8,b'-bash':1003,ta1-theia-1
1557758537.541:8094,546F3AEC-D7EF-5FC8-B1AD-85C445A516D1:b'sshd: admin@pts/0   ':1003,CLONE,6E07CE13-1601-59E2-9FF4-88DA2121B27D,b'-bash':1003,ta1-theia-1
1557758537.538:2,2FB75151-7CA9-534D-8FF7-BA5225F8F6B2:b'-bash':1003,CLONE,3C2124D7-CEC0-5FA6-AF25-73FF22DD9621,b'-bash':1003,ta1-theia-1
1557758537.538:1,2FB75151-7CA9-534D-8FF7-BA5225F8F6B2:b'-bash':1003,CLONE,41C90A45-EFC5-516F-8FCE-0F4139E9148F,b'-bash':1003,ta1-theia-1
1557758537.537:8079,546F3AEC-D7EF-5FC8-B1AD-85C445A516D1:b'sshd: admin@pts/0   ':1003,CLONE,2FB75151-7CA9-534D-8FF7-BA5225F8F6B2,b'-bash':1003,ta1-theia-1
1557758537.533:2,C05E2B1B-C7F2-5BC4-BD8A-52DCE3851899:b'-bash':1003,CLONE,B9218C83-3E4C-59B8-BA5A-8D55F9EF3602,b'-bash':1003,ta1-theia-1
1557758537.533:1,C05E2B1B-C7F2-5BC4-BD8A-52DCE3851899:b'-bash':1003,CLONE,283CEC26-6845-5687-86C0-C3E6797A8F4E,b'-bash':1003,ta1-theia-1
1557758537.533:8064,546F3AEC-D7EF-5FC8-B1AD-85C445A516D1:b'sshd: admin@pts/0   ':1003,CLONE,C05E2B1B-C7F2-5BC4-BD8A-52DCE3851899,b'-bash':1003,ta1-theia-1
1557758537.530:7980,546F3AEC-D7EF-5FC8-B1AD-85C445A516D1:b'sshd: admin@pts/0   ':1003,CLONE,F07109B8-34D3-51B4-8953-07476F4E7F5A,b'-bash':1003,ta1-theia-1
1557758537.509:0,514BA21F-21A9-5E1A-848B-1B2DAA35BDF7:b'-bash':1003,CLONE,5880D9A6-9798-5DF2-894D-C475E7DFE618,b'-bash':1003,ta1-theia-1
1557758537.508:6943,546F3AEC-D7EF-5FC8-B1AD-85C445A516D1:b'sshd: admin@pts/0   ':1003,CLONE,514BA21F-21A9-5E1A-848B-1B2DAA35BDF7,b'-bash':1003,ta1-theia-1
1557758537.474:2,8D1E9B00-4B27-5748-968C-F0F6235E38FD:b'-bash':1003,CLONE,1D327083-41EF-59C0-9434-8E359F885B07,b'-bash':1003,ta1-theia-1
1557758537.474:1,8D1E9B00-4B27-5748-968C-F0F6235E38FD:b'-bash':1003,CLONE,9AB401B7-FA39-5AF7-8200-AE82B5494228,b'-bash':1003,ta1-theia-1
1557758537.474:6932,546F3AEC-D7EF-5FC8-B1AD-85C445A516D1:b'sshd: admin@pts/0   ':1003,CLONE,8D1E9B00-4B27-5748-968C-F0F6235E38FD,b'-bash':1003,ta1-theia-1
1557758537.462:0,9E9B17CD-36E3-5F4C-862C-806B52719838:b'-bash':1003,CLONE,12264104-D0EF-52F7-BC0A-71799CAD3F3F,b'-bash':1003,ta1-theia-1
1557758537.461:6070,546F3AEC-D7EF-5FC8-B1AD-85C445A516D1:b'sshd: admin@pts/0   ':1003,CLONE,9E9B17CD-36E3-5F4C-862C-806B52719838,b'-bash':1003,ta1-theia-1
1557758537.455:0,1AD2B56B-8E3B-52BF-80BF-6B054CD21FB4:b'-bash':1003,CLONE,B2F06CDA-0232-5531-A3F7-0EF755AB426F,b'-bash':1003,ta1-theia-1
1557758537.454:6054,546F3AEC-D7EF-5FC8-B1AD-85C445A516D1:b'sshd: admin@pts/0   ':1003,CLONE,1AD2B56B-8E3B-52BF-80BF-6B054CD21FB4,b'-bash':1003,ta1-theia-1
1557758537.448:1,8A443937-6F58-5FCA-B6D9-DF3A31BC62F1:b'/bin/sh /usr/bin/lesspipe':1003,CLONE,0D63903D-54AE-549F-8FC1-0A8D03F0CAF3,b'/bin/sh /usr/bin/lesspipe':1003,ta1-theia-1
1557758537.447:22,90106C86-ED5A-5103-8B28-FDCB06D68F02:b'-bash':1003,CLONE,8A443937-6F58-5FCA-B6D9-DF3A31BC62F1,b'/bin/sh /usr/bin/lesspipe':1003,ta1-theia-1
1557758537.446:18,90106C86-ED5A-5103-8B28-FDCB06D68F02:b'-bash':1003,CLONE,537C5CB9-AEE4-554A-8E39-0B048C6FAB05,b'/bin/sh /usr/bin/lesspipe':1003,ta1-theia-1
1557758537.445:0,BC1CD138-4871-5875-A539-C3A0C98DC293:b'-bash':1003,CLONE,90106C86-ED5A-5103-8B28-FDCB06D68F02,b'-bash':1003,ta1-theia-1
1557758537.445:6050,546F3AEC-D7EF-5FC8-B1AD-85C445A516D1:b'sshd: admin@pts/0   ':1003,CLONE,BC1CD138-4871-5875-A539-C3A0C98DC293,b'-bash':1003,ta1-theia-1
1557758537.388:2,B2C02194-BF0E-55B0-BE7E-35F683A20295:b'-bash':1003,CLONE,1A16F3C4-31DE-556B-9A37-641B22A28931,b'-bash':1003,ta1-theia-1
1557758537.388:1,B2C02194-BF0E-55B0-BE7E-35F683A20295:b'-bash':1003,CLONE,17128B28-2E32-58B0-9152-557F6DEF19D6,b'-bash':1003,ta1-theia-1
1557758537.388:2287,546F3AEC-D7EF-5FC8-B1AD-85C445A516D1:b'sshd: admin@pts/0   ':1003,CLONE,B2C02194-BF0E-55B0-BE7E-35F683A20295,b'-bash':1003,ta1-theia-1
1557758537.385:2,B1628565-C29C-5EA8-9926-1D252FDB48C6:b'-bash':1003,CLONE,EA1A246E-0CDB-5FF0-9EDA-E18146A040F2,b'-bash':1003,ta1-theia-1
1557758537.385:1,B1628565-C29C-5EA8-9926-1D252FDB48C6:b'-bash':1003,CLONE,9B2A3CDB-0C51-52FA-A754-6B46317F6413,b'-bash':1003,ta1-theia-1
1557758537.385:2272,546F3AEC-D7EF-5FC8-B1AD-85C445A516D1:b'sshd: admin@pts/0   ':1003,CLONE,B1628565-C29C-5EA8-9926-1D252FDB48C6,b'-bash':1003,ta1-theia-1
1557758537.372:2,B876A965-2A15-5F04-8A80-4CE080FCF880:b'-bash':1003,CLONE,380D4760-240B-5FE6-B2E3-38D48833C4BB,b'-bash':1003,ta1-theia-1
1557758537.372:1,B876A965-2A15-5F04-8A80-4CE080FCF880:b'-bash':1003,CLONE,3CF4DA9C-ADFA-5F86-989D-41242B2E3E60,b'-bash':1003,ta1-theia-1
1557758537.372:2257,546F3AEC-D7EF-5FC8-B1AD-85C445A516D1:b'sshd: admin@pts/0   ':1003,CLONE,B876A965-2A15-5F04-8A80-4CE080FCF880,b'-bash':1003,ta1-theia-1
1557758537.370:2,E4A5EA15-1AC6-573D-9117-889E9053ABB9:b'-bash':1003,CLONE,0191D7EE-3116-5741-A3B0-9EDCD16DA836,b'-bash':1003,ta1-theia-1
1557758537.370:1,E4A5EA15-1AC6-573D-9117-889E9053ABB9:b'-bash':1003,CLONE,5C337792-EA39-5BA2-8FB1-B60A60EE7454,b'-bash':1003,ta1-theia-1
1557758537.369:2242,546F3AEC-D7EF-5FC8-B1AD-85C445A516D1:b'sshd: admin@pts/0   ':1003,CLONE,E4A5EA15-1AC6-573D-9117-889E9053ABB9,b'-bash':1003,ta1-theia-1
1557758537.362:2,642EEC83-A6D3-507D-A9AB-F0F3F8527BC1:b'-bash':1003,CLONE,961D26E0-5542-54E3-B762-15211A1F5151,b'-bash':1003,ta1-theia-1
1557758537.362:1,642EEC83-A6D3-507D-A9AB-F0F3F8527BC1:b'-bash':1003,CLONE,2D3F21E9-1F74-5ACC-9876-8BF4E9DD1F43,b'-bash':1003,ta1-theia-1
1557758537.361:2227,546F3AEC-D7EF-5FC8-B1AD-85C445A516D1:b'sshd: admin@pts/0   ':1003,CLONE,642EEC83-A6D3-507D-A9AB-F0F3F8527BC1,b'-bash':1003,ta1-theia-1
1557758537.360:2,90748CCB-9876-5677-9EED-85CFD0AB95B0:b'-bash':1003,CLONE,ACFAE499-F800-5EFD-8E14-E3176E48EAE6,b'-bash':1003,ta1-theia-1
1557758537.359:1,90748CCB-9876-5677-9EED-85CFD0AB95B0:b'-bash':1003,CLONE,97204F5F-4034-5272-A142-CF03A43099D7,b'-bash':1003,ta1-theia-1
1557758537.359:2212,546F3AEC-D7EF-5FC8-B1AD-85C445A516D1:b'sshd: admin@pts/0   ':1003,CLONE,90748CCB-9876-5677-9EED-85CFD0AB95B0,b'-bash':1003,ta1-theia-1
1557758537.357:2,2CF00E0E-8986-5C48-ABE1-441985EDB1CD:b'-bash':1003,CLONE,04F82B4D-005A-57C8-9D71-B8549D83759B,b'-bash':1003,ta1-theia-1
1557758537.357:1,2CF00E0E-8986-5C48-ABE1-441985EDB1CD:b'-bash':1003,CLONE,2D85E843-38DC-5FC4-829F-2A8FBE6EEC30,b'-bash':1003,ta1-theia-1
1557758537.357:2197,546F3AEC-D7EF-5FC8-B1AD-85C445A516D1:b'sshd: admin@pts/0   ':1003,CLONE,2CF00E0E-8986-5C48-ABE1-441985EDB1CD,b'-bash':1003,ta1-theia-1
1557758537.349:2,71CD6F76-4B1B-5BFE-8F93-A64048723D85:b'-bash':1003,CLONE,3C6F2FFA-986C-5BF4-916B-0F8988EBFB3E,b'-bash':1003,ta1-theia-1
1557758537.349:1,71CD6F76-4B1B-5BFE-8F93-A64048723D85:b'-bash':1003,CLONE,FE0E21B6-45E9-55BB-A744-FA64581508D3,b'-bash':1003,ta1-theia-1
1557758537.349:2182,546F3AEC-D7EF-5FC8-B1AD-85C445A516D1:b'sshd: admin@pts/0   ':1003,CLONE,71CD6F76-4B1B-5BFE-8F93-A64048723D85,b'-bash':1003,ta1-theia-1
1557758537.340:2,40D6C160-219D-5026-90F0-5F075042F1B6:b'-bash':1003,CLONE,27F25A2B-6D55-5960-A669-80E552A74E50,b'-bash':1003,ta1-theia-1
1557758537.340:1,40D6C160-219D-5026-90F0-5F075042F1B6:b'-bash':1003,CLONE,71A130E5-D68A-582F-B730-F00F2BB5D4D1,b'-bash':1003,ta1-theia-1
1557758537.340:2167,546F3AEC-D7EF-5FC8-B1AD-85C445A516D1:b'sshd: admin@pts/0   ':1003,CLONE,40D6C160-219D-5026-90F0-5F075042F1B6,b'-bash':1003,ta1-theia-1
1557758537.337:2,09C16A5A-E477-52E7-B832-60A6894140D5:b'-bash':1003,CLONE,3B6FC58C-B1D5-5EA4-9E08-B65D694DB896,b'-bash':1003,ta1-theia-1
1557758537.337:1,09C16A5A-E477-52E7-B832-60A6894140D5:b'-bash':1003,CLONE,EFE96B34-1F59-5580-A4EE-9D640DE7AB91,b'-bash':1003,ta1-theia-1
1557758537.337:2152,546F3AEC-D7EF-5FC8-B1AD-85C445A516D1:b'sshd: admin@pts/0   ':1003,CLONE,09C16A5A-E477-52E7-B832-60A6894140D5,b'-bash':1003,ta1-theia-1
1557758537.326:2,6A936174-CB02-5F8F-B0AB-07489E2C0239:b'-bash':1003,CLONE,C5FDADD9-F05E-52DB-B5F5-EF2728B8A773,b'-bash':1003,ta1-theia-1
1557758537.326:1,6A936174-CB02-5F8F-B0AB-07489E2C0239:b'-bash':1003,CLONE,3D3ECF7A-91CB-50B4-B9D7-7D96FF0BD8B4,b'-bash':1003,ta1-theia-1
1557758537.326:2137,546F3AEC-D7EF-5FC8-B1AD-85C445A516D1:b'sshd: admin@pts/0   ':1003,CLONE,6A936174-CB02-5F8F-B0AB-07489E2C0239,b'-bash':1003,ta1-theia-1
1557758537.324:2,911B11B5-7FD2-58DD-9689-5871D2567C1E:b'-bash':1003,CLONE,99C3E665-7AFA-5583-A2EC-1EF5955EB882,b'-bash':1003,ta1-theia-1
1557758537.324:1,911B11B5-7FD2-58DD-9689-5871D2567C1E:b'-bash':1003,CLONE,03BD3531-052B-54EF-92FB-302EE5B110E0,b'-bash':1003,ta1-theia-1
1557758537.323:2122,546F3AEC-D7EF-5FC8-B1AD-85C445A516D1:b'sshd: admin@pts/0   ':1003,CLONE,911B11B5-7FD2-58DD-9689-5871D2567C1E,b'-bash':1003,ta1-theia-1
1557758537.321:2028,546F3AEC-D7EF-5FC8-B1AD-85C445A516D1:b'sshd: admin@pts/0   ':1003,CLONE,A6B40CC4-FAF8-5920-B6B1-DABBEB113082,b'-bash':1003,ta1-theia-1
1557758537.296:0,2ED18421-A582-5131-9DC0-CC77FF25F17D:b'-bash':1003,CLONE,99A4E08A-36B3-5CA7-8911-5904C96510EE,b'-bash':1003,ta1-theia-1
1557758537.295:991,546F3AEC-D7EF-5FC8-B1AD-85C445A516D1:b'sshd: admin@pts/0   ':1003,CLONE,2ED18421-A582-5131-9DC0-CC77FF25F17D,b'-bash':1003,ta1-theia-1
1557758537.226:2,09E2B7F1-5942-50AD-87F6-FE85F0D2586D:b'-bash':1003,CLONE,3A4C6434-88E6-5C80-8084-9A07527D3DC6,b'-bash':1003,ta1-theia-1
1557758537.226:1,09E2B7F1-5942-50AD-87F6-FE85F0D2586D:b'-bash':1003,CLONE,6DC588D5-DB8E-5140-9395-4772FFCE3F17,b'-bash':1003,ta1-theia-1
1557758537.226:980,546F3AEC-D7EF-5FC8-B1AD-85C445A516D1:b'sshd: admin@pts/0   ':1003,CLONE,09E2B7F1-5942-50AD-87F6-FE85F0D2586D,b'-bash':1003,ta1-theia-1
1557758537.179:0,B097C556-786F-512E-98C1-734926D46632:b'-bash':1003,CLONE,C244704C-1EBD-5246-96D9-D849D6529E70,b'-bash':1003,ta1-theia-1
1557758537.178:118,546F3AEC-D7EF-5FC8-B1AD-85C445A516D1:b'sshd: admin@pts/0   ':1003,CLONE,B097C556-786F-512E-98C1-734926D46632,b'-bash':1003,ta1-theia-1
1557758537.167:33,FD65557D-D7B5-5B42-BCEE-1C3D0A584C1B:b'sshd: admin [priv]  ':0,CLONE,546F3AEC-D7EF-5FC8-B1AD-85C445A516D1,b'sshd: admin@pts/0   ':1003,ta1-theia-1
1557758537.131:607,88AA2B09-81A5-5B2E-B16C-3A876CDD45C6:b'/usr/sbin/sshd -D':0,CLONE,FD65557D-D7B5-5B42-BCEE-1C3D0A584C1B,b'sshd: admin [priv]  ':0,ta1-theia-1
1557758537.123:35,D8DD4CEF-F332-5F99-81F8-25CBC625B92C:b'sh -c /usr/bin/env -i PATH=/usr/local/sbin:/usr/local/bin:/usr/sbin:/usr/bin:/sbin:/bin run-parts --lsbsysinit /etc/update-motd.d > /var/run/motd.new':0,CLONE,818D35E6-70A9-57CC-8398-6628A5749131,b'run-parts --lsbsysinit /etc/update-motd.d':0,ta1-theia-1
1557758537.121:34,D8DD4CEF-F332-5F99-81F8-25CBC625B92C:b'sh -c /usr/bin/env -i PATH=/usr/local/sbin:/usr/local/bin:/usr/sbin:/usr/bin:/sbin:/bin run-parts --lsbsysinit /etc/update-motd.d > /var/run/motd.new':0,CLONE,B2771FF2-D14E-5B6F-8150-D1D2407A2EA1,b'run-parts --lsbsysinit /etc/update-motd.d':0,ta1-theia-1
1557758537.113:0,AB979EDE-D44F-5D7C-AEC0-CC03A2D25DB1:b'/bin/sh /usr/lib/update-notifier/update-motd-fsck-at-reboot':0,EXECUTE,0100D00F-9E00-3200-0000-0000B790005A,/bin/cat:0,ta1-theia-1
1557758537.113:43,3DBC0E6B-E708-53FF-A7A0-EE327047A0F7:b'run-parts --lsbsysinit /etc/update-motd.d':0,CLONE,AB979EDE-D44F-5D7C-AEC0-CC03A2D25DB1,b'/bin/sh /usr/lib/update-notifier/update-motd-fsck-at-reboot':0,ta1-theia-1
1557758537.104:40,3DBC0E6B-E708-53FF-A7A0-EE327047A0F7:b'run-parts --lsbsysinit /etc/update-motd.d':0,CLONE,4058866D-AC3F-5EC3-802C-78E287460637,b'/bin/sh /usr/lib/update-notifier/update-motd-fsck-at-reboot':0,ta1-theia-1
1557758537.102:36,3DBC0E6B-E708-53FF-A7A0-EE327047A0F7:b'run-parts --lsbsysinit /etc/update-motd.d':0,CLONE,E44CCEF1-3B4D-5D8F-9804-9154291B2910,b'/bin/sh /usr/lib/update-notifier/update-motd-fsck-at-reboot':0,ta1-theia-1
1557758537.094:33,D8DD4CEF-F332-5F99-81F8-25CBC625B92C:b'sh -c /usr/bin/env -i PATH=/usr/local/sbin:/usr/local/bin:/usr/sbin:/usr/bin:/sbin:/bin run-parts --lsbsysinit /etc/update-motd.d > /var/run/motd.new':0,CLONE,3DBC0E6B-E708-53FF-A7A0-EE327047A0F7,b'run-parts --lsbsysinit /etc/update-motd.d':0,ta1-theia-1
1557758537.093:0,51043937-E7C0-5C14-BF04-3D7E28F0DF5E:b'/bin/sh -e /usr/lib/update-notifier/update-motd-hwe-eol':0,EXECUTE,0100D00F-9E00-3200-0000-0000B790005A,/bin/cat:0,ta1-theia-1
1557758537.093:57,DB905B3F-695A-5CF5-A237-EFD169905888:b'run-parts --lsbsysinit /etc/update-motd.d':0,CLONE,51043937-E7C0-5C14-BF04-3D7E28F0DF5E,b'/bin/sh -e /usr/lib/update-notifier/update-motd-hwe-eol':0,ta1-theia-1
1557758537.085:55,DB905B3F-695A-5CF5-A237-EFD169905888:b'run-parts --lsbsysinit /etc/update-motd.d':0,CLONE,A567B6E5-0A43-50CF-A352-1697195AEE3B,b'/bin/sh -e /usr/lib/update-notifier/update-motd-hwe-eol':0,ta1-theia-1
1557758537.077:105,841D745D-E2C7-52B1-855D-5E143476B303:b'/bin/sh -e /usr/lib/update-notifier/update-motd-hwe-eol':0,CLONE,E8959A80-202F-5B2E-97CD-AD6E98A31EC2,b'apt-config shell DpkgStatusDir Dir::State::status':0,ta1-theia-1
1557758537.073:51,DB905B3F-695A-5CF5-A237-EFD169905888:b'run-parts --lsbsysinit /etc/update-motd.d':0,CLONE,841D745D-E2C7-52B1-855D-5E143476B303,b'/bin/sh -e /usr/lib/update-notifier/update-motd-hwe-eol':0,ta1-theia-1
1557758537.059:105,0F9D6196-234B-5C80-BD68-D55C53B5587D:b'/bin/sh -e /usr/lib/update-notifier/update-motd-hwe-eol':0,CLONE,F87DA9BF-3009-55C5-833C-D33F77C09ADA,b'apt-config shell SourceList Dir::Etc::sourcelist':0,ta1-theia-1
1557758537.055:47,DB905B3F-695A-5CF5-A237-EFD169905888:b'run-parts --lsbsysinit /etc/update-motd.d':0,CLONE,0F9D6196-234B-5C80-BD68-D55C53B5587D,b'/bin/sh -e /usr/lib/update-notifier/update-motd-hwe-eol':0,ta1-theia-1
1557758537.047:105,F70A50D0-2119-5F25-9FF6-E84B0E34A40D:b'/bin/sh -e /usr/lib/update-notifier/update-motd-hwe-eol':0,CLONE,A3D109EF-2BB1-5645-930F-B06F48C4EA9A,b'apt-config shell EtcDir Dir::Etc':0,ta1-theia-1
1557758537.043:43,DB905B3F-695A-5CF5-A237-EFD169905888:b'run-parts --lsbsysinit /etc/update-motd.d':0,CLONE,F70A50D0-2119-5F25-9FF6-E84B0E34A40D,b'/bin/sh -e /usr/lib/update-notifier/update-motd-hwe-eol':0,ta1-theia-1
1557758537.035:105,E1BD1DCE-FC74-5F8E-8A79-704671E98164:b'/bin/sh -e /usr/lib/update-notifier/update-motd-hwe-eol':0,CLONE,C59A3A57-CB55-5E3F-9D69-6B5F5849875B,b'apt-config shell ListDir Dir::State::Lists':0,ta1-theia-1
1557758537.031:39,DB905B3F-695A-5CF5-A237-EFD169905888:b'run-parts --lsbsysinit /etc/update-motd.d':0,CLONE,E1BD1DCE-FC74-5F8E-8A79-704671E98164,b'/bin/sh -e /usr/lib/update-notifier/update-motd-hwe-eol':0,ta1-theia-1
1557758537.023:105,0CF09794-651C-573C-B1B4-9AD7B712092A:b'/bin/sh -e /usr/lib/update-notifier/update-motd-hwe-eol':0,CLONE,BA6EB5ED-7748-5D8D-8B8E-84E2DADA6A9D,b'apt-config shell StateDir Dir::State':0,ta1-theia-1
1557758537.019:35,DB905B3F-695A-5CF5-A237-EFD169905888:b'run-parts --lsbsysinit /etc/update-motd.d':0,CLONE,0CF09794-651C-573C-B1B4-9AD7B712092A,b'/bin/sh -e /usr/lib/update-notifier/update-motd-hwe-eol':0,ta1-theia-1
1557758537.017:32,D8DD4CEF-F332-5F99-81F8-25CBC625B92C:b'sh -c /usr/bin/env -i PATH=/usr/local/sbin:/usr/local/bin:/usr/sbin:/usr/bin:/sbin:/bin run-parts --lsbsysinit /etc/update-motd.d > /var/run/motd.new':0,CLONE,DB905B3F-695A-5CF5-A237-EFD169905888,b'run-parts --lsbsysinit /etc/update-motd.d':0,ta1-theia-1
1557758537.011:0,07F37DF2-7D2C-52C9-8401-E64D4F6CBD13:b'/bin/sh -e /usr/lib/update-manager/release-upgrade-motd':0,EXECUTE,0100D00F-9E00-3200-0000-0000B790005A,/bin/cat:0,ta1-theia-1
1557758537.011:34,C1F0A5D5-D257-5644-AA27-58EE7FD7DAC1:b'run-parts --lsbsysinit /etc/update-motd.d':0,CLONE,07F37DF2-7D2C-52C9-8401-E64D4F6CBD13,b'/bin/sh -e /usr/lib/update-manager/release-upgrade-motd':0,ta1-theia-1
1557758537.009:31,D8DD4CEF-F332-5F99-81F8-25CBC625B92C:b'sh -c /usr/bin/env -i PATH=/usr/local/sbin:/usr/local/bin:/usr/sbin:/usr/bin:/sbin:/bin run-parts --lsbsysinit /etc/update-motd.d > /var/run/motd.new':0,CLONE,C1F0A5D5-D257-5644-AA27-58EE7FD7DAC1,b'run-parts --lsbsysinit /etc/update-motd.d':0,ta1-theia-1
1557758536.995:0,BC49687E-0AD8-5E63-B628-CB318220F839:b'/bin/sh -e /usr/lib/update-notifier/update-motd-updates-available':0,EXECUTE,0100D00F-9E00-3200-0000-0000B790005A,/bin/cat:0,ta1-theia-1
1557758536.995:447,AD3965F3-878A-5958-B3E2-8E4F7F0232B9:b'run-parts --lsbsysinit /etc/update-motd.d':0,CLONE,BC49687E-0AD8-5E63-B628-CB318220F839,b'/bin/sh -e /usr/lib/update-notifier/update-motd-updates-available':0,ta1-theia-1
1557758536.993:444,AD3965F3-878A-5958-B3E2-8E4F7F0232B9:b'run-parts --lsbsysinit /etc/update-motd.d':0,CLONE,27CCB9C3-DB2D-5766-9D11-DC74D6428B91,b'/bin/sh -e /usr/lib/update-notifier/update-motd-updates-available':0,ta1-theia-1
1557758536.985:105,10B51C5E-1B9D-5133-990A-060DC4ADE0D6:b'/bin/sh -e /usr/lib/update-notifier/update-motd-updates-available':0,CLONE,43BC8DA6-B242-508F-BFCA-26567D1BBA62,b'apt-config shell SourceList Dir::Etc::sourcelist':0,ta1-theia-1
1557758536.981:440,AD3965F3-878A-5958-B3E2-8E4F7F0232B9:b'run-parts --lsbsysinit /etc/update-motd.d':0,CLONE,10B51C5E-1B9D-5133-990A-060DC4ADE0D6,b'/bin/sh -e /usr/lib/update-notifier/update-motd-updates-available':0,ta1-theia-1
1557758536.973:105,889572DB-0D2E-58BE-8EF1-8B2BAAE8EF4A:b'/bin/sh -e /usr/lib/update-notifier/update-motd-updates-available':0,CLONE,C8464981-C604-590E-B834-92C3CA07B898,b'apt-config shell EtcDir Dir::Etc':0,ta1-theia-1
1557758536.969:436,AD3965F3-878A-5958-B3E2-8E4F7F0232B9:b'run-parts --lsbsysinit /etc/update-motd.d':0,CLONE,889572DB-0D2E-58BE-8EF1-8B2BAAE8EF4A,b'/bin/sh -e /usr/lib/update-notifier/update-motd-updates-available':0,ta1-theia-1
1557758536.963:432,AD3965F3-878A-5958-B3E2-8E4F7F0232B9:b'run-parts --lsbsysinit /etc/update-motd.d':0,CLONE,E0BCBD79-1015-54C8-ADC3-6C19979F5B39,b'/bin/sh -e /usr/lib/update-notifier/update-motd-updates-available':0,ta1-theia-1
1557758536.961:428,AD3965F3-878A-5958-B3E2-8E4F7F0232B9:b'run-parts --lsbsysinit /etc/update-motd.d':0,CLONE,F54A1729-2BD1-5097-95F3-AE0C9BF09A0E,b'/bin/sh -e /usr/lib/update-notifier/update-motd-updates-available':0,ta1-theia-1
1557758536.955:424,AD3965F3-878A-5958-B3E2-8E4F7F0232B9:b'run-parts --lsbsysinit /etc/update-motd.d':0,CLONE,FF3AA7F2-7ED7-5662-9C07-5CABF83E1597,b'/bin/sh -e /usr/lib/update-notifier/update-motd-updates-available':0,ta1-theia-1
1557758536.953:420,AD3965F3-878A-5958-B3E2-8E4F7F0232B9:b'run-parts --lsbsysinit /etc/update-motd.d':0,CLONE,565DECF2-5003-5F6E-A753-ABDD8CA75F54,b'/bin/sh -e /usr/lib/update-notifier/update-motd-updates-available':0,ta1-theia-1
1557758536.943:416,AD3965F3-878A-5958-B3E2-8E4F7F0232B9:b'run-parts --lsbsysinit /etc/update-motd.d':0,CLONE,4EEBDCC8-1D31-5795-AC91-D6026F3AF052,b'/bin/sh -e /usr/lib/update-notifier/update-motd-updates-available':0,ta1-theia-1
1557758536.942:412,AD3965F3-878A-5958-B3E2-8E4F7F0232B9:b'run-parts --lsbsysinit /etc/update-motd.d':0,CLONE,039C7149-6436-53EB-9C3B-233103E0212D,b'/bin/sh -e /usr/lib/update-notifier/update-motd-updates-available':0,ta1-theia-1
1557758536.935:408,AD3965F3-878A-5958-B3E2-8E4F7F0232B9:b'run-parts --lsbsysinit /etc/update-motd.d':0,CLONE,1F4BC2D8-723D-5C07-A977-B247FD9705F7,b'/bin/sh -e /usr/lib/update-notifier/update-motd-updates-available':0,ta1-theia-1
1557758536.933:404,AD3965F3-878A-5958-B3E2-8E4F7F0232B9:b'run-parts --lsbsysinit /etc/update-motd.d':0,CLONE,F88D796E-17F4-5633-8B86-569FA4F81E50,b'/bin/sh -e /usr/lib/update-notifier/update-motd-updates-available':0,ta1-theia-1
1557758536.927:400,AD3965F3-878A-5958-B3E2-8E4F7F0232B9:b'run-parts --lsbsysinit /etc/update-motd.d':0,CLONE,FDFA2E5A-2458-5181-9577-71BE39509B83,b'/bin/sh -e /usr/lib/update-notifier/update-motd-updates-available':0,ta1-theia-1
1557758536.925:396,AD3965F3-878A-5958-B3E2-8E4F7F0232B9:b'run-parts --lsbsysinit /etc/update-motd.d':0,CLONE,CCA5E1B7-CF94-57FC-99C7-26427C84A3AC,b'/bin/sh -e /usr/lib/update-notifier/update-motd-updates-available':0,ta1-theia-1
1557758536.919:392,AD3965F3-878A-5958-B3E2-8E4F7F0232B9:b'run-parts --lsbsysinit /etc/update-motd.d':0,CLONE,B17A25B2-2766-5AC3-9810-B84A65AE5F77,b'/bin/sh -e /usr/lib/update-notifier/update-motd-updates-available':0,ta1-theia-1
1557758536.917:388,AD3965F3-878A-5958-B3E2-8E4F7F0232B9:b'run-parts --lsbsysinit /etc/update-motd.d':0,CLONE,6C781E5C-4773-570C-91BB-CD344C1AFA40,b'/bin/sh -e /usr/lib/update-notifier/update-motd-updates-available':0,ta1-theia-1
1557758536.911:384,AD3965F3-878A-5958-B3E2-8E4F7F0232B9:b'run-parts --lsbsysinit /etc/update-motd.d':0,CLONE,D3763961-4B72-5540-BCE9-207E1B46438F,b'/bin/sh -e /usr/lib/update-notifier/update-motd-updates-available':0,ta1-theia-1
1557758536.909:380,AD3965F3-878A-5958-B3E2-8E4F7F0232B9:b'run-parts --lsbsysinit /etc/update-motd.d':0,CLONE,158EB638-7F89-5086-A7FA-DE24A0ADD829,b'/bin/sh -e /usr/lib/update-notifier/update-motd-updates-available':0,ta1-theia-1
1557758536.903:376,AD3965F3-878A-5958-B3E2-8E4F7F0232B9:b'run-parts --lsbsysinit /etc/update-motd.d':0,CLONE,6B94EEF4-D193-5A15-9FDA-8DB77C67A7B2,b'/bin/sh -e /usr/lib/update-notifier/update-motd-updates-available':0,ta1-theia-1
1557758536.901:372,AD3965F3-878A-5958-B3E2-8E4F7F0232B9:b'run-parts --lsbsysinit /etc/update-motd.d':0,CLONE,85EC51CE-A9AE-5690-AC10-992BB3917651,b'/bin/sh -e /usr/lib/update-notifier/update-motd-updates-available':0,ta1-theia-1
1557758536.894:368,AD3965F3-878A-5958-B3E2-8E4F7F0232B9:b'run-parts --lsbsysinit /etc/update-motd.d':0,CLONE,E6A7E77F-22BE-5D28-8E4A-5E94C7B502E8,b'/bin/sh -e /usr/lib/update-notifier/update-motd-updates-available':0,ta1-theia-1
1557758536.893:364,AD3965F3-878A-5958-B3E2-8E4F7F0232B9:b'run-parts --lsbsysinit /etc/update-motd.d':0,CLONE,4E5ED5B3-38EA-55CC-96A2-D3BB93098BAA,b'/bin/sh -e /usr/lib/update-notifier/update-motd-updates-available':0,ta1-theia-1
1557758536.886:360,AD3965F3-878A-5958-B3E2-8E4F7F0232B9:b'run-parts --lsbsysinit /etc/update-motd.d':0,CLONE,20EC5164-367A-5CC4-9A5D-7B0BD756FB53,b'/bin/sh -e /usr/lib/update-notifier/update-motd-updates-available':0,ta1-theia-1
1557758536.885:356,AD3965F3-878A-5958-B3E2-8E4F7F0232B9:b'run-parts --lsbsysinit /etc/update-motd.d':0,CLONE,CBC81195-C24C-5F51-9358-D0B4D7803177,b'/bin/sh -e /usr/lib/update-notifier/update-motd-updates-available':0,ta1-theia-1
1557758536.879:352,AD3965F3-878A-5958-B3E2-8E4F7F0232B9:b'run-parts --lsbsysinit /etc/update-motd.d':0,CLONE,2D1E5F9F-AD81-535E-9B63-42734AF2F19F,b'/bin/sh -e /usr/lib/update-notifier/update-motd-updates-available':0,ta1-theia-1
1557758536.877:348,AD3965F3-878A-5958-B3E2-8E4F7F0232B9:b'run-parts --lsbsysinit /etc/update-motd.d':0,CLONE,54C13D1A-5293-5911-B8D4-3D2E34C84F43,b'/bin/sh -e /usr/lib/update-notifier/update-motd-updates-available':0,ta1-theia-1
1557758536.871:344,AD3965F3-878A-5958-B3E2-8E4F7F0232B9:b'run-parts --lsbsysinit /etc/update-motd.d':0,CLONE,6183F5E4-7301-59BF-B538-CE1EE9EFCE75,b'/bin/sh -e /usr/lib/update-notifier/update-motd-updates-available':0,ta1-theia-1
1557758536.869:340,AD3965F3-878A-5958-B3E2-8E4F7F0232B9:b'run-parts --lsbsysinit /etc/update-motd.d':0,CLONE,025A9B14-290D-5BA9-968E-8EB068D6DE17,b'/bin/sh -e /usr/lib/update-notifier/update-motd-updates-available':0,ta1-theia-1
1557758536.863:336,AD3965F3-878A-5958-B3E2-8E4F7F0232B9:b'run-parts --lsbsysinit /etc/update-motd.d':0,CLONE,9D5E134F-718D-5BC4-90B8-062D1B314BAD,b'/bin/sh -e /usr/lib/update-notifier/update-motd-updates-available':0,ta1-theia-1
1557758536.861:332,AD3965F3-878A-5958-B3E2-8E4F7F0232B9:b'run-parts --lsbsysinit /etc/update-motd.d':0,CLONE,7DBCD36D-AD62-5B0A-8800-4E3D9E163B9F,b'/bin/sh -e /usr/lib/update-notifier/update-motd-updates-available':0,ta1-theia-1
1557758536.855:328,AD3965F3-878A-5958-B3E2-8E4F7F0232B9:b'run-parts --lsbsysinit /etc/update-motd.d':0,CLONE,F5277C41-AA9A-5F06-8FBF-20763B8CC8CE,b'/bin/sh -e /usr/lib/update-notifier/update-motd-updates-available':0,ta1-theia-1
1557758536.853:324,AD3965F3-878A-5958-B3E2-8E4F7F0232B9:b'run-parts --lsbsysinit /etc/update-motd.d':0,CLONE,87A51B5B-8FC0-5DAF-B60C-D981BD4F7187,b'/bin/sh -e /usr/lib/update-notifier/update-motd-updates-available':0,ta1-theia-1
1557758536.847:320,AD3965F3-878A-5958-B3E2-8E4F7F0232B9:b'run-parts --lsbsysinit /etc/update-motd.d':0,CLONE,E19DD854-1A66-5445-9FEC-8BE673909D59,b'/bin/sh -e /usr/lib/update-notifier/update-motd-updates-available':0,ta1-theia-1
1557758536.845:316,AD3965F3-878A-5958-B3E2-8E4F7F0232B9:b'run-parts --lsbsysinit /etc/update-motd.d':0,CLONE,49CBDA06-8952-52C1-96A5-B3605A4DAC84,b'/bin/sh -e /usr/lib/update-notifier/update-motd-updates-available':0,ta1-theia-1
1557758536.839:312,AD3965F3-878A-5958-B3E2-8E4F7F0232B9:b'run-parts --lsbsysinit /etc/update-motd.d':0,CLONE,F132B1C3-B774-522D-8853-CF7358D87B3A,b'/bin/sh -e /usr/lib/update-notifier/update-motd-updates-available':0,ta1-theia-1
1557758536.837:308,AD3965F3-878A-5958-B3E2-8E4F7F0232B9:b'run-parts --lsbsysinit /etc/update-motd.d':0,CLONE,2366F187-2DE0-5BBA-8A52-D7210D90F9A5,b'/bin/sh -e /usr/lib/update-notifier/update-motd-updates-available':0,ta1-theia-1
1557758536.831:304,AD3965F3-878A-5958-B3E2-8E4F7F0232B9:b'run-parts --lsbsysinit /etc/update-motd.d':0,CLONE,CE7AD438-3C0B-54AF-B036-DEE08C255AED,b'/bin/sh -e /usr/lib/update-notifier/update-motd-updates-available':0,ta1-theia-1
1557758536.829:300,AD3965F3-878A-5958-B3E2-8E4F7F0232B9:b'run-parts --lsbsysinit /etc/update-motd.d':0,CLONE,F87B75E7-5D43-5011-A60E-2A51BC213CA7,b'/bin/sh -e /usr/lib/update-notifier/update-motd-updates-available':0,ta1-theia-1
1557758536.823:296,AD3965F3-878A-5958-B3E2-8E4F7F0232B9:b'run-parts --lsbsysinit /etc/update-motd.d':0,CLONE,684CD65A-7D15-5F68-9FB3-A3122AB35265,b'/bin/sh -e /usr/lib/update-notifier/update-motd-updates-available':0,ta1-theia-1
1557758536.821:292,AD3965F3-878A-5958-B3E2-8E4F7F0232B9:b'run-parts --lsbsysinit /etc/update-motd.d':0,CLONE,C4A78A85-6840-5714-A91F-7605DB6FA362,b'/bin/sh -e /usr/lib/update-notifier/update-motd-updates-available':0,ta1-theia-1
1557758536.815:288,AD3965F3-878A-5958-B3E2-8E4F7F0232B9:b'run-parts --lsbsysinit /etc/update-motd.d':0,CLONE,5948B3A9-D7D8-5670-AF2B-A0B9B0D046B7,b'/bin/sh -e /usr/lib/update-notifier/update-motd-updates-available':0,ta1-theia-1
1557758536.813:284,AD3965F3-878A-5958-B3E2-8E4F7F0232B9:b'run-parts --lsbsysinit /etc/update-motd.d':0,CLONE,C05C16AB-130B-5723-B4E5-CD37F38E7845,b'/bin/sh -e /usr/lib/update-notifier/update-motd-updates-available':0,ta1-theia-1
1557758536.804:280,AD3965F3-878A-5958-B3E2-8E4F7F0232B9:b'run-parts --lsbsysinit /etc/update-motd.d':0,CLONE,27B04839-E6B2-532E-8F2D-2AE184565061,b'/bin/sh -e /usr/lib/update-notifier/update-motd-updates-available':0,ta1-theia-1
1557758536.802:276,AD3965F3-878A-5958-B3E2-8E4F7F0232B9:b'run-parts --lsbsysinit /etc/update-motd.d':0,CLONE,0EB07398-E16A-573B-9EE0-19CA1ABE0CDE,b'/bin/sh -e /usr/lib/update-notifier/update-motd-updates-available':0,ta1-theia-1
1557758536.795:272,AD3965F3-878A-5958-B3E2-8E4F7F0232B9:b'run-parts --lsbsysinit /etc/update-motd.d':0,CLONE,7F710CDB-ACBD-5F82-BC69-DE14756D41E1,b'/bin/sh -e /usr/lib/update-notifier/update-motd-updates-available':0,ta1-theia-1
1557758536.793:268,AD3965F3-878A-5958-B3E2-8E4F7F0232B9:b'run-parts --lsbsysinit /etc/update-motd.d':0,CLONE,7FBAA47B-42A0-52BF-A1C1-77930909C613,b'/bin/sh -e /usr/lib/update-notifier/update-motd-updates-available':0,ta1-theia-1
1557758536.778:264,AD3965F3-878A-5958-B3E2-8E4F7F0232B9:b'run-parts --lsbsysinit /etc/update-motd.d':0,CLONE,F9DBF37D-65C8-573D-A700-735E36E93EB7,b'/bin/sh -e /usr/lib/update-notifier/update-motd-updates-available':0,ta1-theia-1
1557758536.777:260,AD3965F3-878A-5958-B3E2-8E4F7F0232B9:b'run-parts --lsbsysinit /etc/update-motd.d':0,CLONE,02D16A5D-EB71-59F8-8FDC-34C55ABB4B7E,b'/bin/sh -e /usr/lib/update-notifier/update-motd-updates-available':0,ta1-theia-1
1557758536.767:256,AD3965F3-878A-5958-B3E2-8E4F7F0232B9:b'run-parts --lsbsysinit /etc/update-motd.d':0,CLONE,EB403ECA-A0BA-5AB2-B5CF-F1B340883E6D,b'/bin/sh -e /usr/lib/update-notifier/update-motd-updates-available':0,ta1-theia-1
1557758536.765:252,AD3965F3-878A-5958-B3E2-8E4F7F0232B9:b'run-parts --lsbsysinit /etc/update-motd.d':0,CLONE,69029081-F6B2-5617-B76E-3978FFFF5D36,b'/bin/sh -e /usr/lib/update-notifier/update-motd-updates-available':0,ta1-theia-1
1557758536.763:248,AD3965F3-878A-5958-B3E2-8E4F7F0232B9:b'run-parts --lsbsysinit /etc/update-motd.d':0,CLONE,8D0E7DDA-6BA5-50B6-878B-F9DF203245C1,b'/bin/sh -e /usr/lib/update-notifier/update-motd-updates-available':0,ta1-theia-1
1557758536.761:244,AD3965F3-878A-5958-B3E2-8E4F7F0232B9:b'run-parts --lsbsysinit /etc/update-motd.d':0,CLONE,11389808-DB4B-5B25-A0C1-4CAEAA393470,b'/bin/sh -e /usr/lib/update-notifier/update-motd-updates-available':0,ta1-theia-1
1557758536.752:240,AD3965F3-878A-5958-B3E2-8E4F7F0232B9:b'run-parts --lsbsysinit /etc/update-motd.d':0,CLONE,5E69F96A-0C10-5D69-A892-42AD813EBD25,b'/bin/sh -e /usr/lib/update-notifier/update-motd-updates-available':0,ta1-theia-1
1557758536.750:236,AD3965F3-878A-5958-B3E2-8E4F7F0232B9:b'run-parts --lsbsysinit /etc/update-motd.d':0,CLONE,782C324F-5065-54D7-AAD9-7CACF6AA3252,b'/bin/sh -e /usr/lib/update-notifier/update-motd-updates-available':0,ta1-theia-1
1557758536.747:232,AD3965F3-878A-5958-B3E2-8E4F7F0232B9:b'run-parts --lsbsysinit /etc/update-motd.d':0,CLONE,50527DF7-90FD-52E2-9E70-8EE63C60812D,b'/bin/sh -e /usr/lib/update-notifier/update-motd-updates-available':0,ta1-theia-1
1557758536.744:228,AD3965F3-878A-5958-B3E2-8E4F7F0232B9:b'run-parts --lsbsysinit /etc/update-motd.d':0,CLONE,C0007982-EA99-542E-8FDF-9C3312910CFA,b'/bin/sh -e /usr/lib/update-notifier/update-motd-updates-available':0,ta1-theia-1
1557758536.741:224,AD3965F3-878A-5958-B3E2-8E4F7F0232B9:b'run-parts --lsbsysinit /etc/update-motd.d':0,CLONE,603CD9D1-05DC-5420-825B-4C8A169ADE35,b'/bin/sh -e /usr/lib/update-notifier/update-motd-updates-available':0,ta1-theia-1
1557758536.732:220,AD3965F3-878A-5958-B3E2-8E4F7F0232B9:b'run-parts --lsbsysinit /etc/update-motd.d':0,CLONE,D6C33A3B-CF9B-5A1D-ABFE-2D6997822291,b'/bin/sh -e /usr/lib/update-notifier/update-motd-updates-available':0,ta1-theia-1
1557758536.729:216,AD3965F3-878A-5958-B3E2-8E4F7F0232B9:b'run-parts --lsbsysinit /etc/update-motd.d':0,CLONE,E8C36CE1-99AE-5C25-8486-D38D9E15299B,b'/bin/sh -e /usr/lib/update-notifier/update-motd-updates-available':0,ta1-theia-1
1557758536.721:212,AD3965F3-878A-5958-B3E2-8E4F7F0232B9:b'run-parts --lsbsysinit /etc/update-motd.d':0,CLONE,B684C975-6352-5B8C-B4D3-65BAA1B3FEA2,b'/bin/sh -e /usr/lib/update-notifier/update-motd-updates-available':0,ta1-theia-1
1557758536.719:208,AD3965F3-878A-5958-B3E2-8E4F7F0232B9:b'run-parts --lsbsysinit /etc/update-motd.d':0,CLONE,A1535587-22A4-550C-A902-1A6D8E09A9C4,b'/bin/sh -e /usr/lib/update-notifier/update-motd-updates-available':0,ta1-theia-1
1557758536.712:204,AD3965F3-878A-5958-B3E2-8E4F7F0232B9:b'run-parts --lsbsysinit /etc/update-motd.d':0,CLONE,7579B201-BDAF-5873-B9B1-64D840788D3D,b'/bin/sh -e /usr/lib/update-notifier/update-motd-updates-available':0,ta1-theia-1
1557758536.709:200,AD3965F3-878A-5958-B3E2-8E4F7F0232B9:b'run-parts --lsbsysinit /etc/update-motd.d':0,CLONE,5A1D1E79-9974-5AD7-AB86-1839B130E108,b'/bin/sh -e /usr/lib/update-notifier/update-motd-updates-available':0,ta1-theia-1
1557758536.700:196,AD3965F3-878A-5958-B3E2-8E4F7F0232B9:b'run-parts --lsbsysinit /etc/update-motd.d':0,CLONE,28B659BD-1905-5481-BF9C-F97E1CC05F8A,b'/bin/sh -e /usr/lib/update-notifier/update-motd-updates-available':0,ta1-theia-1
1557758536.697:192,AD3965F3-878A-5958-B3E2-8E4F7F0232B9:b'run-parts --lsbsysinit /etc/update-motd.d':0,CLONE,DFD3C520-EC02-5223-97C9-DFF2AEA39038,b'/bin/sh -e /usr/lib/update-notifier/update-motd-updates-available':0,ta1-theia-1
1557758536.688:188,AD3965F3-878A-5958-B3E2-8E4F7F0232B9:b'run-parts --lsbsysinit /etc/update-motd.d':0,CLONE,576E34D7-1B2B-57B2-AD54-8276EED83EC6,b'/bin/sh -e /usr/lib/update-notifier/update-motd-updates-available':0,ta1-theia-1
1557758536.685:184,AD3965F3-878A-5958-B3E2-8E4F7F0232B9:b'run-parts --lsbsysinit /etc/update-motd.d':0,CLONE,5DC175BA-F772-52A1-948F-D7FEAC2DC410,b'/bin/sh -e /usr/lib/update-notifier/update-motd-updates-available':0,ta1-theia-1
1557758536.676:180,AD3965F3-878A-5958-B3E2-8E4F7F0232B9:b'run-parts --lsbsysinit /etc/update-motd.d':0,CLONE,1D36FF82-CB5E-5C2C-ADBE-380BD3983854,b'/bin/sh -e /usr/lib/update-notifier/update-motd-updates-available':0,ta1-theia-1
1557758536.673:176,AD3965F3-878A-5958-B3E2-8E4F7F0232B9:b'run-parts --lsbsysinit /etc/update-motd.d':0,CLONE,03CCA0BA-A542-569F-A90B-A62F76C0788D,b'/bin/sh -e /usr/lib/update-notifier/update-motd-updates-available':0,ta1-theia-1
1557758536.664:172,AD3965F3-878A-5958-B3E2-8E4F7F0232B9:b'run-parts --lsbsysinit /etc/update-motd.d':0,CLONE,7779B891-709C-5247-9C64-627417706B92,b'/bin/sh -e /usr/lib/update-notifier/update-motd-updates-available':0,ta1-theia-1
1557758536.661:168,AD3965F3-878A-5958-B3E2-8E4F7F0232B9:b'run-parts --lsbsysinit /etc/update-motd.d':0,CLONE,F4815A62-FE2E-5DD9-87C9-14B04069CAD8,b'/bin/sh -e /usr/lib/update-notifier/update-motd-updates-available':0,ta1-theia-1
1557758536.652:164,AD3965F3-878A-5958-B3E2-8E4F7F0232B9:b'run-parts --lsbsysinit /etc/update-motd.d':0,CLONE,84FACE7A-611C-5158-A6B3-564B6CED7663,b'/bin/sh -e /usr/lib/update-notifier/update-motd-updates-available':0,ta1-theia-1
1557758536.649:160,AD3965F3-878A-5958-B3E2-8E4F7F0232B9:b'run-parts --lsbsysinit /etc/update-motd.d':0,CLONE,3D49DA4D-27E1-52AC-B39A-8D56A0C739E7,b'/bin/sh -e /usr/lib/update-notifier/update-motd-updates-available':0,ta1-theia-1
1557758536.639:156,AD3965F3-878A-5958-B3E2-8E4F7F0232B9:b'run-parts --lsbsysinit /etc/update-motd.d':0,CLONE,8804FFAE-1EEF-57FE-AA63-AF55C2AEECEF,b'/bin/sh -e /usr/lib/update-notifier/update-motd-updates-available':0,ta1-theia-1
1557758536.637:152,AD3965F3-878A-5958-B3E2-8E4F7F0232B9:b'run-parts --lsbsysinit /etc/update-motd.d':0,CLONE,5309D4AF-9DF8-56C7-8745-48C0A4559B1F,b'/bin/sh -e /usr/lib/update-notifier/update-motd-updates-available':0,ta1-theia-1
1557758536.627:148,AD3965F3-878A-5958-B3E2-8E4F7F0232B9:b'run-parts --lsbsysinit /etc/update-motd.d':0,CLONE,66E8B065-2BC2-517F-89D0-4D2CE11C3307,b'/bin/sh -e /usr/lib/update-notifier/update-motd-updates-available':0,ta1-theia-1
1557758536.625:144,AD3965F3-878A-5958-B3E2-8E4F7F0232B9:b'run-parts --lsbsysinit /etc/update-motd.d':0,CLONE,D1318F41-F1EC-557B-863E-51A747CFFDC1,b'/bin/sh -e /usr/lib/update-notifier/update-motd-updates-available':0,ta1-theia-1
1557758536.616:140,AD3965F3-878A-5958-B3E2-8E4F7F0232B9:b'run-parts --lsbsysinit /etc/update-motd.d':0,CLONE,32D2F87D-83A5-5ACC-8940-C27BBDEC4CA1,b'/bin/sh -e /usr/lib/update-notifier/update-motd-updates-available':0,ta1-theia-1
1557758536.613:136,AD3965F3-878A-5958-B3E2-8E4F7F0232B9:b'run-parts --lsbsysinit /etc/update-motd.d':0,CLONE,C4E1F01F-EB1A-5C50-B006-3289658B5985,b'/bin/sh -e /usr/lib/update-notifier/update-motd-updates-available':0,ta1-theia-1
1557758536.604:132,AD3965F3-878A-5958-B3E2-8E4F7F0232B9:b'run-parts --lsbsysinit /etc/update-motd.d':0,CLONE,9B585ECB-F093-51AE-B771-F998BBA2C57A,b'/bin/sh -e /usr/lib/update-notifier/update-motd-updates-available':0,ta1-theia-1
1557758536.601:128,AD3965F3-878A-5958-B3E2-8E4F7F0232B9:b'run-parts --lsbsysinit /etc/update-motd.d':0,CLONE,8E005175-D282-5894-8561-923C87FFEF2B,b'/bin/sh -e /usr/lib/update-notifier/update-motd-updates-available':0,ta1-theia-1
1557758536.592:124,AD3965F3-878A-5958-B3E2-8E4F7F0232B9:b'run-parts --lsbsysinit /etc/update-motd.d':0,CLONE,E19C2EA4-4F93-5A92-A077-6706FE062900,b'/bin/sh -e /usr/lib/update-notifier/update-motd-updates-available':0,ta1-theia-1
1557758536.589:120,AD3965F3-878A-5958-B3E2-8E4F7F0232B9:b'run-parts --lsbsysinit /etc/update-motd.d':0,CLONE,9F28ABFD-0014-5DAD-8A10-1C0F57E042E9,b'/bin/sh -e /usr/lib/update-notifier/update-motd-updates-available':0,ta1-theia-1
1557758536.580:116,AD3965F3-878A-5958-B3E2-8E4F7F0232B9:b'run-parts --lsbsysinit /etc/update-motd.d':0,CLONE,469A31CA-EDC1-5CDE-B2BE-CE4E8ACEE453,b'/bin/sh -e /usr/lib/update-notifier/update-motd-updates-available':0,ta1-theia-1
1557758536.577:112,AD3965F3-878A-5958-B3E2-8E4F7F0232B9:b'run-parts --lsbsysinit /etc/update-motd.d':0,CLONE,CE95F7F7-74DD-5384-831A-F29CEC2F671C,b'/bin/sh -e /usr/lib/update-notifier/update-motd-updates-available':0,ta1-theia-1
1557758536.568:108,AD3965F3-878A-5958-B3E2-8E4F7F0232B9:b'run-parts --lsbsysinit /etc/update-motd.d':0,CLONE,1A6F905C-DF93-5F5F-A0A2-2F9B74FC22BF,b'/bin/sh -e /usr/lib/update-notifier/update-motd-updates-available':0,ta1-theia-1
1557758536.565:104,AD3965F3-878A-5958-B3E2-8E4F7F0232B9:b'run-parts --lsbsysinit /etc/update-motd.d':0,CLONE,397A1D2A-E355-5976-828D-E8B672491FBA,b'/bin/sh -e /usr/lib/update-notifier/update-motd-updates-available':0,ta1-theia-1
1557758536.555:100,AD3965F3-878A-5958-B3E2-8E4F7F0232B9:b'run-parts --lsbsysinit /etc/update-motd.d':0,CLONE,6C6A78E8-18D4-5CBF-A3AE-BDEDF5A29599,b'/bin/sh -e /usr/lib/update-notifier/update-motd-updates-available':0,ta1-theia-1
1557758536.553:96,AD3965F3-878A-5958-B3E2-8E4F7F0232B9:b'run-parts --lsbsysinit /etc/update-motd.d':0,CLONE,543B20AC-991B-5831-B880-D381398AA6BC,b'/bin/sh -e /usr/lib/update-notifier/update-motd-updates-available':0,ta1-theia-1
1557758536.544:92,AD3965F3-878A-5958-B3E2-8E4F7F0232B9:b'run-parts --lsbsysinit /etc/update-motd.d':0,CLONE,EF2559A7-14F1-5475-81A4-DFB4BA6063DC,b'/bin/sh -e /usr/lib/update-notifier/update-motd-updates-available':0,ta1-theia-1
1557758536.541:88,AD3965F3-878A-5958-B3E2-8E4F7F0232B9:b'run-parts --lsbsysinit /etc/update-motd.d':0,CLONE,B9A8CE65-EE1B-5A95-8C75-E8F866FB02F1,b'/bin/sh -e /usr/lib/update-notifier/update-motd-updates-available':0,ta1-theia-1
1557758536.532:84,AD3965F3-878A-5958-B3E2-8E4F7F0232B9:b'run-parts --lsbsysinit /etc/update-motd.d':0,CLONE,9561EA18-701B-5AF2-B09B-3EEC1572D322,b'/bin/sh -e /usr/lib/update-notifier/update-motd-updates-available':0,ta1-theia-1
1557758536.529:80,AD3965F3-878A-5958-B3E2-8E4F7F0232B9:b'run-parts --lsbsysinit /etc/update-motd.d':0,CLONE,E829C56F-5F9C-575B-A9E8-FD580B744546,b'/bin/sh -e /usr/lib/update-notifier/update-motd-updates-available':0,ta1-theia-1
1557758536.521:76,AD3965F3-878A-5958-B3E2-8E4F7F0232B9:b'run-parts --lsbsysinit /etc/update-motd.d':0,CLONE,EFCD25D8-BA43-58FC-A912-9BC7918481F3,b'/bin/sh -e /usr/lib/update-notifier/update-motd-updates-available':0,ta1-theia-1
1557758536.519:72,AD3965F3-878A-5958-B3E2-8E4F7F0232B9:b'run-parts --lsbsysinit /etc/update-motd.d':0,CLONE,D507B386-D86A-5979-84B4-6B6027C4B352,b'/bin/sh -e /usr/lib/update-notifier/update-motd-updates-available':0,ta1-theia-1
1557758536.508:68,AD3965F3-878A-5958-B3E2-8E4F7F0232B9:b'run-parts --lsbsysinit /etc/update-motd.d':0,CLONE,30775AFD-ADEB-5B71-B9F9-7FC1E60CAA9A,b'/bin/sh -e /usr/lib/update-notifier/update-motd-updates-available':0,ta1-theia-1
1557758536.505:64,AD3965F3-878A-5958-B3E2-8E4F7F0232B9:b'run-parts --lsbsysinit /etc/update-motd.d':0,CLONE,242C6DC8-8E29-5D97-8FE8-7B4563B7214F,b'/bin/sh -e /usr/lib/update-notifier/update-motd-updates-available':0,ta1-theia-1
1557758536.496:60,AD3965F3-878A-5958-B3E2-8E4F7F0232B9:b'run-parts --lsbsysinit /etc/update-motd.d':0,CLONE,DAFFFA60-CF0F-5D96-99B8-01442F807724,b'/bin/sh -e /usr/lib/update-notifier/update-motd-updates-available':0,ta1-theia-1
1557758536.493:56,AD3965F3-878A-5958-B3E2-8E4F7F0232B9:b'run-parts --lsbsysinit /etc/update-motd.d':0,CLONE,5B3467F2-9526-5E5B-B9ED-77B9D4406755,b'/bin/sh -e /usr/lib/update-notifier/update-motd-updates-available':0,ta1-theia-1
1557758536.480:52,AD3965F3-878A-5958-B3E2-8E4F7F0232B9:b'run-parts --lsbsysinit /etc/update-motd.d':0,CLONE,5D62BA93-2CFC-5A81-B602-ACACB45EB796,b'/bin/sh -e /usr/lib/update-notifier/update-motd-updates-available':0,ta1-theia-1
1557758536.477:48,AD3965F3-878A-5958-B3E2-8E4F7F0232B9:b'run-parts --lsbsysinit /etc/update-motd.d':0,CLONE,EA5A8A12-B778-5126-978A-7362EF61E952,b'/bin/sh -e /usr/lib/update-notifier/update-motd-updates-available':0,ta1-theia-1
1557758536.468:105,69D3F4B6-51FB-51DE-8D0E-7E0914494E1B:b'/bin/sh -e /usr/lib/update-notifier/update-motd-updates-available':0,CLONE,61555F91-CE39-50D6-ABAB-B79B80A3FFCB,b'apt-config shell ListDir Dir::State::Lists':0,ta1-theia-1
1557758536.461:43,AD3965F3-878A-5958-B3E2-8E4F7F0232B9:b'run-parts --lsbsysinit /etc/update-motd.d':0,CLONE,69D3F4B6-51FB-51DE-8D0E-7E0914494E1B,b'/bin/sh -e /usr/lib/update-notifier/update-motd-updates-available':0,ta1-theia-1
1557758536.451:105,BC25DDFE-B332-57AB-B398-83275D632848:b'/bin/sh -e /usr/lib/update-notifier/update-motd-updates-available':0,CLONE,F2EDFCF6-ABB0-505D-8278-7DFA80FF515D,b'apt-config shell StateDir Dir::State':0,ta1-theia-1
1557758536.438:39,AD3965F3-878A-5958-B3E2-8E4F7F0232B9:b'run-parts --lsbsysinit /etc/update-motd.d':0,CLONE,BC25DDFE-B332-57AB-B398-83275D632848,b'/bin/sh -e /usr/lib/update-notifier/update-motd-updates-available':0,ta1-theia-1
1557758536.435:35,AD3965F3-878A-5958-B3E2-8E4F7F0232B9:b'run-parts --lsbsysinit /etc/update-motd.d':0,CLONE,6B29555E-3608-5AAA-AC0B-0DCC80FEC3E7,b'/bin/sh -e /usr/lib/update-notifier/update-motd-updates-available':0,ta1-theia-1
1557758536.433:30,D8DD4CEF-F332-5F99-81F8-25CBC625B92C:b'sh -c /usr/bin/env -i PATH=/usr/local/sbin:/usr/local/bin:/usr/sbin:/usr/bin:/sbin:/bin run-parts --lsbsysinit /etc/update-motd.d > /var/run/motd.new':0,CLONE,AD3965F3-878A-5958-B3E2-8E4F7F0232B9,b'run-parts --lsbsysinit /etc/update-motd.d':0,ta1-theia-1
1557758536.377:4,B9A267C3-51B6-5170-BF9B-793148C4D0F2:b'/usr/bin/python /usr/bin/landscape-sysinfo':0,EXECUTE,0100D00F-C326-0C00-0000-0000B790005A,/usr/bin/who:0,ta1-theia-1
1557758536.372:5035,7C7FE7EF-173A-556D-8CAB-8473ACC7C16A:b'/bin/sh /etc/update-motd.d/50-landscape-sysinfo':0,CLONE,B9A267C3-51B6-5170-BF9B-793148C4D0F2,b'/usr/bin/python /usr/bin/landscape-sysinfo':0,ta1-theia-1
1557758536.245:1903,7C7FE7EF-173A-556D-8CAB-8473ACC7C16A:b'/bin/sh /etc/update-motd.d/50-landscape-sysinfo':0,CLONE,F477B9E5-5318-5A68-98AC-2A4E912DECC3,b'/usr/bin/python /usr/bin/landscape-sysinfo':0,ta1-theia-1
1557758536.202:16,A38869D5-0E3F-51E3-AB4A-7DF6F45280F6:b'/usr/bin/python /usr/bin/landscape-sysinfo':0,CLONE,18FA2B19-81E1-528C-806A-30AEEAA19FE3,b'sh -c /sbin/ldconfig -p 2>/dev/null':0,ta1-theia-1
1557758536.202:1732,7C7FE7EF-173A-556D-8CAB-8473ACC7C16A:b'/bin/sh /etc/update-motd.d/50-landscape-sysinfo':0,CLONE,A38869D5-0E3F-51E3-AB4A-7DF6F45280F6,b'/usr/bin/python /usr/bin/landscape-sysinfo':0,ta1-theia-1
1557758536.193:16,BE764E54-12B3-5E3D-9DB7-EEDB7C83036D:b'/usr/bin/python /usr/bin/landscape-sysinfo':0,CLONE,1095CEF4-7289-5CEA-997C-EC7939F9B71A,b'sh -c /sbin/ldconfig -p 2>/dev/null':0,ta1-theia-1
1557758536.193:1707,7C7FE7EF-173A-556D-8CAB-8473ACC7C16A:b'/bin/sh /etc/update-motd.d/50-landscape-sysinfo':0,CLONE,BE764E54-12B3-5E3D-9DB7-EEDB7C83036D,b'/usr/bin/python /usr/bin/landscape-sysinfo':0,ta1-theia-1
1557758536.036:29,2ECC3339-F31E-59D7-A468-023E20EEAD67:b'run-parts --lsbsysinit /etc/update-motd.d':0,CLONE,7C7FE7EF-173A-556D-8CAB-8473ACC7C16A,b'/bin/sh /etc/update-motd.d/50-landscape-sysinfo':0,ta1-theia-1
1557758536.034:27,2ECC3339-F31E-59D7-A468-023E20EEAD67:b'run-parts --lsbsysinit /etc/update-motd.d':0,CLONE,87E39386-AAEF-5557-8323-8D042DDB258A,b'/bin/sh /etc/update-motd.d/50-landscape-sysinfo':0,ta1-theia-1
1557758536.020:1,50A9D106-0993-521F-B865-2E9F3FEFD9C2:b'/bin/sh /etc/update-motd.d/50-landscape-sysinfo':0,CLONE,3FDB6E4B-33E4-51A4-B79F-EA4F5B47FC8F,b'/bin/sh /etc/update-motd.d/50-landscape-sysinfo':0,ta1-theia-1
1557758536.019:2,53CCE3F1-2B78-580B-BC25-6C79F6E92A09:b'/bin/sh /etc/update-motd.d/50-landscape-sysinfo':0,CLONE,891944BA-B41D-540C-9BE9-57F3C86BE7E7,b'/bin/sh /etc/update-motd.d/50-landscape-sysinfo':0,ta1-theia-1
1557758536.019:1,53CCE3F1-2B78-580B-BC25-6C79F6E92A09:b'/bin/sh /etc/update-motd.d/50-landscape-sysinfo':0,CLONE,50A9D106-0993-521F-B865-2E9F3FEFD9C2,b'/bin/sh /etc/update-motd.d/50-landscape-sysinfo':0,ta1-theia-1
1557758536.018:22,2ECC3339-F31E-59D7-A468-023E20EEAD67:b'run-parts --lsbsysinit /etc/update-motd.d':0,CLONE,53CCE3F1-2B78-580B-BC25-6C79F6E92A09,b'/bin/sh /etc/update-motd.d/50-landscape-sysinfo':0,ta1-theia-1
1557758536.012:18,2ECC3339-F31E-59D7-A468-023E20EEAD67:b'run-parts --lsbsysinit /etc/update-motd.d':0,CLONE,F7ECBA0A-70F7-53F0-9529-119BA22BC240,b'/bin/sh /etc/update-motd.d/50-landscape-sysinfo':0,ta1-theia-1
1557758536.010:29,D8DD4CEF-F332-5F99-81F8-25CBC625B92C:b'sh -c /usr/bin/env -i PATH=/usr/local/sbin:/usr/local/bin:/usr/sbin:/usr/bin:/sbin:/bin run-parts --lsbsysinit /etc/update-motd.d > /var/run/motd.new':0,CLONE,2ECC3339-F31E-59D7-A468-023E20EEAD67,b'run-parts --lsbsysinit /etc/update-motd.d':0,ta1-theia-1
1557758536.002:24,0651B615-0FDB-517D-9F66-6FDA8AC44336:b'run-parts --lsbsysinit /etc/update-motd.d':0,CLONE,01854DFB-7F7B-51F2-827B-A2F2CBE851D0,b'/bin/sh /etc/update-motd.d/10-help-text':0,ta1-theia-1
1557758536.002:23,0651B615-0FDB-517D-9F66-6FDA8AC44336:b'run-parts --lsbsysinit /etc/update-motd.d':0,CLONE,D2A82D65-3719-5815-8636-C53C826DAFA9,b'/bin/sh /etc/update-motd.d/10-help-text':0,ta1-theia-1
1557758536.001:28,D8DD4CEF-F332-5F99-81F8-25CBC625B92C:b'sh -c /usr/bin/env -i PATH=/usr/local/sbin:/usr/local/bin:/usr/sbin:/usr/bin:/sbin:/bin run-parts --lsbsysinit /etc/update-motd.d > /var/run/motd.new':0,CLONE,0651B615-0FDB-517D-9F66-6FDA8AC44336,b'run-parts --lsbsysinit /etc/update-motd.d':0,ta1-theia-1
1557758535.993:31,A055F71D-F525-554C-AAC6-405904ABFD8E:b'run-parts --lsbsysinit /etc/update-motd.d':0,CLONE,3B68AB89-587B-5991-8605-F5E78A41F7BC,b'/bin/sh /etc/update-motd.d/00-header':0,ta1-theia-1
1557758535.986:27,A055F71D-F525-554C-AAC6-405904ABFD8E:b'run-parts --lsbsysinit /etc/update-motd.d':0,CLONE,544B8CAB-F6C6-5FF5-A32C-A75124F10183,b'/bin/sh /etc/update-motd.d/00-header':0,ta1-theia-1
1557758535.985:23,A055F71D-F525-554C-AAC6-405904ABFD8E:b'run-parts --lsbsysinit /etc/update-motd.d':0,CLONE,B9AD52AC-A28F-5465-A4B5-29263F47F96B,b'/bin/sh /etc/update-motd.d/00-header':0,ta1-theia-1
1557758535.976:27,D8DD4CEF-F332-5F99-81F8-25CBC625B92C:b'sh -c /usr/bin/env -i PATH=/usr/local/sbin:/usr/local/bin:/usr/sbin:/usr/bin:/sbin:/bin run-parts --lsbsysinit /etc/update-motd.d > /var/run/motd.new':0,CLONE,A055F71D-F525-554C-AAC6-405904ABFD8E,b'run-parts --lsbsysinit /etc/update-motd.d':0,ta1-theia-1
1557758535.975:16,844463FD-804B-5997-8D12-F54777A5794A:b'sshd: admin [priv]  ':0,CLONE,D8DD4CEF-F332-5F99-81F8-25CBC625B92C,b'sh -c /usr/bin/env -i PATH=/usr/local/sbin:/usr/local/bin:/usr/sbin:/usr/bin:/sbin:/bin run-parts --lsbsysinit /etc/update-motd.d > /var/run/motd.new':0,ta1-theia-1
1557758535.974:554,88AA2B09-81A5-5B2E-B16C-3A876CDD45C6:b'/usr/sbin/sshd -D':0,CLONE,844463FD-804B-5997-8D12-F54777A5794A,b'sshd: admin [priv]  ':0,ta1-theia-1
1557758535.700:309,88AA2B09-81A5-5B2E-B16C-3A876CDD45C6:b'/usr/sbin/sshd -D':0,READ,0100D00F-0B00-5800-0000-0000678E005A,/etc/hosts:0,ta1-theia-1
1557758535.700:308,88AA2B09-81A5-5B2E-B16C-3A876CDD45C6:b'/usr/sbin/sshd -D':0,READ,0100D00F-0B00-5800-0000-0000678E005A,/etc/hosts:0,ta1-theia-1
1557758535.699:299,88AA2B09-81A5-5B2E-B16C-3A876CDD45C6:b'/usr/sbin/sshd -D':0,READ,0100D00F-0B00-5800-0000-0000678E005A,/etc/hosts:0,ta1-theia-1
1557758535.653:274,88AA2B09-81A5-5B2E-B16C-3A876CDD45C6:b'/usr/sbin/sshd -D':0,CLONE,BED69960-BFAC-5F40-9471-3A7A28D1EC37,b'sshd: [accepted]    ':0,ta1-theia-1
1557758535.502:5359,84053D48-9767-59AE-A797-BAC5E4ED3368:null:null,CLONE,88AA2B09-81A5-5B2E-B16C-3A876CDD45C6,b'/usr/sbin/sshd -D':0,ta1-theia-1
1557758509.534:528052,CC7C9A7F-4BD4-5E0F-88B4-3EA111554703:null:null,READ,0100D00F-0B00-5800-0000-0000678E005A,/etc/hosts:0,ta1-theia-1
1557758509.534:528051,CC7C9A7F-4BD4-5E0F-88B4-3EA111554703:null:null,READ,0100D00F-0B00-5800-0000-0000678E005A,/etc/hosts:0,ta1-theia-1
1557758501.639:528002,CC7C9A7F-4BD4-5E0F-88B4-3EA111554703:null:null,READ,0100D00F-0B00-5800-0000-0000678E005A,/etc/hosts:0,ta1-theia-1
1557758501.639:528001,CC7C9A7F-4BD4-5E0F-88B4-3EA111554703:null:null,READ,0100D00F-0B00-5800-0000-0000678E005A,/etc/hosts:0,ta1-theia-1
1557758494.914:527966,CC7C9A7F-4BD4-5E0F-88B4-3EA111554703:null:null,READ,0100D00F-0B00-5800-0000-0000678E005A,/etc/hosts:0,ta1-theia-1
1557758494.914:527965,CC7C9A7F-4BD4-5E0F-88B4-3EA111554703:null:null,READ,0100D00F-0B00-5800-0000-0000678E005A,/etc/hosts:0,ta1-theia-1
1557758471.638:527936,CC7C9A7F-4BD4-5E0F-88B4-3EA111554703:null:null,READ,0100D00F-0B00-5800-0000-0000678E005A,/etc/hosts:0,ta1-theia-1
1557758471.637:527935,CC7C9A7F-4BD4-5E0F-88B4-3EA111554703:null:null,READ,0100D00F-0B00-5800-0000-0000678E005A,/etc/hosts:0,ta1-theia-1
1557758464.898:527899,CC7C9A7F-4BD4-5E0F-88B4-3EA111554703:null:null,READ,0100D00F-0B00-5800-0000-0000678E005A,/etc/hosts:0,ta1-theia-1
1557758464.897:527898,CC7C9A7F-4BD4-5E0F-88B4-3EA111554703:null:null,READ,0100D00F-0B00-5800-0000-0000678E005A,/etc/hosts:0,ta1-theia-1
1557758450.043:128194,D2254D75-B9E0-55BB-A06C-FF862E97E769:null:null,CLONE,3B4E547E-7845-5CFD-B36A-9168EDD94332,b'xscreensaver -no-splash':1003,ta1-theia-1
1557758450.033:139,C6DA0236-BED4-5112-86C8-70CCC116940C:b'/usr/bin/python /usr/share/apport/apport 190507 11 0':1003,CLONE,8B28E8E7-B790-5B06-B92D-F6E2ED522B63,b'/usr/bin/gdbus call -e -d org.gnome.SessionManager -o /org/gnome/SessionManager -m org.gnome.SessionManager.IsSessionRunning':1003,ta1-theia-1
1557758450.025:1214,76ECAE0A-BF15-5EF7-9D30-1ACFBBAB1E8B:b'/usr/bin/python /usr/share/apport/apport 190507 11 0':0,CLONE,C6DA0236-BED4-5112-86C8-70CCC116940C,b'/usr/bin/python /usr/share/apport/apport 190507 11 0':1003,ta1-theia-1
1557758449.973:128169,D2254D75-B9E0-55BB-A06C-FF862E97E769:null:null,CLONE,4F76A899-357B-512C-BEA5-7F939EFDE5FC,b'xscreensaver -no-splash':1003,ta1-theia-1
1557758449.954:139,9F5B0C40-C587-5DB6-A53A-63A1644CA1EB:b'/usr/bin/python /usr/share/apport/apport 190503 11 0':1003,CLONE,4D8199A7-C6AB-5274-86F1-9230778521E5,b'/usr/bin/gdbus call -e -d org.gnome.SessionManager -o /org/gnome/SessionManager -m org.gnome.SessionManager.IsSessionRunning':1003,ta1-theia-1
1557758449.948:1214,39E32453-3AD9-51F5-8624-611065B28519:b'/usr/bin/python /usr/share/apport/apport 190503 11 0':0,CLONE,9F5B0C40-C587-5DB6-A53A-63A1644CA1EB,b'/usr/bin/python /usr/share/apport/apport 190503 11 0':1003,ta1-theia-1
1557758449.889:128160,D2254D75-B9E0-55BB-A06C-FF862E97E769:null:null,CLONE,29C66CCE-8479-5B75-9779-473A6FB70CDD,b'xscreensaver -no-splash':1003,ta1-theia-1
1557758428.715:527856,CC7C9A7F-4BD4-5E0F-88B4-3EA111554703:null:null,READ,0100D00F-0B00-5800-0000-0000678E005A,/etc/hosts:0,ta1-theia-1
1557758428.715:527855,CC7C9A7F-4BD4-5E0F-88B4-3EA111554703:null:null,READ,0100D00F-0B00-5800-0000-0000678E005A,/etc/hosts:0,ta1-theia-1
1557758414.257:527815,CC7C9A7F-4BD4-5E0F-88B4-3EA111554703:null:null,READ,0100D00F-0B00-5800-0000-0000678E005A,/etc/hosts:0,ta1-theia-1
1557758414.257:527814,CC7C9A7F-4BD4-5E0F-88B4-3EA111554703:null:null,READ,0100D00F-0B00-5800-0000-0000678E005A,/etc/hosts:0,ta1-theia-1
1557758404.866:527769,CC7C9A7F-4BD4-5E0F-88B4-3EA111554703:null:null,READ,0100D00F-0B00-5800-0000-0000678E005A,/etc/hosts:0,ta1-theia-1
1557758404.866:527768,CC7C9A7F-4BD4-5E0F-88B4-3EA111554703:null:null,READ,0100D00F-0B00-5800-0000-0000678E005A,/etc/hosts:0,ta1-theia-1
1557758366.276:527739,CC7C9A7F-4BD4-5E0F-88B4-3EA111554703:null:null,READ,0100D00F-0B00-5800-0000-0000678E005A,/etc/hosts:0,ta1-theia-1
1557758366.276:527738,CC7C9A7F-4BD4-5E0F-88B4-3EA111554703:null:null,READ,0100D00F-0B00-5800-0000-0000678E005A,/etc/hosts:0,ta1-theia-1
1557758341.956:527683,CC7C9A7F-4BD4-5E0F-88B4-3EA111554703:null:null,READ,0100D00F-0B00-5800-0000-0000678E005A,/etc/hosts:0,ta1-theia-1
1557758341.956:527682,CC7C9A7F-4BD4-5E0F-88B4-3EA111554703:null:null,READ,0100D00F-0B00-5800-0000-0000678E005A,/etc/hosts:0,ta1-theia-1
1557758329.638:527642,CC7C9A7F-4BD4-5E0F-88B4-3EA111554703:null:null,READ,0100D00F-0B00-5800-0000-0000678E005A,/etc/hosts:0,ta1-theia-1
1557758329.638:527641,CC7C9A7F-4BD4-5E0F-88B4-3EA111554703:null:null,READ,0100D00F-0B00-5800-0000-0000678E005A,/etc/hosts:0,ta1-theia-1
1557758321.633:527601,CC7C9A7F-4BD4-5E0F-88B4-3EA111554703:null:null,READ,0100D00F-0B00-5800-0000-0000678E005A,/etc/hosts:0,ta1-theia-1
1557758321.633:527600,CC7C9A7F-4BD4-5E0F-88B4-3EA111554703:null:null,READ,0100D00F-0B00-5800-0000-0000678E005A,/etc/hosts:0,ta1-theia-1
1557758314.882:527565,CC7C9A7F-4BD4-5E0F-88B4-3EA111554703:null:null,READ,0100D00F-0B00-5800-0000-0000678E005A,/etc/hosts:0,ta1-theia-1
1557758314.882:527564,CC7C9A7F-4BD4-5E0F-88B4-3EA111554703:null:null,READ,0100D00F-0B00-5800-0000-0000678E005A,/etc/hosts:0,ta1-theia-1
1557758281.623:28,A66E9EFD-2D55-5A37-9FB1-E081DD83FF57:b'sshd: admin [priv]  ':0,CLONE,854E9727-D5A9-5D18-953D-D4D0F8793970,b'sshd: admin@notty   ':1003,ta1-theia-1
1557758281.620:591,1B3EAC3A-9037-5385-AFD5-DA7052399D85:b'/usr/sbin/sshd -D':0,CLONE,A66E9EFD-2D55-5A37-9FB1-E081DD83FF57,b'sshd: admin [priv]  ':0,ta1-theia-1
1557758281.473:35,6F5A9816-F4FB-59B3-B717-22F875F521B8:b'sh -c /usr/bin/env -i PATH=/usr/local/sbin:/usr/local/bin:/usr/sbin:/usr/bin:/sbin:/bin run-parts --lsbsysinit /etc/update-motd.d > /var/run/motd.new':0,CLONE,E5CB725B-9A8F-520A-BBB2-4E2AE7B8DAB2,b'run-parts --lsbsysinit /etc/update-motd.d':0,ta1-theia-1
1557758281.409:34,6F5A9816-F4FB-59B3-B717-22F875F521B8:b'sh -c /usr/bin/env -i PATH=/usr/local/sbin:/usr/local/bin:/usr/sbin:/usr/bin:/sbin:/bin run-parts --lsbsysinit /etc/update-motd.d > /var/run/motd.new':0,CLONE,59266F12-64A7-5D96-AD45-683786AE50C1,b'run-parts --lsbsysinit /etc/update-motd.d':0,ta1-theia-1
1557758281.294:0,EB8B12ED-67BE-5DB9-88E6-91372DBC1391:b'/bin/sh /usr/lib/update-notifier/update-motd-fsck-at-reboot':0,EXECUTE,0100D00F-9E00-3200-0000-0000B790005A,/bin/cat:0,ta1-theia-1
1557758281.293:43,305920EB-00C5-57B1-ADFC-EBEF0ABD4BAF:b'run-parts --lsbsysinit /etc/update-motd.d':0,CLONE,EB8B12ED-67BE-5DB9-88E6-91372DBC1391,b'/bin/sh /usr/lib/update-notifier/update-motd-fsck-at-reboot':0,ta1-theia-1
1557758281.221:40,305920EB-00C5-57B1-ADFC-EBEF0ABD4BAF:b'run-parts --lsbsysinit /etc/update-motd.d':0,CLONE,88725D8A-7710-5F1F-87ED-008E5DBA4C16,b'/bin/sh /usr/lib/update-notifier/update-motd-fsck-at-reboot':0,ta1-theia-1
1557758281.193:36,305920EB-00C5-57B1-ADFC-EBEF0ABD4BAF:b'run-parts --lsbsysinit /etc/update-motd.d':0,CLONE,B387ADD5-F12D-563B-A674-89DF63ADDFDC,b'/bin/sh /usr/lib/update-notifier/update-motd-fsck-at-reboot':0,ta1-theia-1
1557758281.189:33,6F5A9816-F4FB-59B3-B717-22F875F521B8:b'sh -c /usr/bin/env -i PATH=/usr/local/sbin:/usr/local/bin:/usr/sbin:/usr/bin:/sbin:/bin run-parts --lsbsysinit /etc/update-motd.d > /var/run/motd.new':0,CLONE,305920EB-00C5-57B1-ADFC-EBEF0ABD4BAF,b'run-parts --lsbsysinit /etc/update-motd.d':0,ta1-theia-1
1557758281.074:0,45E4AE46-F360-54AB-9BAA-49D1C99E37B3:b'/bin/sh -e /usr/lib/update-notifier/update-motd-hwe-eol':0,EXECUTE,0100D00F-9E00-3200-0000-0000B790005A,/bin/cat:0,ta1-theia-1
1557758281.073:57,77F27D61-9209-5994-B651-047833086760:b'run-parts --lsbsysinit /etc/update-motd.d':0,CLONE,45E4AE46-F360-54AB-9BAA-49D1C99E37B3,b'/bin/sh -e /usr/lib/update-notifier/update-motd-hwe-eol':0,ta1-theia-1
1557758280.973:55,77F27D61-9209-5994-B651-047833086760:b'run-parts --lsbsysinit /etc/update-motd.d':0,CLONE,A4DA6459-160A-59E7-868F-7A0C839575F2,b'/bin/sh -e /usr/lib/update-notifier/update-motd-hwe-eol':0,ta1-theia-1
1557758280.871:105,BEEA7533-536B-57DE-91BB-CEFE991FE951:b'/bin/sh -e /usr/lib/update-notifier/update-motd-hwe-eol':0,CLONE,BC23EEBD-79CC-592A-8E42-A87E8FDE0EBC,b'apt-config shell DpkgStatusDir Dir::State::status':0,ta1-theia-1
1557758280.865:51,77F27D61-9209-5994-B651-047833086760:b'run-parts --lsbsysinit /etc/update-motd.d':0,CLONE,BEEA7533-536B-57DE-91BB-CEFE991FE951,b'/bin/sh -e /usr/lib/update-notifier/update-motd-hwe-eol':0,ta1-theia-1
1557758280.758:105,BB55E54B-30A5-5100-B6C8-4226C5F77489:b'/bin/sh -e /usr/lib/update-notifier/update-motd-hwe-eol':0,CLONE,DB585C73-FA6B-5D0E-9F2B-ABF90E5BF33E,b'apt-config shell SourceList Dir::Etc::sourcelist':0,ta1-theia-1
1557758280.749:47,77F27D61-9209-5994-B651-047833086760:b'run-parts --lsbsysinit /etc/update-motd.d':0,CLONE,BB55E54B-30A5-5100-B6C8-4226C5F77489,b'/bin/sh -e /usr/lib/update-notifier/update-motd-hwe-eol':0,ta1-theia-1
1557758280.608:105,70E6710A-4E3C-5C9F-BE09-F7AF834ACFCC:b'/bin/sh -e /usr/lib/update-notifier/update-motd-hwe-eol':0,CLONE,4E3BA6BD-9307-5B7A-923D-0F883009A519,b'apt-config shell EtcDir Dir::Etc':0,ta1-theia-1
1557758280.597:43,77F27D61-9209-5994-B651-047833086760:b'run-parts --lsbsysinit /etc/update-motd.d':0,CLONE,70E6710A-4E3C-5C9F-BE09-F7AF834ACFCC,b'/bin/sh -e /usr/lib/update-notifier/update-motd-hwe-eol':0,ta1-theia-1
1557758280.468:105,B5F2099F-72E6-5AD7-8FF8-DA5B18E669C3:b'/bin/sh -e /usr/lib/update-notifier/update-motd-hwe-eol':0,CLONE,A1728135-FA5D-5394-A806-4583B516D690,b'apt-config shell ListDir Dir::State::Lists':0,ta1-theia-1
1557758280.457:39,77F27D61-9209-5994-B651-047833086760:b'run-parts --lsbsysinit /etc/update-motd.d':0,CLONE,B5F2099F-72E6-5AD7-8FF8-DA5B18E669C3,b'/bin/sh -e /usr/lib/update-notifier/update-motd-hwe-eol':0,ta1-theia-1
1557758280.303:105,7B9E2958-9FC2-5D6E-AC56-FA47264212C1:b'/bin/sh -e /usr/lib/update-notifier/update-motd-hwe-eol':0,CLONE,5F301009-FA3D-581A-98EF-3266418814DC,b'apt-config shell StateDir Dir::State':0,ta1-theia-1
1557758280.293:35,77F27D61-9209-5994-B651-047833086760:b'run-parts --lsbsysinit /etc/update-motd.d':0,CLONE,7B9E2958-9FC2-5D6E-AC56-FA47264212C1,b'/bin/sh -e /usr/lib/update-notifier/update-motd-hwe-eol':0,ta1-theia-1
1557758280.289:32,6F5A9816-F4FB-59B3-B717-22F875F521B8:b'sh -c /usr/bin/env -i PATH=/usr/local/sbin:/usr/local/bin:/usr/sbin:/usr/bin:/sbin:/bin run-parts --lsbsysinit /etc/update-motd.d > /var/run/motd.new':0,CLONE,77F27D61-9209-5994-B651-047833086760,b'run-parts --lsbsysinit /etc/update-motd.d':0,ta1-theia-1
1557758280.197:0,D666E8AE-3F41-5A6B-BE0F-33916E8089E1:b'/bin/sh -e /usr/lib/update-manager/release-upgrade-motd':0,EXECUTE,0100D00F-9E00-3200-0000-0000B790005A,/bin/cat:0,ta1-theia-1
1557758280.197:34,16FE116C-2CDC-5947-A577-672510455B68:b'run-parts --lsbsysinit /etc/update-motd.d':0,CLONE,D666E8AE-3F41-5A6B-BE0F-33916E8089E1,b'/bin/sh -e /usr/lib/update-manager/release-upgrade-motd':0,ta1-theia-1
1557758280.193:31,6F5A9816-F4FB-59B3-B717-22F875F521B8:b'sh -c /usr/bin/env -i PATH=/usr/local/sbin:/usr/local/bin:/usr/sbin:/usr/bin:/sbin:/bin run-parts --lsbsysinit /etc/update-motd.d > /var/run/motd.new':0,CLONE,16FE116C-2CDC-5947-A577-672510455B68,b'run-parts --lsbsysinit /etc/update-motd.d':0,ta1-theia-1
1557758280.009:0,17AA36D1-1AFC-58CA-9491-2C6D0D3636E7:b'/bin/sh -e /usr/lib/update-notifier/update-motd-updates-available':0,EXECUTE,0100D00F-9E00-3200-0000-0000B790005A,/bin/cat:0,ta1-theia-1
1557758280.009:447,5CFA0C9B-8BBC-51F5-945B-C9B3823045A8:b'run-parts --lsbsysinit /etc/update-motd.d':0,CLONE,17AA36D1-1AFC-58CA-9491-2C6D0D3636E7,b'/bin/sh -e /usr/lib/update-notifier/update-motd-updates-available':0,ta1-theia-1
1557758279.961:444,5CFA0C9B-8BBC-51F5-945B-C9B3823045A8:b'run-parts --lsbsysinit /etc/update-motd.d':0,CLONE,06D93844-7E3B-5A3C-BD3E-D949F40F0D7B,b'/bin/sh -e /usr/lib/update-notifier/update-motd-updates-available':0,ta1-theia-1
1557758279.851:105,C652A3B1-3395-51F2-B5F5-7DDF875ADF5E:b'/bin/sh -e /usr/lib/update-notifier/update-motd-updates-available':0,CLONE,1BCEE72A-7C82-55B4-9ADB-67ED926B6FD5,b'apt-config shell SourceList Dir::Etc::sourcelist':0,ta1-theia-1
1557758279.841:440,5CFA0C9B-8BBC-51F5-945B-C9B3823045A8:b'run-parts --lsbsysinit /etc/update-motd.d':0,CLONE,C652A3B1-3395-51F2-B5F5-7DDF875ADF5E,b'/bin/sh -e /usr/lib/update-notifier/update-motd-updates-available':0,ta1-theia-1
1557758279.731:105,176C8186-5248-5417-888C-E8F457829EF4:b'/bin/sh -e /usr/lib/update-notifier/update-motd-updates-available':0,CLONE,E21DF52F-1DA3-56B8-911A-D41339771E62,b'apt-config shell EtcDir Dir::Etc':0,ta1-theia-1
1557758279.721:436,5CFA0C9B-8BBC-51F5-945B-C9B3823045A8:b'run-parts --lsbsysinit /etc/update-motd.d':0,CLONE,176C8186-5248-5417-888C-E8F457829EF4,b'/bin/sh -e /usr/lib/update-notifier/update-motd-updates-available':0,ta1-theia-1
1557758279.673:432,5CFA0C9B-8BBC-51F5-945B-C9B3823045A8:b'run-parts --lsbsysinit /etc/update-motd.d':0,CLONE,64E4E95F-A25D-5127-B92B-690B6C03C73B,b'/bin/sh -e /usr/lib/update-notifier/update-motd-updates-available':0,ta1-theia-1
1557758279.625:428,5CFA0C9B-8BBC-51F5-945B-C9B3823045A8:b'run-parts --lsbsysinit /etc/update-motd.d':0,CLONE,32F5E072-CA7B-531F-B256-2A83C36C8C05,b'/bin/sh -e /usr/lib/update-notifier/update-motd-updates-available':0,ta1-theia-1
1557758279.565:424,5CFA0C9B-8BBC-51F5-945B-C9B3823045A8:b'run-parts --lsbsysinit /etc/update-motd.d':0,CLONE,A924ABED-157E-554C-9BFB-C5435CF764C6,b'/bin/sh -e /usr/lib/update-notifier/update-motd-updates-available':0,ta1-theia-1
1557758279.517:420,5CFA0C9B-8BBC-51F5-945B-C9B3823045A8:b'run-parts --lsbsysinit /etc/update-motd.d':0,CLONE,05B4CDB0-6AB8-5561-83AD-EE1B8EFEF31C,b'/bin/sh -e /usr/lib/update-notifier/update-motd-updates-available':0,ta1-theia-1
1557758279.469:416,5CFA0C9B-8BBC-51F5-945B-C9B3823045A8:b'run-parts --lsbsysinit /etc/update-motd.d':0,CLONE,8C910D8F-D75A-54D8-B664-5FACEEE09136,b'/bin/sh -e /usr/lib/update-notifier/update-motd-updates-available':0,ta1-theia-1
1557758279.421:412,5CFA0C9B-8BBC-51F5-945B-C9B3823045A8:b'run-parts --lsbsysinit /etc/update-motd.d':0,CLONE,1F80907B-AE22-5EC2-81EB-D672290DA0E1,b'/bin/sh -e /usr/lib/update-notifier/update-motd-updates-available':0,ta1-theia-1
1557758279.373:408,5CFA0C9B-8BBC-51F5-945B-C9B3823045A8:b'run-parts --lsbsysinit /etc/update-motd.d':0,CLONE,7CCCA2FF-F12D-56A1-A720-1652D0043046,b'/bin/sh -e /usr/lib/update-notifier/update-motd-updates-available':0,ta1-theia-1
1557758279.317:404,5CFA0C9B-8BBC-51F5-945B-C9B3823045A8:b'run-parts --lsbsysinit /etc/update-motd.d':0,CLONE,EBAB060B-39F7-58A7-9D83-65ACDB86C982,b'/bin/sh -e /usr/lib/update-notifier/update-motd-updates-available':0,ta1-theia-1
1557758279.261:400,5CFA0C9B-8BBC-51F5-945B-C9B3823045A8:b'run-parts --lsbsysinit /etc/update-motd.d':0,CLONE,BEDC0A33-91DA-52F8-BACB-1465CD7C4F1C,b'/bin/sh -e /usr/lib/update-notifier/update-motd-updates-available':0,ta1-theia-1
1557758279.205:396,5CFA0C9B-8BBC-51F5-945B-C9B3823045A8:b'run-parts --lsbsysinit /etc/update-motd.d':0,CLONE,03AE7FC1-9619-5832-B46D-CA39785C4820,b'/bin/sh -e /usr/lib/update-notifier/update-motd-updates-available':0,ta1-theia-1
1557758279.153:392,5CFA0C9B-8BBC-51F5-945B-C9B3823045A8:b'run-parts --lsbsysinit /etc/update-motd.d':0,CLONE,D2F3DAC0-F275-5464-B31D-D49C0C4F80C0,b'/bin/sh -e /usr/lib/update-notifier/update-motd-updates-available':0,ta1-theia-1
1557758279.101:388,5CFA0C9B-8BBC-51F5-945B-C9B3823045A8:b'run-parts --lsbsysinit /etc/update-motd.d':0,CLONE,5CF1D621-EE50-5AE6-9521-632453CA3778,b'/bin/sh -e /usr/lib/update-notifier/update-motd-updates-available':0,ta1-theia-1
1557758279.049:384,5CFA0C9B-8BBC-51F5-945B-C9B3823045A8:b'run-parts --lsbsysinit /etc/update-motd.d':0,CLONE,2F705948-CD59-5DAC-A949-7D824426F95C,b'/bin/sh -e /usr/lib/update-notifier/update-motd-updates-available':0,ta1-theia-1
1557758278.997:380,5CFA0C9B-8BBC-51F5-945B-C9B3823045A8:b'run-parts --lsbsysinit /etc/update-motd.d':0,CLONE,CB823FD7-1E90-5614-B8D6-D4DA4C2F471D,b'/bin/sh -e /usr/lib/update-notifier/update-motd-updates-available':0,ta1-theia-1
1557758278.949:376,5CFA0C9B-8BBC-51F5-945B-C9B3823045A8:b'run-parts --lsbsysinit /etc/update-motd.d':0,CLONE,4B7AB531-97D7-5A88-9CCD-914B1FEB87BE,b'/bin/sh -e /usr/lib/update-notifier/update-motd-updates-available':0,ta1-theia-1
1557758278.897:372,5CFA0C9B-8BBC-51F5-945B-C9B3823045A8:b'run-parts --lsbsysinit /etc/update-motd.d':0,CLONE,536D5928-D183-587C-8073-C20E9D427D7F,b'/bin/sh -e /usr/lib/update-notifier/update-motd-updates-available':0,ta1-theia-1
1557758278.849:368,5CFA0C9B-8BBC-51F5-945B-C9B3823045A8:b'run-parts --lsbsysinit /etc/update-motd.d':0,CLONE,E6CB009F-74A1-5FDA-AD74-C08A96FD31B1,b'/bin/sh -e /usr/lib/update-notifier/update-motd-updates-available':0,ta1-theia-1
1557758278.801:364,5CFA0C9B-8BBC-51F5-945B-C9B3823045A8:b'run-parts --lsbsysinit /etc/update-motd.d':0,CLONE,1DCFDBAB-8891-5503-8DAE-76309B386F79,b'/bin/sh -e /usr/lib/update-notifier/update-motd-updates-available':0,ta1-theia-1
1557758278.753:360,5CFA0C9B-8BBC-51F5-945B-C9B3823045A8:b'run-parts --lsbsysinit /etc/update-motd.d':0,CLONE,508F8A47-E7A7-5452-B937-A65EC9095DB4,b'/bin/sh -e /usr/lib/update-notifier/update-motd-updates-available':0,ta1-theia-1
1557758278.693:356,5CFA0C9B-8BBC-51F5-945B-C9B3823045A8:b'run-parts --lsbsysinit /etc/update-motd.d':0,CLONE,053D12AC-1EC0-5E39-BF31-42D57038D306,b'/bin/sh -e /usr/lib/update-notifier/update-motd-updates-available':0,ta1-theia-1
1557758278.641:352,5CFA0C9B-8BBC-51F5-945B-C9B3823045A8:b'run-parts --lsbsysinit /etc/update-motd.d':0,CLONE,715293AA-00A5-546A-A995-65F3647273AB,b'/bin/sh -e /usr/lib/update-notifier/update-motd-updates-available':0,ta1-theia-1
1557758278.589:348,5CFA0C9B-8BBC-51F5-945B-C9B3823045A8:b'run-parts --lsbsysinit /etc/update-motd.d':0,CLONE,2E091FCA-92B8-52D8-852A-D59D40758D55,b'/bin/sh -e /usr/lib/update-notifier/update-motd-updates-available':0,ta1-theia-1
1557758278.537:344,5CFA0C9B-8BBC-51F5-945B-C9B3823045A8:b'run-parts --lsbsysinit /etc/update-motd.d':0,CLONE,8581A652-A76D-5A5B-9D3B-06F816B3C9C4,b'/bin/sh -e /usr/lib/update-notifier/update-motd-updates-available':0,ta1-theia-1
1557758278.485:340,5CFA0C9B-8BBC-51F5-945B-C9B3823045A8:b'run-parts --lsbsysinit /etc/update-motd.d':0,CLONE,368A5E60-E302-53E1-BB89-B2BE3265C7C9,b'/bin/sh -e /usr/lib/update-notifier/update-motd-updates-available':0,ta1-theia-1
1557758278.433:336,5CFA0C9B-8BBC-51F5-945B-C9B3823045A8:b'run-parts --lsbsysinit /etc/update-motd.d':0,CLONE,2AEFD298-724D-5EC3-BE6F-9D15FBF478D4,b'/bin/sh -e /usr/lib/update-notifier/update-motd-updates-available':0,ta1-theia-1
1557758278.381:332,5CFA0C9B-8BBC-51F5-945B-C9B3823045A8:b'run-parts --lsbsysinit /etc/update-motd.d':0,CLONE,8E5C7CDA-D5FE-5AEB-9ED2-AB8ECA062819,b'/bin/sh -e /usr/lib/update-notifier/update-motd-updates-available':0,ta1-theia-1
1557758278.329:328,5CFA0C9B-8BBC-51F5-945B-C9B3823045A8:b'run-parts --lsbsysinit /etc/update-motd.d':0,CLONE,89037C5D-E8D7-5B76-8F6F-80C84B8BBC79,b'/bin/sh -e /usr/lib/update-notifier/update-motd-updates-available':0,ta1-theia-1
1557758278.281:324,5CFA0C9B-8BBC-51F5-945B-C9B3823045A8:b'run-parts --lsbsysinit /etc/update-motd.d':0,CLONE,396B94C1-680E-5E57-85CE-6C0080C13E70,b'/bin/sh -e /usr/lib/update-notifier/update-motd-updates-available':0,ta1-theia-1
1557758278.233:320,5CFA0C9B-8BBC-51F5-945B-C9B3823045A8:b'run-parts --lsbsysinit /etc/update-motd.d':0,CLONE,6738FF3C-6319-52C6-87F9-E82EF3E8DDEB,b'/bin/sh -e /usr/lib/update-notifier/update-motd-updates-available':0,ta1-theia-1
1557758278.185:316,5CFA0C9B-8BBC-51F5-945B-C9B3823045A8:b'run-parts --lsbsysinit /etc/update-motd.d':0,CLONE,81A05571-6A5A-5C50-BCDC-958D2FDED667,b'/bin/sh -e /usr/lib/update-notifier/update-motd-updates-available':0,ta1-theia-1
1557758278.137:312,5CFA0C9B-8BBC-51F5-945B-C9B3823045A8:b'run-parts --lsbsysinit /etc/update-motd.d':0,CLONE,01450CE6-9F38-5DAB-81B3-24614A982BC7,b'/bin/sh -e /usr/lib/update-notifier/update-motd-updates-available':0,ta1-theia-1
1557758278.089:308,5CFA0C9B-8BBC-51F5-945B-C9B3823045A8:b'run-parts --lsbsysinit /etc/update-motd.d':0,CLONE,DD4B858F-A70D-51AB-A27E-89E7A2B708D1,b'/bin/sh -e /usr/lib/update-notifier/update-motd-updates-available':0,ta1-theia-1
1557758278.033:304,5CFA0C9B-8BBC-51F5-945B-C9B3823045A8:b'run-parts --lsbsysinit /etc/update-motd.d':0,CLONE,54671384-70AF-5EB8-8DD4-F4CAF6F38828,b'/bin/sh -e /usr/lib/update-notifier/update-motd-updates-available':0,ta1-theia-1
1557758277.977:300,5CFA0C9B-8BBC-51F5-945B-C9B3823045A8:b'run-parts --lsbsysinit /etc/update-motd.d':0,CLONE,298328A6-C53C-5AD4-AC2D-91EDFC9010D4,b'/bin/sh -e /usr/lib/update-notifier/update-motd-updates-available':0,ta1-theia-1
1557758277.921:296,5CFA0C9B-8BBC-51F5-945B-C9B3823045A8:b'run-parts --lsbsysinit /etc/update-motd.d':0,CLONE,D0EC4649-FD4A-5BC7-BB60-4B031E655FD9,b'/bin/sh -e /usr/lib/update-notifier/update-motd-updates-available':0,ta1-theia-1
1557758277.869:292,5CFA0C9B-8BBC-51F5-945B-C9B3823045A8:b'run-parts --lsbsysinit /etc/update-motd.d':0,CLONE,E9D8295F-916A-522C-91ED-75EDDB269C27,b'/bin/sh -e /usr/lib/update-notifier/update-motd-updates-available':0,ta1-theia-1
1557758277.729:288,5CFA0C9B-8BBC-51F5-945B-C9B3823045A8:b'run-parts --lsbsysinit /etc/update-motd.d':0,CLONE,237A3289-C615-5954-9497-FEB6DDDD4006,b'/bin/sh -e /usr/lib/update-notifier/update-motd-updates-available':0,ta1-theia-1
1557758277.677:284,5CFA0C9B-8BBC-51F5-945B-C9B3823045A8:b'run-parts --lsbsysinit /etc/update-motd.d':0,CLONE,9FA567EE-8D86-5FC7-89E8-D941AB05F981,b'/bin/sh -e /usr/lib/update-notifier/update-motd-updates-available':0,ta1-theia-1
1557758277.625:280,5CFA0C9B-8BBC-51F5-945B-C9B3823045A8:b'run-parts --lsbsysinit /etc/update-motd.d':0,CLONE,8EFF3CAF-73DB-5AB0-B13B-2589B4E43D96,b'/bin/sh -e /usr/lib/update-notifier/update-motd-updates-available':0,ta1-theia-1
1557758277.577:276,5CFA0C9B-8BBC-51F5-945B-C9B3823045A8:b'run-parts --lsbsysinit /etc/update-motd.d':0,CLONE,9296896B-37D7-5F86-9241-C051E5579682,b'/bin/sh -e /usr/lib/update-notifier/update-motd-updates-available':0,ta1-theia-1
1557758277.525:272,5CFA0C9B-8BBC-51F5-945B-C9B3823045A8:b'run-parts --lsbsysinit /etc/update-motd.d':0,CLONE,059EC56B-E610-577F-8C82-0BA5983FFAC4,b'/bin/sh -e /usr/lib/update-notifier/update-motd-updates-available':0,ta1-theia-1
1557758277.477:268,5CFA0C9B-8BBC-51F5-945B-C9B3823045A8:b'run-parts --lsbsysinit /etc/update-motd.d':0,CLONE,2C2BCD7E-21E7-5767-BE08-AF7CAE2CFBF2,b'/bin/sh -e /usr/lib/update-notifier/update-motd-updates-available':0,ta1-theia-1
1557758277.429:264,5CFA0C9B-8BBC-51F5-945B-C9B3823045A8:b'run-parts --lsbsysinit /etc/update-motd.d':0,CLONE,75AE42D6-CA5B-5AC8-95BD-BCB23CB2E35C,b'/bin/sh -e /usr/lib/update-notifier/update-motd-updates-available':0,ta1-theia-1
1557758277.381:260,5CFA0C9B-8BBC-51F5-945B-C9B3823045A8:b'run-parts --lsbsysinit /etc/update-motd.d':0,CLONE,107BDA90-9BE2-578D-8389-A6080A278BFC,b'/bin/sh -e /usr/lib/update-notifier/update-motd-updates-available':0,ta1-theia-1
1557758277.333:256,5CFA0C9B-8BBC-51F5-945B-C9B3823045A8:b'run-parts --lsbsysinit /etc/update-motd.d':0,CLONE,275B8ECC-AAE7-5842-B04A-E7CD060F6DCA,b'/bin/sh -e /usr/lib/update-notifier/update-motd-updates-available':0,ta1-theia-1
1557758277.281:252,5CFA0C9B-8BBC-51F5-945B-C9B3823045A8:b'run-parts --lsbsysinit /etc/update-motd.d':0,CLONE,AA9F4B35-DC7B-5EAC-AFDE-B2C645408653,b'/bin/sh -e /usr/lib/update-notifier/update-motd-updates-available':0,ta1-theia-1
1557758277.229:248,5CFA0C9B-8BBC-51F5-945B-C9B3823045A8:b'run-parts --lsbsysinit /etc/update-motd.d':0,CLONE,A1A4237E-BF2D-5666-A634-7C963B2E9F67,b'/bin/sh -e /usr/lib/update-notifier/update-motd-updates-available':0,ta1-theia-1
1557758277.177:244,5CFA0C9B-8BBC-51F5-945B-C9B3823045A8:b'run-parts --lsbsysinit /etc/update-motd.d':0,CLONE,2BAACBA7-3265-5C7E-A870-74788660720D,b'/bin/sh -e /usr/lib/update-notifier/update-motd-updates-available':0,ta1-theia-1
1557758277.125:240,5CFA0C9B-8BBC-51F5-945B-C9B3823045A8:b'run-parts --lsbsysinit /etc/update-motd.d':0,CLONE,7CD7433E-D495-58BE-80FC-83A871F82F61,b'/bin/sh -e /usr/lib/update-notifier/update-motd-updates-available':0,ta1-theia-1
1557758277.073:236,5CFA0C9B-8BBC-51F5-945B-C9B3823045A8:b'run-parts --lsbsysinit /etc/update-motd.d':0,CLONE,A2D0D0AA-E7B9-5E5A-A21E-17F6ACBA75A3,b'/bin/sh -e /usr/lib/update-notifier/update-motd-updates-available':0,ta1-theia-1
1557758277.021:232,5CFA0C9B-8BBC-51F5-945B-C9B3823045A8:b'run-parts --lsbsysinit /etc/update-motd.d':0,CLONE,0D053DF1-A29A-5E24-B7E9-20CD60A99E8D,b'/bin/sh -e /usr/lib/update-notifier/update-motd-updates-available':0,ta1-theia-1
1557758276.969:228,5CFA0C9B-8BBC-51F5-945B-C9B3823045A8:b'run-parts --lsbsysinit /etc/update-motd.d':0,CLONE,3B6AF7AE-F298-5EDE-8579-7D71EA1FA314,b'/bin/sh -e /usr/lib/update-notifier/update-motd-updates-available':0,ta1-theia-1
1557758276.917:224,5CFA0C9B-8BBC-51F5-945B-C9B3823045A8:b'run-parts --lsbsysinit /etc/update-motd.d':0,CLONE,292AC160-0D6D-5990-BE2A-1BFDC9378F68,b'/bin/sh -e /usr/lib/update-notifier/update-motd-updates-available':0,ta1-theia-1
1557758276.849:220,5CFA0C9B-8BBC-51F5-945B-C9B3823045A8:b'run-parts --lsbsysinit /etc/update-motd.d':0,CLONE,A91D5C83-F187-5A6B-A858-3B444551A27D,b'/bin/sh -e /usr/lib/update-notifier/update-motd-updates-available':0,ta1-theia-1
1557758276.793:216,5CFA0C9B-8BBC-51F5-945B-C9B3823045A8:b'run-parts --lsbsysinit /etc/update-motd.d':0,CLONE,9F10974A-79E3-5AD4-8881-6E26A927C7EF,b'/bin/sh -e /usr/lib/update-notifier/update-motd-updates-available':0,ta1-theia-1
1557758276.745:212,5CFA0C9B-8BBC-51F5-945B-C9B3823045A8:b'run-parts --lsbsysinit /etc/update-motd.d':0,CLONE,710B05D2-6DBF-5D57-B26C-6372C9EF5E3E,b'/bin/sh -e /usr/lib/update-notifier/update-motd-updates-available':0,ta1-theia-1
1557758276.697:208,5CFA0C9B-8BBC-51F5-945B-C9B3823045A8:b'run-parts --lsbsysinit /etc/update-motd.d':0,CLONE,4BAF1D1E-771C-56F4-AA0A-B19F6F8AFC31,b'/bin/sh -e /usr/lib/update-notifier/update-motd-updates-available':0,ta1-theia-1
1557758276.649:204,5CFA0C9B-8BBC-51F5-945B-C9B3823045A8:b'run-parts --lsbsysinit /etc/update-motd.d':0,CLONE,C72543DD-FACC-5E57-B04B-B44FC37E91E8,b'/bin/sh -e /usr/lib/update-notifier/update-motd-updates-available':0,ta1-theia-1
1557758276.597:200,5CFA0C9B-8BBC-51F5-945B-C9B3823045A8:b'run-parts --lsbsysinit /etc/update-motd.d':0,CLONE,5FBE86C8-E2A0-5888-A14A-E6F008E4F07D,b'/bin/sh -e /usr/lib/update-notifier/update-motd-updates-available':0,ta1-theia-1
1557758276.545:196,5CFA0C9B-8BBC-51F5-945B-C9B3823045A8:b'run-parts --lsbsysinit /etc/update-motd.d':0,CLONE,34B88B91-EDE1-51AD-93D0-B462C5A8F41C,b'/bin/sh -e /usr/lib/update-notifier/update-motd-updates-available':0,ta1-theia-1
1557758276.493:192,5CFA0C9B-8BBC-51F5-945B-C9B3823045A8:b'run-parts --lsbsysinit /etc/update-motd.d':0,CLONE,12E2FCD7-7B3E-5402-9901-2C7F43FDD7D8,b'/bin/sh -e /usr/lib/update-notifier/update-motd-updates-available':0,ta1-theia-1
1557758276.441:188,5CFA0C9B-8BBC-51F5-945B-C9B3823045A8:b'run-parts --lsbsysinit /etc/update-motd.d':0,CLONE,CB43A13A-BEC9-5392-A1A9-1BF4D102476C,b'/bin/sh -e /usr/lib/update-notifier/update-motd-updates-available':0,ta1-theia-1
1557758276.389:184,5CFA0C9B-8BBC-51F5-945B-C9B3823045A8:b'run-parts --lsbsysinit /etc/update-motd.d':0,CLONE,D9C0D9DA-C301-5C43-8853-5BDAD45D5E03,b'/bin/sh -e /usr/lib/update-notifier/update-motd-updates-available':0,ta1-theia-1
1557758276.337:180,5CFA0C9B-8BBC-51F5-945B-C9B3823045A8:b'run-parts --lsbsysinit /etc/update-motd.d':0,CLONE,1935BFCC-D3C8-5079-9CF3-79C9200B023D,b'/bin/sh -e /usr/lib/update-notifier/update-motd-updates-available':0,ta1-theia-1
1557758276.289:176,5CFA0C9B-8BBC-51F5-945B-C9B3823045A8:b'run-parts --lsbsysinit /etc/update-motd.d':0,CLONE,75115803-04FA-58C5-AA94-2F09BD94C943,b'/bin/sh -e /usr/lib/update-notifier/update-motd-updates-available':0,ta1-theia-1
1557758276.237:172,5CFA0C9B-8BBC-51F5-945B-C9B3823045A8:b'run-parts --lsbsysinit /etc/update-motd.d':0,CLONE,19AB4BB9-18AD-5A25-94B2-C2BBF130DE61,b'/bin/sh -e /usr/lib/update-notifier/update-motd-updates-available':0,ta1-theia-1
1557758276.189:168,5CFA0C9B-8BBC-51F5-945B-C9B3823045A8:b'run-parts --lsbsysinit /etc/update-motd.d':0,CLONE,C6075861-538D-514A-A9E1-ABD466E71360,b'/bin/sh -e /usr/lib/update-notifier/update-motd-updates-available':0,ta1-theia-1
1557758276.141:164,5CFA0C9B-8BBC-51F5-945B-C9B3823045A8:b'run-parts --lsbsysinit /etc/update-motd.d':0,CLONE,477A2CE9-C256-54E4-88C1-76CCE55DF033,b'/bin/sh -e /usr/lib/update-notifier/update-motd-updates-available':0,ta1-theia-1
1557758276.089:160,5CFA0C9B-8BBC-51F5-945B-C9B3823045A8:b'run-parts --lsbsysinit /etc/update-motd.d':0,CLONE,D59B8528-823D-5FD5-9903-EBE773539E1F,b'/bin/sh -e /usr/lib/update-notifier/update-motd-updates-available':0,ta1-theia-1
1557758276.041:156,5CFA0C9B-8BBC-51F5-945B-C9B3823045A8:b'run-parts --lsbsysinit /etc/update-motd.d':0,CLONE,8D607461-37BB-55F9-9906-F16F5CA95F3D,b'/bin/sh -e /usr/lib/update-notifier/update-motd-updates-available':0,ta1-theia-1
1557758275.981:152,5CFA0C9B-8BBC-51F5-945B-C9B3823045A8:b'run-parts --lsbsysinit /etc/update-motd.d':0,CLONE,1CB9BEED-93AF-587A-A2D3-1598C4B7D77F,b'/bin/sh -e /usr/lib/update-notifier/update-motd-updates-available':0,ta1-theia-1
1557758275.929:148,5CFA0C9B-8BBC-51F5-945B-C9B3823045A8:b'run-parts --lsbsysinit /etc/update-motd.d':0,CLONE,AD87196D-80A9-566E-88EE-1C736E7CB832,b'/bin/sh -e /usr/lib/update-notifier/update-motd-updates-available':0,ta1-theia-1
1557758275.877:144,5CFA0C9B-8BBC-51F5-945B-C9B3823045A8:b'run-parts --lsbsysinit /etc/update-motd.d':0,CLONE,5A3502CB-7AB1-562B-A4CD-D5D0EA131C69,b'/bin/sh -e /usr/lib/update-notifier/update-motd-updates-available':0,ta1-theia-1
1557758275.825:140,5CFA0C9B-8BBC-51F5-945B-C9B3823045A8:b'run-parts --lsbsysinit /etc/update-motd.d':0,CLONE,9ACFAF22-4302-58DC-B5E9-D942C7C354D8,b'/bin/sh -e /usr/lib/update-notifier/update-motd-updates-available':0,ta1-theia-1
1557758275.773:136,5CFA0C9B-8BBC-51F5-945B-C9B3823045A8:b'run-parts --lsbsysinit /etc/update-motd.d':0,CLONE,0A435FF3-27FB-5BB2-A60A-F99A241AB871,b'/bin/sh -e /usr/lib/update-notifier/update-motd-updates-available':0,ta1-theia-1
1557758275.721:132,5CFA0C9B-8BBC-51F5-945B-C9B3823045A8:b'run-parts --lsbsysinit /etc/update-motd.d':0,CLONE,A205B87B-0859-5297-9176-D186A1DB239F,b'/bin/sh -e /usr/lib/update-notifier/update-motd-updates-available':0,ta1-theia-1
1557758275.669:128,5CFA0C9B-8BBC-51F5-945B-C9B3823045A8:b'run-parts --lsbsysinit /etc/update-motd.d':0,CLONE,B8613A6F-90D9-540A-8433-3CFE9CECBFB5,b'/bin/sh -e /usr/lib/update-notifier/update-motd-updates-available':0,ta1-theia-1
1557758275.613:124,5CFA0C9B-8BBC-51F5-945B-C9B3823045A8:b'run-parts --lsbsysinit /etc/update-motd.d':0,CLONE,A5E0A156-A6D2-5B76-800B-0DCA25BD071D,b'/bin/sh -e /usr/lib/update-notifier/update-motd-updates-available':0,ta1-theia-1
1557758275.557:120,5CFA0C9B-8BBC-51F5-945B-C9B3823045A8:b'run-parts --lsbsysinit /etc/update-motd.d':0,CLONE,233073DF-0F7B-5DAB-80E5-11E70CC3571C,b'/bin/sh -e /usr/lib/update-notifier/update-motd-updates-available':0,ta1-theia-1
1557758275.501:116,5CFA0C9B-8BBC-51F5-945B-C9B3823045A8:b'run-parts --lsbsysinit /etc/update-motd.d':0,CLONE,571AEAD1-E3B8-5BFB-91C6-BCA09084EF2A,b'/bin/sh -e /usr/lib/update-notifier/update-motd-updates-available':0,ta1-theia-1
1557758275.453:112,5CFA0C9B-8BBC-51F5-945B-C9B3823045A8:b'run-parts --lsbsysinit /etc/update-motd.d':0,CLONE,61EAD0FC-B909-56EE-99EC-0A91FB041345,b'/bin/sh -e /usr/lib/update-notifier/update-motd-updates-available':0,ta1-theia-1
1557758275.405:108,5CFA0C9B-8BBC-51F5-945B-C9B3823045A8:b'run-parts --lsbsysinit /etc/update-motd.d':0,CLONE,A8F533A7-EA4F-5A41-9A4F-1D71BFC315EB,b'/bin/sh -e /usr/lib/update-notifier/update-motd-updates-available':0,ta1-theia-1
1557758275.357:104,5CFA0C9B-8BBC-51F5-945B-C9B3823045A8:b'run-parts --lsbsysinit /etc/update-motd.d':0,CLONE,44F9DF49-D95D-5208-B594-EB1423B12813,b'/bin/sh -e /usr/lib/update-notifier/update-motd-updates-available':0,ta1-theia-1
1557758275.309:100,5CFA0C9B-8BBC-51F5-945B-C9B3823045A8:b'run-parts --lsbsysinit /etc/update-motd.d':0,CLONE,C48FF60C-A589-5C97-8067-5E7D4CE4FD7C,b'/bin/sh -e /usr/lib/update-notifier/update-motd-updates-available':0,ta1-theia-1
1557758275.257:96,5CFA0C9B-8BBC-51F5-945B-C9B3823045A8:b'run-parts --lsbsysinit /etc/update-motd.d':0,CLONE,41140E32-17E2-5C69-8647-EFD3DA2E2A42,b'/bin/sh -e /usr/lib/update-notifier/update-motd-updates-available':0,ta1-theia-1
1557758275.205:92,5CFA0C9B-8BBC-51F5-945B-C9B3823045A8:b'run-parts --lsbsysinit /etc/update-motd.d':0,CLONE,3D890913-4ED8-5695-98E5-2593466E1C00,b'/bin/sh -e /usr/lib/update-notifier/update-motd-updates-available':0,ta1-theia-1
1557758275.153:88,5CFA0C9B-8BBC-51F5-945B-C9B3823045A8:b'run-parts --lsbsysinit /etc/update-motd.d':0,CLONE,8E664B34-4B2C-52FE-9A2F-10021B4D9795,b'/bin/sh -e /usr/lib/update-notifier/update-motd-updates-available':0,ta1-theia-1
1557758275.089:84,5CFA0C9B-8BBC-51F5-945B-C9B3823045A8:b'run-parts --lsbsysinit /etc/update-motd.d':0,CLONE,217D2408-F45B-51B5-A804-1CF747E22530,b'/bin/sh -e /usr/lib/update-notifier/update-motd-updates-available':0,ta1-theia-1
1557758275.037:80,5CFA0C9B-8BBC-51F5-945B-C9B3823045A8:b'run-parts --lsbsysinit /etc/update-motd.d':0,CLONE,8EEDAA8D-EF59-5558-B09A-9B612F9BC17D,b'/bin/sh -e /usr/lib/update-notifier/update-motd-updates-available':0,ta1-theia-1
1557758274.985:76,5CFA0C9B-8BBC-51F5-945B-C9B3823045A8:b'run-parts --lsbsysinit /etc/update-motd.d':0,CLONE,E34FFA08-D4F9-5480-BD3E-6E40B234232E,b'/bin/sh -e /usr/lib/update-notifier/update-motd-updates-available':0,ta1-theia-1
1557758274.933:72,5CFA0C9B-8BBC-51F5-945B-C9B3823045A8:b'run-parts --lsbsysinit /etc/update-motd.d':0,CLONE,B206C852-DFD9-596C-89FB-58CF4EEAC1ED,b'/bin/sh -e /usr/lib/update-notifier/update-motd-updates-available':0,ta1-theia-1
1557758274.881:68,5CFA0C9B-8BBC-51F5-945B-C9B3823045A8:b'run-parts --lsbsysinit /etc/update-motd.d':0,CLONE,FB77D0D9-0CE3-57F5-A708-D7DFA264A95E,b'/bin/sh -e /usr/lib/update-notifier/update-motd-updates-available':0,ta1-theia-1
1557758274.833:64,5CFA0C9B-8BBC-51F5-945B-C9B3823045A8:b'run-parts --lsbsysinit /etc/update-motd.d':0,CLONE,87AAED87-E05E-51F4-A80A-EB64ED948272,b'/bin/sh -e /usr/lib/update-notifier/update-motd-updates-available':0,ta1-theia-1
1557758274.781:60,5CFA0C9B-8BBC-51F5-945B-C9B3823045A8:b'run-parts --lsbsysinit /etc/update-motd.d':0,CLONE,B68E5885-4CAD-5ABF-B930-961A0E4A264D,b'/bin/sh -e /usr/lib/update-notifier/update-motd-updates-available':0,ta1-theia-1
1557758274.729:56,5CFA0C9B-8BBC-51F5-945B-C9B3823045A8:b'run-parts --lsbsysinit /etc/update-motd.d':0,CLONE,2D49E767-EF4F-5C87-B4C0-9CE708756A49,b'/bin/sh -e /usr/lib/update-notifier/update-motd-updates-available':0,ta1-theia-1
1557758274.677:52,5CFA0C9B-8BBC-51F5-945B-C9B3823045A8:b'run-parts --lsbsysinit /etc/update-motd.d':0,CLONE,E12E16E4-78D9-581C-8CF2-038F2553858A,b'/bin/sh -e /usr/lib/update-notifier/update-motd-updates-available':0,ta1-theia-1
1557758274.622:48,5CFA0C9B-8BBC-51F5-945B-C9B3823045A8:b'run-parts --lsbsysinit /etc/update-motd.d':0,CLONE,A80087D2-A7A8-52F8-9069-D7ABB1896B1D,b'/bin/sh -e /usr/lib/update-notifier/update-motd-updates-available':0,ta1-theia-1
1557758274.512:105,0381E08D-CF64-5631-A594-86E698EA40EC:b'/bin/sh -e /usr/lib/update-notifier/update-motd-updates-available':0,CLONE,724EB918-0B9A-5343-8F35-232E92A13427,b'apt-config shell ListDir Dir::State::Lists':0,ta1-theia-1
1557758274.501:43,5CFA0C9B-8BBC-51F5-945B-C9B3823045A8:b'run-parts --lsbsysinit /etc/update-motd.d':0,CLONE,0381E08D-CF64-5631-A594-86E698EA40EC,b'/bin/sh -e /usr/lib/update-notifier/update-motd-updates-available':0,ta1-theia-1
1557758274.391:105,D8EF5123-1DE3-598E-9C4E-D088103A3280:b'/bin/sh -e /usr/lib/update-notifier/update-motd-updates-available':0,CLONE,FFDF5104-66D2-5686-BB0C-F309858E4EE3,b'apt-config shell StateDir Dir::State':0,ta1-theia-1
1557758274.381:39,5CFA0C9B-8BBC-51F5-945B-C9B3823045A8:b'run-parts --lsbsysinit /etc/update-motd.d':0,CLONE,D8EF5123-1DE3-598E-9C4E-D088103A3280,b'/bin/sh -e /usr/lib/update-notifier/update-motd-updates-available':0,ta1-theia-1
1557758274.326:35,5CFA0C9B-8BBC-51F5-945B-C9B3823045A8:b'run-parts --lsbsysinit /etc/update-motd.d':0,CLONE,9F1B9D23-D4FC-54E9-B8A9-A87ECB3B83CF,b'/bin/sh -e /usr/lib/update-notifier/update-motd-updates-available':0,ta1-theia-1
1557758274.321:30,6F5A9816-F4FB-59B3-B717-22F875F521B8:b'sh -c /usr/bin/env -i PATH=/usr/local/sbin:/usr/local/bin:/usr/sbin:/usr/bin:/sbin:/bin run-parts --lsbsysinit /etc/update-motd.d > /var/run/motd.new':0,CLONE,5CFA0C9B-8BBC-51F5-945B-C9B3823045A8,b'run-parts --lsbsysinit /etc/update-motd.d':0,ta1-theia-1
1557758273.773:4,1407F2AA-FBCF-5DEB-8E7C-E030508152AD:b'/usr/bin/python /usr/bin/landscape-sysinfo':0,EXECUTE,0100D00F-C326-0C00-0000-0000B790005A,/usr/bin/who:0,ta1-theia-1
1557758273.759:5035,DA794341-F803-53FB-A01E-1281C366B3AD:b'/bin/sh /etc/update-motd.d/50-landscape-sysinfo':0,CLONE,1407F2AA-FBCF-5DEB-8E7C-E030508152AD,b'/usr/bin/python /usr/bin/landscape-sysinfo':0,ta1-theia-1
1557758272.749:1903,DA794341-F803-53FB-A01E-1281C366B3AD:b'/bin/sh /etc/update-motd.d/50-landscape-sysinfo':0,CLONE,43C72824-EFE8-53C4-BFC3-B2D2AD7C1F0C,b'/usr/bin/python /usr/bin/landscape-sysinfo':0,ta1-theia-1
1557758272.674:16,C0C0588D-AFC8-5A52-9DAE-800D4E8F02B4:b'/usr/bin/python /usr/bin/landscape-sysinfo':0,CLONE,157450C0-B035-58F9-916E-50094D4713E2,b'sh -c /sbin/ldconfig -p 2>/dev/null':0,ta1-theia-1
1557758272.674:1732,DA794341-F803-53FB-A01E-1281C366B3AD:b'/bin/sh /etc/update-motd.d/50-landscape-sysinfo':0,CLONE,C0C0588D-AFC8-5A52-9DAE-800D4E8F02B4,b'/usr/bin/python /usr/bin/landscape-sysinfo':0,ta1-theia-1
1557758272.654:16,C755D80A-5D18-5E2F-BD35-1BD26D2A0E30:b'/usr/bin/python /usr/bin/landscape-sysinfo':0,CLONE,D2809431-E4FD-559C-B9BA-54A50C71B125,b'sh -c /sbin/ldconfig -p 2>/dev/null':0,ta1-theia-1
1557758272.652:1707,DA794341-F803-53FB-A01E-1281C366B3AD:b'/bin/sh /etc/update-motd.d/50-landscape-sysinfo':0,CLONE,C755D80A-5D18-5E2F-BD35-1BD26D2A0E30,b'/usr/bin/python /usr/bin/landscape-sysinfo':0,ta1-theia-1
1557758272.363:29,B847D119-ABF2-5F20-A118-D5682EBAB9C9:b'run-parts --lsbsysinit /etc/update-motd.d':0,CLONE,DA794341-F803-53FB-A01E-1281C366B3AD,b'/bin/sh /etc/update-motd.d/50-landscape-sysinfo':0,ta1-theia-1
1557758272.358:27,B847D119-ABF2-5F20-A118-D5682EBAB9C9:b'run-parts --lsbsysinit /etc/update-motd.d':0,CLONE,583C4A15-DD44-5014-9E61-CCEEBB062F9C,b'/bin/sh /etc/update-motd.d/50-landscape-sysinfo':0,ta1-theia-1
1557758272.337:1,1F272E02-4BD7-5A7E-BE63-D0ABF4365A25:b'/bin/sh /etc/update-motd.d/50-landscape-sysinfo':0,CLONE,49420BEB-7917-55C0-A4CE-3485714EC4D0,b'/bin/sh /etc/update-motd.d/50-landscape-sysinfo':0,ta1-theia-1
1557758272.334:2,97265A05-D15E-553A-866A-7136948074DF:b'/bin/sh /etc/update-motd.d/50-landscape-sysinfo':0,CLONE,0654D733-C95E-5915-8F5B-253163BEE019,b'/bin/sh /etc/update-motd.d/50-landscape-sysinfo':0,ta1-theia-1
1557758272.333:1,97265A05-D15E-553A-866A-7136948074DF:b'/bin/sh /etc/update-motd.d/50-landscape-sysinfo':0,CLONE,1F272E02-4BD7-5A7E-BE63-D0ABF4365A25,b'/bin/sh /etc/update-motd.d/50-landscape-sysinfo':0,ta1-theia-1
1557758272.333:22,B847D119-ABF2-5F20-A118-D5682EBAB9C9:b'run-parts --lsbsysinit /etc/update-motd.d':0,CLONE,97265A05-D15E-553A-866A-7136948074DF,b'/bin/sh /etc/update-motd.d/50-landscape-sysinfo':0,ta1-theia-1
1557758272.310:18,B847D119-ABF2-5F20-A118-D5682EBAB9C9:b'run-parts --lsbsysinit /etc/update-motd.d':0,CLONE,702C2DF8-E4AA-50C2-A6F9-AA52B2869941,b'/bin/sh /etc/update-motd.d/50-landscape-sysinfo':0,ta1-theia-1
1557758272.309:29,6F5A9816-F4FB-59B3-B717-22F875F521B8:b'sh -c /usr/bin/env -i PATH=/usr/local/sbin:/usr/local/bin:/usr/sbin:/usr/bin:/sbin:/bin run-parts --lsbsysinit /etc/update-motd.d > /var/run/motd.new':0,CLONE,B847D119-ABF2-5F20-A118-D5682EBAB9C9,b'run-parts --lsbsysinit /etc/update-motd.d':0,ta1-theia-1
1557758272.288:24,821A6B45-1549-5187-A387-600D80CE6D83:b'run-parts --lsbsysinit /etc/update-motd.d':0,CLONE,2CA578BA-D00B-5E1F-A207-AD0E29EA9938,b'/bin/sh /etc/update-motd.d/10-help-text':0,ta1-theia-1
1557758272.288:23,821A6B45-1549-5187-A387-600D80CE6D83:b'run-parts --lsbsysinit /etc/update-motd.d':0,CLONE,F16EDA9D-4A81-5890-AAF2-F7BE08109263,b'/bin/sh /etc/update-motd.d/10-help-text':0,ta1-theia-1
1557758272.285:28,6F5A9816-F4FB-59B3-B717-22F875F521B8:b'sh -c /usr/bin/env -i PATH=/usr/local/sbin:/usr/local/bin:/usr/sbin:/usr/bin:/sbin:/bin run-parts --lsbsysinit /etc/update-motd.d > /var/run/motd.new':0,CLONE,821A6B45-1549-5187-A387-600D80CE6D83,b'run-parts --lsbsysinit /etc/update-motd.d':0,ta1-theia-1
1557758272.270:31,4A9D0867-313B-5603-A9DB-C3F674941D9D:b'run-parts --lsbsysinit /etc/update-motd.d':0,CLONE,87F22266-2F52-5861-B175-B59BA26C68D7,b'/bin/sh /etc/update-motd.d/00-header':0,ta1-theia-1
1557758272.255:27,4A9D0867-313B-5603-A9DB-C3F674941D9D:b'run-parts --lsbsysinit /etc/update-motd.d':0,CLONE,A18D701D-FA85-5CEC-8C75-47DA7475973B,b'/bin/sh /etc/update-motd.d/00-header':0,ta1-theia-1
1557758272.253:23,4A9D0867-313B-5603-A9DB-C3F674941D9D:b'run-parts --lsbsysinit /etc/update-motd.d':0,CLONE,54D5CB0C-6C48-5CC0-874F-66294ADC3030,b'/bin/sh /etc/update-motd.d/00-header':0,ta1-theia-1
1557758272.229:27,6F5A9816-F4FB-59B3-B717-22F875F521B8:b'sh -c /usr/bin/env -i PATH=/usr/local/sbin:/usr/local/bin:/usr/sbin:/usr/bin:/sbin:/bin run-parts --lsbsysinit /etc/update-motd.d > /var/run/motd.new':0,CLONE,4A9D0867-313B-5603-A9DB-C3F674941D9D,b'run-parts --lsbsysinit /etc/update-motd.d':0,ta1-theia-1
1557758272.228:16,E0917D72-64C4-503F-B8E4-B0CA162ABA47:b'sshd: admin [priv]  ':0,CLONE,6F5A9816-F4FB-59B3-B717-22F875F521B8,b'sh -c /usr/bin/env -i PATH=/usr/local/sbin:/usr/local/bin:/usr/sbin:/usr/bin:/sbin:/bin run-parts --lsbsysinit /etc/update-motd.d > /var/run/motd.new':0,ta1-theia-1
1557758272.227:538,1B3EAC3A-9037-5385-AFD5-DA7052399D85:b'/usr/sbin/sshd -D':0,CLONE,E0917D72-64C4-503F-B8E4-B0CA162ABA47,b'sshd: admin [priv]  ':0,ta1-theia-1
1557758271.803:293,1B3EAC3A-9037-5385-AFD5-DA7052399D85:b'/usr/sbin/sshd -D':0,READ,0100D00F-0B00-5800-0000-0000678E005A,/etc/hosts:0,ta1-theia-1
1557758271.803:292,1B3EAC3A-9037-5385-AFD5-DA7052399D85:b'/usr/sbin/sshd -D':0,READ,0100D00F-0B00-5800-0000-0000678E005A,/etc/hosts:0,ta1-theia-1
1557758271.803:283,1B3EAC3A-9037-5385-AFD5-DA7052399D85:b'/usr/sbin/sshd -D':0,READ,0100D00F-0B00-5800-0000-0000678E005A,/etc/hosts:0,ta1-theia-1
1557758271.757:258,1B3EAC3A-9037-5385-AFD5-DA7052399D85:b'/usr/sbin/sshd -D':0,CLONE,048F7876-79CD-55E2-AA71-FD12B4B16656,b'sshd: [accepted]    ':0,ta1-theia-1
1557758271.462:5352,84053D48-9767-59AE-A797-BAC5E4ED3368:null:null,CLONE,1B3EAC3A-9037-5385-AFD5-DA7052399D85,b'/usr/sbin/sshd -D':0,ta1-theia-1
1557758261.630:527530,CC7C9A7F-4BD4-5E0F-88B4-3EA111554703:null:null,READ,0100D00F-0B00-5800-0000-0000678E005A,/etc/hosts:0,ta1-theia-1
1557758261.630:527529,CC7C9A7F-4BD4-5E0F-88B4-3EA111554703:null:null,READ,0100D00F-0B00-5800-0000-0000678E005A,/etc/hosts:0,ta1-theia-1
1557758254.914:527494,CC7C9A7F-4BD4-5E0F-88B4-3EA111554703:null:null,READ,0100D00F-0B00-5800-0000-0000678E005A,/etc/hosts:0,ta1-theia-1
1557758254.914:527493,CC7C9A7F-4BD4-5E0F-88B4-3EA111554703:null:null,READ,0100D00F-0B00-5800-0000-0000678E005A,/etc/hosts:0,ta1-theia-1
1557758238.588:527464,CC7C9A7F-4BD4-5E0F-88B4-3EA111554703:null:null,READ,0100D00F-0B00-5800-0000-0000678E005A,/etc/hosts:0,ta1-theia-1
1557758238.588:527463,CC7C9A7F-4BD4-5E0F-88B4-3EA111554703:null:null,READ,0100D00F-0B00-5800-0000-0000678E005A,/etc/hosts:0,ta1-theia-1
1557758231.633:527428,CC7C9A7F-4BD4-5E0F-88B4-3EA111554703:null:null,READ,0100D00F-0B00-5800-0000-0000678E005A,/etc/hosts:0,ta1-theia-1
1557758231.633:527427,CC7C9A7F-4BD4-5E0F-88B4-3EA111554703:null:null,READ,0100D00F-0B00-5800-0000-0000678E005A,/etc/hosts:0,ta1-theia-1
1557758224.631:527398,CC7C9A7F-4BD4-5E0F-88B4-3EA111554703:null:null,READ,0100D00F-0B00-5800-0000-0000678E005A,/etc/hosts:0,ta1-theia-1
1557758224.631:527397,CC7C9A7F-4BD4-5E0F-88B4-3EA111554703:null:null,READ,0100D00F-0B00-5800-0000-0000678E005A,/etc/hosts:0,ta1-theia-1
1557758216.632:527353,CC7C9A7F-4BD4-5E0F-88B4-3EA111554703:null:null,READ,0100D00F-0B00-5800-0000-0000678E005A,/etc/hosts:0,ta1-theia-1
1557758216.632:527352,CC7C9A7F-4BD4-5E0F-88B4-3EA111554703:null:null,READ,0100D00F-0B00-5800-0000-0000678E005A,/etc/hosts:0,ta1-theia-1
1557758209.564:527312,CC7C9A7F-4BD4-5E0F-88B4-3EA111554703:null:null,READ,0100D00F-0B00-5800-0000-0000678E005A,/etc/hosts:0,ta1-theia-1
1557758209.564:527311,CC7C9A7F-4BD4-5E0F-88B4-3EA111554703:null:null,READ,0100D00F-0B00-5800-0000-0000678E005A,/etc/hosts:0,ta1-theia-1
1557758201.630:527271,CC7C9A7F-4BD4-5E0F-88B4-3EA111554703:null:null,READ,0100D00F-0B00-5800-0000-0000678E005A,/etc/hosts:0,ta1-theia-1
1557758201.630:527270,CC7C9A7F-4BD4-5E0F-88B4-3EA111554703:null:null,READ,0100D00F-0B00-5800-0000-0000678E005A,/etc/hosts:0,ta1-theia-1
1557758194.946:527235,CC7C9A7F-4BD4-5E0F-88B4-3EA111554703:null:null,READ,0100D00F-0B00-5800-0000-0000678E005A,/etc/hosts:0,ta1-theia-1
1557758194.946:527234,CC7C9A7F-4BD4-5E0F-88B4-3EA111554703:null:null,READ,0100D00F-0B00-5800-0000-0000678E005A,/etc/hosts:0,ta1-theia-1
1557758149.538:527195,CC7C9A7F-4BD4-5E0F-88B4-3EA111554703:null:null,READ,0100D00F-0B00-5800-0000-0000678E005A,/etc/hosts:0,ta1-theia-1
1557758149.538:527194,CC7C9A7F-4BD4-5E0F-88B4-3EA111554703:null:null,READ,0100D00F-0B00-5800-0000-0000678E005A,/etc/hosts:0,ta1-theia-1
1557758142.635:527154,CC7C9A7F-4BD4-5E0F-88B4-3EA111554703:null:null,READ,0100D00F-0B00-5800-0000-0000678E005A,/etc/hosts:0,ta1-theia-1
1557758142.634:527153,CC7C9A7F-4BD4-5E0F-88B4-3EA111554703:null:null,READ,0100D00F-0B00-5800-0000-0000678E005A,/etc/hosts:0,ta1-theia-1
1557758134.914:527109,CC7C9A7F-4BD4-5E0F-88B4-3EA111554703:null:null,READ,0100D00F-0B00-5800-0000-0000678E005A,/etc/hosts:0,ta1-theia-1
1557758134.914:527108,CC7C9A7F-4BD4-5E0F-88B4-3EA111554703:null:null,READ,0100D00F-0B00-5800-0000-0000678E005A,/etc/hosts:0,ta1-theia-1
1557758112.628:527079,CC7C9A7F-4BD4-5E0F-88B4-3EA111554703:null:null,READ,0100D00F-0B00-5800-0000-0000678E005A,/etc/hosts:0,ta1-theia-1
1557758112.628:527078,CC7C9A7F-4BD4-5E0F-88B4-3EA111554703:null:null,READ,0100D00F-0B00-5800-0000-0000678E005A,/etc/hosts:0,ta1-theia-1
1557758104.962:527042,CC7C9A7F-4BD4-5E0F-88B4-3EA111554703:null:null,READ,0100D00F-0B00-5800-0000-0000678E005A,/etc/hosts:0,ta1-theia-1
1557758104.961:527041,CC7C9A7F-4BD4-5E0F-88B4-3EA111554703:null:null,READ,0100D00F-0B00-5800-0000-0000678E005A,/etc/hosts:0,ta1-theia-1
1557758090.963:527017,CC7C9A7F-4BD4-5E0F-88B4-3EA111554703:null:null,READ,0100D00F-0B00-5800-0000-0000678E005A,/etc/hosts:0,ta1-theia-1
1557758090.963:527016,CC7C9A7F-4BD4-5E0F-88B4-3EA111554703:null:null,READ,0100D00F-0B00-5800-0000-0000678E005A,/etc/hosts:0,ta1-theia-1
1557758080.627:526976,CC7C9A7F-4BD4-5E0F-88B4-3EA111554703:null:null,READ,0100D00F-0B00-5800-0000-0000678E005A,/etc/hosts:0,ta1-theia-1
1557758080.627:526975,CC7C9A7F-4BD4-5E0F-88B4-3EA111554703:null:null,READ,0100D00F-0B00-5800-0000-0000678E005A,/etc/hosts:0,ta1-theia-1
1557758074.882:526940,CC7C9A7F-4BD4-5E0F-88B4-3EA111554703:null:null,READ,0100D00F-0B00-5800-0000-0000678E005A,/etc/hosts:0,ta1-theia-1
1557758074.882:526939,CC7C9A7F-4BD4-5E0F-88B4-3EA111554703:null:null,READ,0100D00F-0B00-5800-0000-0000678E005A,/etc/hosts:0,ta1-theia-1
1557758057.276:526905,CC7C9A7F-4BD4-5E0F-88B4-3EA111554703:null:null,READ,0100D00F-0B00-5800-0000-0000678E005A,/etc/hosts:0,ta1-theia-1
1557758057.276:526904,CC7C9A7F-4BD4-5E0F-88B4-3EA111554703:null:null,READ,0100D00F-0B00-5800-0000-0000678E005A,/etc/hosts:0,ta1-theia-1
1557758020.627:526864,CC7C9A7F-4BD4-5E0F-88B4-3EA111554703:null:null,READ,0100D00F-0B00-5800-0000-0000678E005A,/etc/hosts:0,ta1-theia-1
1557758020.627:526863,CC7C9A7F-4BD4-5E0F-88B4-3EA111554703:null:null,READ,0100D00F-0B00-5800-0000-0000678E005A,/etc/hosts:0,ta1-theia-1
1557758014.914:526814,CC7C9A7F-4BD4-5E0F-88B4-3EA111554703:null:null,READ,0100D00F-0B00-5800-0000-0000678E005A,/etc/hosts:0,ta1-theia-1
1557758014.914:526813,CC7C9A7F-4BD4-5E0F-88B4-3EA111554703:null:null,READ,0100D00F-0B00-5800-0000-0000678E005A,/etc/hosts:0,ta1-theia-1
1557757970.968:526779,CC7C9A7F-4BD4-5E0F-88B4-3EA111554703:null:null,READ,0100D00F-0B00-5800-0000-0000678E005A,/etc/hosts:0,ta1-theia-1
1557757970.967:526778,CC7C9A7F-4BD4-5E0F-88B4-3EA111554703:null:null,READ,0100D00F-0B00-5800-0000-0000678E005A,/etc/hosts:0,ta1-theia-1
1557757962.627:526733,CC7C9A7F-4BD4-5E0F-88B4-3EA111554703:null:null,READ,0100D00F-0B00-5800-0000-0000678E005A,/etc/hosts:0,ta1-theia-1
1557757962.627:526732,CC7C9A7F-4BD4-5E0F-88B4-3EA111554703:null:null,READ,0100D00F-0B00-5800-0000-0000678E005A,/etc/hosts:0,ta1-theia-1
1557757954.946:526692,CC7C9A7F-4BD4-5E0F-88B4-3EA111554703:null:null,READ,0100D00F-0B00-5800-0000-0000678E005A,/etc/hosts:0,ta1-theia-1
1557757954.946:526691,CC7C9A7F-4BD4-5E0F-88B4-3EA111554703:null:null,READ,0100D00F-0B00-5800-0000-0000678E005A,/etc/hosts:0,ta1-theia-1
1557757943.434:15737,94E4DFBD-838C-514F-903B-19CAECEF6F62:null:null,READ,0100D00F-0B00-5800-0000-0000678E005A,/etc/hosts:0,ta1-theia-1
1557757943.434:15736,94E4DFBD-838C-514F-903B-19CAECEF6F62:null:null,READ,0100D00F-0B00-5800-0000-0000678E005A,/etc/hosts:0,ta1-theia-1
1557757943.434:15732,94E4DFBD-838C-514F-903B-19CAECEF6F62:null:null,READ,0100D00F-0B00-5800-0000-0000678E005A,/etc/hosts:0,ta1-theia-1
1557757931.627:526657,CC7C9A7F-4BD4-5E0F-88B4-3EA111554703:null:null,READ,0100D00F-0B00-5800-0000-0000678E005A,/etc/hosts:0,ta1-theia-1
1557757931.627:526656,CC7C9A7F-4BD4-5E0F-88B4-3EA111554703:null:null,READ,0100D00F-0B00-5800-0000-0000678E005A,/etc/hosts:0,ta1-theia-1
1557757924.866:526621,CC7C9A7F-4BD4-5E0F-88B4-3EA111554703:null:null,READ,0100D00F-0B00-5800-0000-0000678E005A,/etc/hosts:0,ta1-theia-1
1557757924.866:526620,CC7C9A7F-4BD4-5E0F-88B4-3EA111554703:null:null,READ,0100D00F-0B00-5800-0000-0000678E005A,/etc/hosts:0,ta1-theia-1
1557757905.624:526591,CC7C9A7F-4BD4-5E0F-88B4-3EA111554703:null:null,READ,0100D00F-0B00-5800-0000-0000678E005A,/etc/hosts:0,ta1-theia-1
1557757905.624:526590,CC7C9A7F-4BD4-5E0F-88B4-3EA111554703:null:null,READ,0100D00F-0B00-5800-0000-0000678E005A,/etc/hosts:0,ta1-theia-1
1557757896.624:526549,CC7C9A7F-4BD4-5E0F-88B4-3EA111554703:null:null,READ,0100D00F-0B00-5800-0000-0000678E005A,/etc/hosts:0,ta1-theia-1
1557757896.624:526548,CC7C9A7F-4BD4-5E0F-88B4-3EA111554703:null:null,READ,0100D00F-0B00-5800-0000-0000678E005A,/etc/hosts:0,ta1-theia-1
1557757889.584:526524,CC7C9A7F-4BD4-5E0F-88B4-3EA111554703:null:null,READ,0100D00F-0B00-5800-0000-0000678E005A,/etc/hosts:0,ta1-theia-1
1557757889.584:526523,CC7C9A7F-4BD4-5E0F-88B4-3EA111554703:null:null,READ,0100D00F-0B00-5800-0000-0000678E005A,/etc/hosts:0,ta1-theia-1
1557757885.252:12,3868EB1F-8BE9-5361-ADD9-0F923741CE27:b'/usr/lib/ubuntu-geoip/ubuntu-geoip-provider':107,READ,0100D00F-0B00-5800-0000-0000678E005A,/etc/hosts:0,ta1-theia-1
1557757885.252:11,3868EB1F-8BE9-5361-ADD9-0F923741CE27:b'/usr/lib/ubuntu-geoip/ubuntu-geoip-provider':107,READ,0100D00F-0B00-5800-0000-0000678E005A,/etc/hosts:0,ta1-theia-1
1557757885.252:7595,A19E223D-A98B-5DA9-A6DC-4AAC0A6B3C60:null:null,CLONE,3868EB1F-8BE9-5361-ADD9-0F923741CE27,b'/usr/lib/ubuntu-geoip/ubuntu-geoip-provider':107,ta1-theia-1
1557757879.575:526483,CC7C9A7F-4BD4-5E0F-88B4-3EA111554703:null:null,READ,0100D00F-0B00-5800-0000-0000678E005A,/etc/hosts:0,ta1-theia-1
1557757879.575:526482,CC7C9A7F-4BD4-5E0F-88B4-3EA111554703:null:null,READ,0100D00F-0B00-5800-0000-0000678E005A,/etc/hosts:0,ta1-theia-1
1557757872.622:526438,CC7C9A7F-4BD4-5E0F-88B4-3EA111554703:null:null,READ,0100D00F-0B00-5800-0000-0000678E005A,/etc/hosts:0,ta1-theia-1
1557757872.622:526437,CC7C9A7F-4BD4-5E0F-88B4-3EA111554703:null:null,READ,0100D00F-0B00-5800-0000-0000678E005A,/etc/hosts:0,ta1-theia-1
1557757864.962:526393,CC7C9A7F-4BD4-5E0F-88B4-3EA111554703:null:null,READ,0100D00F-0B00-5800-0000-0000678E005A,/etc/hosts:0,ta1-theia-1
1557757864.962:526392,CC7C9A7F-4BD4-5E0F-88B4-3EA111554703:null:null,READ,0100D00F-0B00-5800-0000-0000678E005A,/etc/hosts:0,ta1-theia-1
1557757858.703:526363,CC7C9A7F-4BD4-5E0F-88B4-3EA111554703:null:null,READ,0100D00F-0B00-5800-0000-0000678E005A,/etc/hosts:0,ta1-theia-1
1557757858.703:526362,CC7C9A7F-4BD4-5E0F-88B4-3EA111554703:null:null,READ,0100D00F-0B00-5800-0000-0000678E005A,/etc/hosts:0,ta1-theia-1
1557757851.502:526322,CC7C9A7F-4BD4-5E0F-88B4-3EA111554703:null:null,READ,0100D00F-0B00-5800-0000-0000678E005A,/etc/hosts:0,ta1-theia-1
1557757851.502:526321,CC7C9A7F-4BD4-5E0F-88B4-3EA111554703:null:null,READ,0100D00F-0B00-5800-0000-0000678E005A,/etc/hosts:0,ta1-theia-1
1557757849.843:127753,D2254D75-B9E0-55BB-A06C-FF862E97E769:null:null,CLONE,7290F5FF-B13F-54E4-9154-5671A5864F9C,b'xscreensaver -no-splash':1003,ta1-theia-1
1557757849.712:139,9440D8B5-435D-5E70-B564-0EFCCA62C623:b'/usr/bin/python /usr/share/apport/apport 190300 11 0':1003,CLONE,CDD22302-D80C-55AC-9970-8E358C16AC10,b'/usr/bin/gdbus call -e -d org.gnome.SessionManager -o /org/gnome/SessionManager -m org.gnome.SessionManager.IsSessionRunning':1003,ta1-theia-1
1557757849.705:1214,C084D158-D15C-5F46-A2BB-F358CDA40AAA:b'/usr/bin/python /usr/share/apport/apport 190300 11 0':0,CLONE,9440D8B5-435D-5E70-B564-0EFCCA62C623,b'/usr/bin/python /usr/share/apport/apport 190300 11 0':1003,ta1-theia-1
1557757849.622:127728,D2254D75-B9E0-55BB-A06C-FF862E97E769:null:null,CLONE,24BA4DCA-3DC4-51E7-A417-8253CFA7B3CD,b'xscreensaver -no-splash':1003,ta1-theia-1
1557757849.484:139,FBFE146A-06FF-500D-BB91-4C31C6543737:b'/usr/bin/python /usr/share/apport/apport 190296 11 0':1003,CLONE,0FD0081A-4387-5AE5-9B36-8C7F69B963DB,b'/usr/bin/gdbus call -e -d org.gnome.SessionManager -o /org/gnome/SessionManager -m org.gnome.SessionManager.IsSessionRunning':1003,ta1-theia-1
1557757849.477:1214,5C301D22-B4F3-5ACD-943B-4F3A0F4542F5:b'/usr/bin/python /usr/share/apport/apport 190296 11 0':0,CLONE,FBFE146A-06FF-500D-BB91-4C31C6543737,b'/usr/bin/python /usr/share/apport/apport 190296 11 0':1003,ta1-theia-1
1557757849.397:127719,D2254D75-B9E0-55BB-A06C-FF862E97E769:null:null,CLONE,BFE6AE63-DF2B-542A-B0FB-705ED1755537,b'xscreensaver -no-splash':1003,ta1-theia-1
1557757842.624:526263,CC7C9A7F-4BD4-5E0F-88B4-3EA111554703:null:null,READ,0100D00F-0B00-5800-0000-0000678E005A,/etc/hosts:0,ta1-theia-1
1557757842.624:526262,CC7C9A7F-4BD4-5E0F-88B4-3EA111554703:null:null,READ,0100D00F-0B00-5800-0000-0000678E005A,/etc/hosts:0,ta1-theia-1
1557757834.882:526222,CC7C9A7F-4BD4-5E0F-88B4-3EA111554703:null:null,READ,0100D00F-0B00-5800-0000-0000678E005A,/etc/hosts:0,ta1-theia-1
1557757834.882:526221,CC7C9A7F-4BD4-5E0F-88B4-3EA111554703:null:null,READ,0100D00F-0B00-5800-0000-0000678E005A,/etc/hosts:0,ta1-theia-1
1557757789.527:526192,CC7C9A7F-4BD4-5E0F-88B4-3EA111554703:null:null,READ,0100D00F-0B00-5800-0000-0000678E005A,/etc/hosts:0,ta1-theia-1
1557757789.526:526191,CC7C9A7F-4BD4-5E0F-88B4-3EA111554703:null:null,READ,0100D00F-0B00-5800-0000-0000678E005A,/etc/hosts:0,ta1-theia-1
1557757781.620:526151,CC7C9A7F-4BD4-5E0F-88B4-3EA111554703:null:null,READ,0100D00F-0B00-5800-0000-0000678E005A,/etc/hosts:0,ta1-theia-1
1557757781.620:526150,CC7C9A7F-4BD4-5E0F-88B4-3EA111554703:null:null,READ,0100D00F-0B00-5800-0000-0000678E005A,/etc/hosts:0,ta1-theia-1
1557757774.913:526114,CC7C9A7F-4BD4-5E0F-88B4-3EA111554703:null:null,READ,0100D00F-0B00-5800-0000-0000678E005A,/etc/hosts:0,ta1-theia-1
1557757774.913:526113,CC7C9A7F-4BD4-5E0F-88B4-3EA111554703:null:null,READ,0100D00F-0B00-5800-0000-0000678E005A,/etc/hosts:0,ta1-theia-1
1557757760.266:15725,94E4DFBD-838C-514F-903B-19CAECEF6F62:null:null,READ,0100D00F-0B00-5800-0000-0000678E005A,/etc/hosts:0,ta1-theia-1
1557757760.266:15724,94E4DFBD-838C-514F-903B-19CAECEF6F62:null:null,READ,0100D00F-0B00-5800-0000-0000678E005A,/etc/hosts:0,ta1-theia-1
1557757760.265:15720,94E4DFBD-838C-514F-903B-19CAECEF6F62:null:null,READ,0100D00F-0B00-5800-0000-0000678E005A,/etc/hosts:0,ta1-theia-1
1557757759.514:526089,CC7C9A7F-4BD4-5E0F-88B4-3EA111554703:null:null,READ,0100D00F-0B00-5800-0000-0000678E005A,/etc/hosts:0,ta1-theia-1
1557757759.514:526088,CC7C9A7F-4BD4-5E0F-88B4-3EA111554703:null:null,READ,0100D00F-0B00-5800-0000-0000678E005A,/etc/hosts:0,ta1-theia-1
1557757752.617:526048,CC7C9A7F-4BD4-5E0F-88B4-3EA111554703:null:null,READ,0100D00F-0B00-5800-0000-0000678E005A,/etc/hosts:0,ta1-theia-1
1557757752.617:526047,CC7C9A7F-4BD4-5E0F-88B4-3EA111554703:null:null,READ,0100D00F-0B00-5800-0000-0000678E005A,/etc/hosts:0,ta1-theia-1
1557757744.897:526012,CC7C9A7F-4BD4-5E0F-88B4-3EA111554703:null:null,READ,0100D00F-0B00-5800-0000-0000678E005A,/etc/hosts:0,ta1-theia-1
1557757744.897:526011,CC7C9A7F-4BD4-5E0F-88B4-3EA111554703:null:null,READ,0100D00F-0B00-5800-0000-0000678E005A,/etc/hosts:0,ta1-theia-1
1557757734.866:15713,94E4DFBD-838C-514F-903B-19CAECEF6F62:null:null,READ,0100D00F-0B00-5800-0000-0000678E005A,/etc/hosts:0,ta1-theia-1
1557757734.865:15712,94E4DFBD-838C-514F-903B-19CAECEF6F62:null:null,READ,0100D00F-0B00-5800-0000-0000678E005A,/etc/hosts:0,ta1-theia-1
1557757734.865:15708,94E4DFBD-838C-514F-903B-19CAECEF6F62:null:null,READ,0100D00F-0B00-5800-0000-0000678E005A,/etc/hosts:0,ta1-theia-1
1557757728.489:525982,CC7C9A7F-4BD4-5E0F-88B4-3EA111554703:null:null,READ,0100D00F-0B00-5800-0000-0000678E005A,/etc/hosts:0,ta1-theia-1
1557757728.489:525981,CC7C9A7F-4BD4-5E0F-88B4-3EA111554703:null:null,READ,0100D00F-0B00-5800-0000-0000678E005A,/etc/hosts:0,ta1-theia-1
1557757721.618:525946,CC7C9A7F-4BD4-5E0F-88B4-3EA111554703:null:null,READ,0100D00F-0B00-5800-0000-0000678E005A,/etc/hosts:0,ta1-theia-1
1557757721.618:525945,CC7C9A7F-4BD4-5E0F-88B4-3EA111554703:null:null,READ,0100D00F-0B00-5800-0000-0000678E005A,/etc/hosts:0,ta1-theia-1
1557757714.618:525911,CC7C9A7F-4BD4-5E0F-88B4-3EA111554703:null:null,READ,0100D00F-0B00-5800-0000-0000678E005A,/etc/hosts:0,ta1-theia-1
1557757714.618:525910,CC7C9A7F-4BD4-5E0F-88B4-3EA111554703:null:null,READ,0100D00F-0B00-5800-0000-0000678E005A,/etc/hosts:0,ta1-theia-1
1557757705.670:525870,CC7C9A7F-4BD4-5E0F-88B4-3EA111554703:null:null,READ,0100D00F-0B00-5800-0000-0000678E005A,/etc/hosts:0,ta1-theia-1
1557757705.670:525869,CC7C9A7F-4BD4-5E0F-88B4-3EA111554703:null:null,READ,0100D00F-0B00-5800-0000-0000678E005A,/etc/hosts:0,ta1-theia-1
1557757665.619:525829,CC7C9A7F-4BD4-5E0F-88B4-3EA111554703:null:null,READ,0100D00F-0B00-5800-0000-0000678E005A,/etc/hosts:0,ta1-theia-1
1557757665.619:525828,CC7C9A7F-4BD4-5E0F-88B4-3EA111554703:null:null,READ,0100D00F-0B00-5800-0000-0000678E005A,/etc/hosts:0,ta1-theia-1
1557757657.188:525788,CC7C9A7F-4BD4-5E0F-88B4-3EA111554703:null:null,READ,0100D00F-0B00-5800-0000-0000678E005A,/etc/hosts:0,ta1-theia-1
1557757657.188:525787,CC7C9A7F-4BD4-5E0F-88B4-3EA111554703:null:null,READ,0100D00F-0B00-5800-0000-0000678E005A,/etc/hosts:0,ta1-theia-1
1557757629.616:525747,CC7C9A7F-4BD4-5E0F-88B4-3EA111554703:null:null,READ,0100D00F-0B00-5800-0000-0000678E005A,/etc/hosts:0,ta1-theia-1
1557757629.616:525746,CC7C9A7F-4BD4-5E0F-88B4-3EA111554703:null:null,READ,0100D00F-0B00-5800-0000-0000678E005A,/etc/hosts:0,ta1-theia-1
1557757624.962:525711,CC7C9A7F-4BD4-5E0F-88B4-3EA111554703:null:null,READ,0100D00F-0B00-5800-0000-0000678E005A,/etc/hosts:0,ta1-theia-1
1557757624.962:525710,CC7C9A7F-4BD4-5E0F-88B4-3EA111554703:null:null,READ,0100D00F-0B00-5800-0000-0000678E005A,/etc/hosts:0,ta1-theia-1
1557757599.614:525676,CC7C9A7F-4BD4-5E0F-88B4-3EA111554703:null:null,READ,0100D00F-0B00-5800-0000-0000678E005A,/etc/hosts:0,ta1-theia-1
1557757599.614:525675,CC7C9A7F-4BD4-5E0F-88B4-3EA111554703:null:null,READ,0100D00F-0B00-5800-0000-0000678E005A,/etc/hosts:0,ta1-theia-1
1557757594.882:525639,CC7C9A7F-4BD4-5E0F-88B4-3EA111554703:null:null,READ,0100D00F-0B00-5800-0000-0000678E005A,/etc/hosts:0,ta1-theia-1
1557757594.881:525638,CC7C9A7F-4BD4-5E0F-88B4-3EA111554703:null:null,READ,0100D00F-0B00-5800-0000-0000678E005A,/etc/hosts:0,ta1-theia-1
1557757581.623:525614,CC7C9A7F-4BD4-5E0F-88B4-3EA111554703:null:null,READ,0100D00F-0B00-5800-0000-0000678E005A,/etc/hosts:0,ta1-theia-1
1557757581.623:525613,CC7C9A7F-4BD4-5E0F-88B4-3EA111554703:null:null,READ,0100D00F-0B00-5800-0000-0000678E005A,/etc/hosts:0,ta1-theia-1
1557757569.614:525573,CC7C9A7F-4BD4-5E0F-88B4-3EA111554703:null:null,READ,0100D00F-0B00-5800-0000-0000678E005A,/etc/hosts:0,ta1-theia-1
1557757569.614:525572,CC7C9A7F-4BD4-5E0F-88B4-3EA111554703:null:null,READ,0100D00F-0B00-5800-0000-0000678E005A,/etc/hosts:0,ta1-theia-1
1557757564.931:525537,CC7C9A7F-4BD4-5E0F-88B4-3EA111554703:null:null,READ,0100D00F-0B00-5800-0000-0000678E005A,/etc/hosts:0,ta1-theia-1
1557757564.931:525536,CC7C9A7F-4BD4-5E0F-88B4-3EA111554703:null:null,READ,0100D00F-0B00-5800-0000-0000678E005A,/etc/hosts:0,ta1-theia-1
1557757524.381:525482,CC7C9A7F-4BD4-5E0F-88B4-3EA111554703:null:null,READ,0100D00F-0B00-5800-0000-0000678E005A,/etc/hosts:0,ta1-theia-1
1557757524.381:525481,CC7C9A7F-4BD4-5E0F-88B4-3EA111554703:null:null,READ,0100D00F-0B00-5800-0000-0000678E005A,/etc/hosts:0,ta1-theia-1
1557757518.942:525437,CC7C9A7F-4BD4-5E0F-88B4-3EA111554703:null:null,READ,0100D00F-0B00-5800-0000-0000678E005A,/etc/hosts:0,ta1-theia-1
1557757518.942:525436,CC7C9A7F-4BD4-5E0F-88B4-3EA111554703:null:null,READ,0100D00F-0B00-5800-0000-0000678E005A,/etc/hosts:0,ta1-theia-1
1557757518.095:28,FC10BB22-9E07-5F34-9977-61E74D380497:b'sshd: admin [priv]  ':0,CLONE,DB15028E-1A33-5A83-B2E9-0DFEAF30D957,b'sshd: admin@notty   ':1003,ta1-theia-1
1557757518.094:591,95B7FDAE-D512-5484-B3B9-BEC89CD7F87C:b'/usr/sbin/sshd -D':0,CLONE,FC10BB22-9E07-5F34-9977-61E74D380497,b'sshd: admin [priv]  ':0,ta1-theia-1
1557757518.082:35,03194C1E-690A-51BF-8D51-275D45C276DA:b'sh -c /usr/bin/env -i PATH=/usr/local/sbin:/usr/local/bin:/usr/sbin:/usr/bin:/sbin:/bin run-parts --lsbsysinit /etc/update-motd.d > /var/run/motd.new':0,CLONE,736BD333-7286-5E36-A4D5-A151C9E020AB,b'run-parts --lsbsysinit /etc/update-motd.d':0,ta1-theia-1
1557757518.081:34,03194C1E-690A-51BF-8D51-275D45C276DA:b'sh -c /usr/bin/env -i PATH=/usr/local/sbin:/usr/local/bin:/usr/sbin:/usr/bin:/sbin:/bin run-parts --lsbsysinit /etc/update-motd.d > /var/run/motd.new':0,CLONE,A71B5E0B-AD28-54E1-A254-090A0D1834B4,b'run-parts --lsbsysinit /etc/update-motd.d':0,ta1-theia-1
1557757518.073:0,F286B277-FDA2-5DF6-86F5-7365AABA2A71:b'/bin/sh /usr/lib/update-notifier/update-motd-fsck-at-reboot':0,EXECUTE,0100D00F-9E00-3200-0000-0000B790005A,/bin/cat:0,ta1-theia-1
1557757518.073:43,9368A018-C2F5-5596-BA47-88950F2AD00F:b'run-parts --lsbsysinit /etc/update-motd.d':0,CLONE,F286B277-FDA2-5DF6-86F5-7365AABA2A71,b'/bin/sh /usr/lib/update-notifier/update-motd-fsck-at-reboot':0,ta1-theia-1
1557757518.067:40,9368A018-C2F5-5596-BA47-88950F2AD00F:b'run-parts --lsbsysinit /etc/update-motd.d':0,CLONE,FBE88CD9-744F-509E-AB86-D05B6C8CB4CD,b'/bin/sh /usr/lib/update-notifier/update-motd-fsck-at-reboot':0,ta1-theia-1
1557757518.066:36,9368A018-C2F5-5596-BA47-88950F2AD00F:b'run-parts --lsbsysinit /etc/update-motd.d':0,CLONE,555B78AF-B00A-5004-B67D-CF90E5683387,b'/bin/sh /usr/lib/update-notifier/update-motd-fsck-at-reboot':0,ta1-theia-1
1557757518.060:33,03194C1E-690A-51BF-8D51-275D45C276DA:b'sh -c /usr/bin/env -i PATH=/usr/local/sbin:/usr/local/bin:/usr/sbin:/usr/bin:/sbin:/bin run-parts --lsbsysinit /etc/update-motd.d > /var/run/motd.new':0,CLONE,9368A018-C2F5-5596-BA47-88950F2AD00F,b'run-parts --lsbsysinit /etc/update-motd.d':0,ta1-theia-1
1557757518.057:0,5C077BEA-EDF6-5BDD-B2E7-0D5D40590251:b'/bin/sh -e /usr/lib/update-notifier/update-motd-hwe-eol':0,EXECUTE,0100D00F-9E00-3200-0000-0000B790005A,/bin/cat:0,ta1-theia-1
1557757518.057:57,E9C40393-6793-5DC0-BDDB-BA4DCA744F91:b'run-parts --lsbsysinit /etc/update-motd.d':0,CLONE,5C077BEA-EDF6-5BDD-B2E7-0D5D40590251,b'/bin/sh -e /usr/lib/update-notifier/update-motd-hwe-eol':0,ta1-theia-1
1557757518.049:55,E9C40393-6793-5DC0-BDDB-BA4DCA744F91:b'run-parts --lsbsysinit /etc/update-motd.d':0,CLONE,1BE9ACA7-923F-5D93-8FB8-5B3B121442F3,b'/bin/sh -e /usr/lib/update-notifier/update-motd-hwe-eol':0,ta1-theia-1
1557757518.040:105,0B0FB274-CC9D-55E7-836E-2126343C52BC:b'/bin/sh -e /usr/lib/update-notifier/update-motd-hwe-eol':0,CLONE,3EC1A5F7-FE4B-56F4-8B97-EAC98DC4CD69,b'apt-config shell DpkgStatusDir Dir::State::status':0,ta1-theia-1
1557757518.037:51,E9C40393-6793-5DC0-BDDB-BA4DCA744F91:b'run-parts --lsbsysinit /etc/update-motd.d':0,CLONE,0B0FB274-CC9D-55E7-836E-2126343C52BC,b'/bin/sh -e /usr/lib/update-notifier/update-motd-hwe-eol':0,ta1-theia-1
1557757518.024:105,92F724DB-010B-5159-81FB-858E30A75940:b'/bin/sh -e /usr/lib/update-notifier/update-motd-hwe-eol':0,CLONE,5ADD45D4-3265-50CA-BC5F-F237D577A092,b'apt-config shell SourceList Dir::Etc::sourcelist':0,ta1-theia-1
1557757518.018:47,E9C40393-6793-5DC0-BDDB-BA4DCA744F91:b'run-parts --lsbsysinit /etc/update-motd.d':0,CLONE,92F724DB-010B-5159-81FB-858E30A75940,b'/bin/sh -e /usr/lib/update-notifier/update-motd-hwe-eol':0,ta1-theia-1
1557757518.012:105,B434ACC6-EF97-57EE-BAFA-45155D2EC15B:b'/bin/sh -e /usr/lib/update-notifier/update-motd-hwe-eol':0,CLONE,88D39EC8-6A96-53E7-8821-91B49CD93375,b'apt-config shell EtcDir Dir::Etc':0,ta1-theia-1
1557757518.006:43,E9C40393-6793-5DC0-BDDB-BA4DCA744F91:b'run-parts --lsbsysinit /etc/update-motd.d':0,CLONE,B434ACC6-EF97-57EE-BAFA-45155D2EC15B,b'/bin/sh -e /usr/lib/update-notifier/update-motd-hwe-eol':0,ta1-theia-1
1557757518.000:105,95633538-3914-5E9D-BA57-83292F670899:b'/bin/sh -e /usr/lib/update-notifier/update-motd-hwe-eol':0,CLONE,B72F00A9-9EDA-56E0-87BC-D82FC547BA92,b'apt-config shell ListDir Dir::State::Lists':0,ta1-theia-1
1557757517.997:39,E9C40393-6793-5DC0-BDDB-BA4DCA744F91:b'run-parts --lsbsysinit /etc/update-motd.d':0,CLONE,95633538-3914-5E9D-BA57-83292F670899,b'/bin/sh -e /usr/lib/update-notifier/update-motd-hwe-eol':0,ta1-theia-1
1557757517.989:105,D3936C9F-B793-53C5-AFB7-65DE19DAE382:b'/bin/sh -e /usr/lib/update-notifier/update-motd-hwe-eol':0,CLONE,075D57A8-3238-5EF3-AE2E-A4D89C8D411C,b'apt-config shell StateDir Dir::State':0,ta1-theia-1
1557757517.986:35,E9C40393-6793-5DC0-BDDB-BA4DCA744F91:b'run-parts --lsbsysinit /etc/update-motd.d':0,CLONE,D3936C9F-B793-53C5-AFB7-65DE19DAE382,b'/bin/sh -e /usr/lib/update-notifier/update-motd-hwe-eol':0,ta1-theia-1
1557757517.985:32,03194C1E-690A-51BF-8D51-275D45C276DA:b'sh -c /usr/bin/env -i PATH=/usr/local/sbin:/usr/local/bin:/usr/sbin:/usr/bin:/sbin:/bin run-parts --lsbsysinit /etc/update-motd.d > /var/run/motd.new':0,CLONE,E9C40393-6793-5DC0-BDDB-BA4DCA744F91,b'run-parts --lsbsysinit /etc/update-motd.d':0,ta1-theia-1
1557757517.978:0,EFABED50-6FA0-59CC-8DD5-8C091DEDFDAC:b'/bin/sh -e /usr/lib/update-manager/release-upgrade-motd':0,EXECUTE,0100D00F-9E00-3200-0000-0000B790005A,/bin/cat:0,ta1-theia-1
1557757517.978:34,36F7A26C-53B3-504D-B531-92093B3A665A:b'run-parts --lsbsysinit /etc/update-motd.d':0,CLONE,EFABED50-6FA0-59CC-8DD5-8C091DEDFDAC,b'/bin/sh -e /usr/lib/update-manager/release-upgrade-motd':0,ta1-theia-1
1557757517.977:31,03194C1E-690A-51BF-8D51-275D45C276DA:b'sh -c /usr/bin/env -i PATH=/usr/local/sbin:/usr/local/bin:/usr/sbin:/usr/bin:/sbin:/bin run-parts --lsbsysinit /etc/update-motd.d > /var/run/motd.new':0,CLONE,36F7A26C-53B3-504D-B531-92093B3A665A,b'run-parts --lsbsysinit /etc/update-motd.d':0,ta1-theia-1
1557757517.962:0,102C8329-346A-5CE0-9693-42F92FC7E580:b'/bin/sh -e /usr/lib/update-notifier/update-motd-updates-available':0,EXECUTE,0100D00F-9E00-3200-0000-0000B790005A,/bin/cat:0,ta1-theia-1
1557757517.962:447,9A1755C2-9F9C-5038-BC8A-AF108A940210:b'run-parts --lsbsysinit /etc/update-motd.d':0,CLONE,102C8329-346A-5CE0-9693-42F92FC7E580,b'/bin/sh -e /usr/lib/update-notifier/update-motd-updates-available':0,ta1-theia-1
1557757517.961:444,9A1755C2-9F9C-5038-BC8A-AF108A940210:b'run-parts --lsbsysinit /etc/update-motd.d':0,CLONE,8A6DA1E0-A1EB-5CAA-9EA2-90FDD4B13EA4,b'/bin/sh -e /usr/lib/update-notifier/update-motd-updates-available':0,ta1-theia-1
1557757517.948:105,F36AA876-94AA-5D25-A554-E5C541418A9B:b'/bin/sh -e /usr/lib/update-notifier/update-motd-updates-available':0,CLONE,E2EDEE6A-B7DB-52B6-9348-3A2E277F8AB5,b'apt-config shell SourceList Dir::Etc::sourcelist':0,ta1-theia-1
1557757517.942:440,9A1755C2-9F9C-5038-BC8A-AF108A940210:b'run-parts --lsbsysinit /etc/update-motd.d':0,CLONE,F36AA876-94AA-5D25-A554-E5C541418A9B,b'/bin/sh -e /usr/lib/update-notifier/update-motd-updates-available':0,ta1-theia-1
1557757517.936:105,9FE434F1-CFA0-5FDF-A5BE-47BAA62D2597:b'/bin/sh -e /usr/lib/update-notifier/update-motd-updates-available':0,CLONE,708A7E9B-A26F-5AE3-BD1E-698301D41A01,b'apt-config shell EtcDir Dir::Etc':0,ta1-theia-1
1557757517.933:436,9A1755C2-9F9C-5038-BC8A-AF108A940210:b'run-parts --lsbsysinit /etc/update-motd.d':0,CLONE,9FE434F1-CFA0-5FDF-A5BE-47BAA62D2597,b'/bin/sh -e /usr/lib/update-notifier/update-motd-updates-available':0,ta1-theia-1
1557757517.929:432,9A1755C2-9F9C-5038-BC8A-AF108A940210:b'run-parts --lsbsysinit /etc/update-motd.d':0,CLONE,E7D4E3BC-FDF5-5F1E-97ED-B2B86A1C6CBB,b'/bin/sh -e /usr/lib/update-notifier/update-motd-updates-available':0,ta1-theia-1
1557757517.921:428,9A1755C2-9F9C-5038-BC8A-AF108A940210:b'run-parts --lsbsysinit /etc/update-motd.d':0,CLONE,DBDE6002-8A77-560A-ACD1-6FA442D2A647,b'/bin/sh -e /usr/lib/update-notifier/update-motd-updates-available':0,ta1-theia-1
1557757517.920:424,9A1755C2-9F9C-5038-BC8A-AF108A940210:b'run-parts --lsbsysinit /etc/update-motd.d':0,CLONE,06E8EFFD-66C8-5466-8E55-67512464E7AB,b'/bin/sh -e /usr/lib/update-notifier/update-motd-updates-available':0,ta1-theia-1
1557757517.911:420,9A1755C2-9F9C-5038-BC8A-AF108A940210:b'run-parts --lsbsysinit /etc/update-motd.d':0,CLONE,EAF303B2-194E-5BB9-8FFF-6771C4431C4F,b'/bin/sh -e /usr/lib/update-notifier/update-motd-updates-available':0,ta1-theia-1
1557757517.910:416,9A1755C2-9F9C-5038-BC8A-AF108A940210:b'run-parts --lsbsysinit /etc/update-motd.d':0,CLONE,87316AAC-0A76-5B8B-9373-66110A155B4B,b'/bin/sh -e /usr/lib/update-notifier/update-motd-updates-available':0,ta1-theia-1
1557757517.905:412,9A1755C2-9F9C-5038-BC8A-AF108A940210:b'run-parts --lsbsysinit /etc/update-motd.d':0,CLONE,7A433D67-8FEC-5310-9448-1344CC409929,b'/bin/sh -e /usr/lib/update-notifier/update-motd-updates-available':0,ta1-theia-1
1557757517.779:408,9A1755C2-9F9C-5038-BC8A-AF108A940210:b'run-parts --lsbsysinit /etc/update-motd.d':0,CLONE,EAB111F4-2010-5293-88B4-5AC8D41EAAEF,b'/bin/sh -e /usr/lib/update-notifier/update-motd-updates-available':0,ta1-theia-1
1557757517.778:404,9A1755C2-9F9C-5038-BC8A-AF108A940210:b'run-parts --lsbsysinit /etc/update-motd.d':0,CLONE,AB431B12-C708-5B00-8C5D-DE7777B4174C,b'/bin/sh -e /usr/lib/update-notifier/update-motd-updates-available':0,ta1-theia-1
1557757517.774:400,9A1755C2-9F9C-5038-BC8A-AF108A940210:b'run-parts --lsbsysinit /etc/update-motd.d':0,CLONE,12F44F1D-0E51-502F-894B-E63D5D591589,b'/bin/sh -e /usr/lib/update-notifier/update-motd-updates-available':0,ta1-theia-1
1557757517.773:396,9A1755C2-9F9C-5038-BC8A-AF108A940210:b'run-parts --lsbsysinit /etc/update-motd.d':0,CLONE,86AA5C39-CE9B-5BE7-BD1C-BC7674D54953,b'/bin/sh -e /usr/lib/update-notifier/update-motd-updates-available':0,ta1-theia-1
1557757517.767:392,9A1755C2-9F9C-5038-BC8A-AF108A940210:b'run-parts --lsbsysinit /etc/update-motd.d':0,CLONE,7CD60829-B310-53B0-8A42-A8320D98D337,b'/bin/sh -e /usr/lib/update-notifier/update-motd-updates-available':0,ta1-theia-1
1557757517.766:388,9A1755C2-9F9C-5038-BC8A-AF108A940210:b'run-parts --lsbsysinit /etc/update-motd.d':0,CLONE,F8E95A69-6557-5F8F-BDB8-89EFA3481BB6,b'/bin/sh -e /usr/lib/update-notifier/update-motd-updates-available':0,ta1-theia-1
1557757517.758:384,9A1755C2-9F9C-5038-BC8A-AF108A940210:b'run-parts --lsbsysinit /etc/update-motd.d':0,CLONE,32F4DA7C-8568-5C00-ABAE-CFAEE7EAC697,b'/bin/sh -e /usr/lib/update-notifier/update-motd-updates-available':0,ta1-theia-1
1557757517.757:380,9A1755C2-9F9C-5038-BC8A-AF108A940210:b'run-parts --lsbsysinit /etc/update-motd.d':0,CLONE,3639219A-60EC-51F7-A7FC-E732292998A9,b'/bin/sh -e /usr/lib/update-notifier/update-motd-updates-available':0,ta1-theia-1
1557757517.749:376,9A1755C2-9F9C-5038-BC8A-AF108A940210:b'run-parts --lsbsysinit /etc/update-motd.d':0,CLONE,90200D51-3521-58C2-982B-02FE63A2635C,b'/bin/sh -e /usr/lib/update-notifier/update-motd-updates-available':0,ta1-theia-1
1557757517.747:372,9A1755C2-9F9C-5038-BC8A-AF108A940210:b'run-parts --lsbsysinit /etc/update-motd.d':0,CLONE,6B2E654A-8B51-5335-8FB2-E6856896DF82,b'/bin/sh -e /usr/lib/update-notifier/update-motd-updates-available':0,ta1-theia-1
1557757517.746:368,9A1755C2-9F9C-5038-BC8A-AF108A940210:b'run-parts --lsbsysinit /etc/update-motd.d':0,CLONE,01F1B2F2-CF96-5BA1-A984-50C2101D5504,b'/bin/sh -e /usr/lib/update-notifier/update-motd-updates-available':0,ta1-theia-1
1557757517.712:364,9A1755C2-9F9C-5038-BC8A-AF108A940210:b'run-parts --lsbsysinit /etc/update-motd.d':0,CLONE,BD5FAB2B-B8B9-5063-B54B-C75C2426FDEE,b'/bin/sh -e /usr/lib/update-notifier/update-motd-updates-available':0,ta1-theia-1
1557757517.709:360,9A1755C2-9F9C-5038-BC8A-AF108A940210:b'run-parts --lsbsysinit /etc/update-motd.d':0,CLONE,773B8CC3-88C3-5A5C-B9B9-ABEAC3F63E38,b'/bin/sh -e /usr/lib/update-notifier/update-motd-updates-available':0,ta1-theia-1
1557757517.700:356,9A1755C2-9F9C-5038-BC8A-AF108A940210:b'run-parts --lsbsysinit /etc/update-motd.d':0,CLONE,8BD0E88D-B29A-58D2-B08B-67EA6532EDD1,b'/bin/sh -e /usr/lib/update-notifier/update-motd-updates-available':0,ta1-theia-1
1557757517.699:352,9A1755C2-9F9C-5038-BC8A-AF108A940210:b'run-parts --lsbsysinit /etc/update-motd.d':0,CLONE,9B70C31A-FE1A-5D7E-BA2A-D10CD2F6E55C,b'/bin/sh -e /usr/lib/update-notifier/update-motd-updates-available':0,ta1-theia-1
1557757517.691:348,9A1755C2-9F9C-5038-BC8A-AF108A940210:b'run-parts --lsbsysinit /etc/update-motd.d':0,CLONE,59AA09E9-DD88-52D5-AB46-BF79DF8277FD,b'/bin/sh -e /usr/lib/update-notifier/update-motd-updates-available':0,ta1-theia-1
1557757517.689:344,9A1755C2-9F9C-5038-BC8A-AF108A940210:b'run-parts --lsbsysinit /etc/update-motd.d':0,CLONE,95BF4ADE-1547-5447-A86C-C7627A231FB8,b'/bin/sh -e /usr/lib/update-notifier/update-motd-updates-available':0,ta1-theia-1
1557757517.688:340,9A1755C2-9F9C-5038-BC8A-AF108A940210:b'run-parts --lsbsysinit /etc/update-motd.d':0,CLONE,783C9D24-E495-522A-BFC4-C3FDC0D1760B,b'/bin/sh -e /usr/lib/update-notifier/update-motd-updates-available':0,ta1-theia-1
1557757517.686:336,9A1755C2-9F9C-5038-BC8A-AF108A940210:b'run-parts --lsbsysinit /etc/update-motd.d':0,CLONE,8889D56E-ACE3-52A9-8B80-2BA427DBBA57,b'/bin/sh -e /usr/lib/update-notifier/update-motd-updates-available':0,ta1-theia-1
1557757517.677:332,9A1755C2-9F9C-5038-BC8A-AF108A940210:b'run-parts --lsbsysinit /etc/update-motd.d':0,CLONE,4E8BB7CA-DB08-5C6D-BFED-6F688347A71B,b'/bin/sh -e /usr/lib/update-notifier/update-motd-updates-available':0,ta1-theia-1
1557757517.675:328,9A1755C2-9F9C-5038-BC8A-AF108A940210:b'run-parts --lsbsysinit /etc/update-motd.d':0,CLONE,96536017-931D-536A-966E-2D9BC67319EC,b'/bin/sh -e /usr/lib/update-notifier/update-motd-updates-available':0,ta1-theia-1
1557757517.672:324,9A1755C2-9F9C-5038-BC8A-AF108A940210:b'run-parts --lsbsysinit /etc/update-motd.d':0,CLONE,E9FFBAE2-F737-5F0E-969A-A873B661518A,b'/bin/sh -e /usr/lib/update-notifier/update-motd-updates-available':0,ta1-theia-1
1557757517.664:320,9A1755C2-9F9C-5038-BC8A-AF108A940210:b'run-parts --lsbsysinit /etc/update-motd.d':0,CLONE,EFF9E0D9-1DC7-5A1C-80E0-2838CBDE2468,b'/bin/sh -e /usr/lib/update-notifier/update-motd-updates-available':0,ta1-theia-1
1557757517.662:316,9A1755C2-9F9C-5038-BC8A-AF108A940210:b'run-parts --lsbsysinit /etc/update-motd.d':0,CLONE,314347B1-6700-5742-8F6D-E468860A517A,b'/bin/sh -e /usr/lib/update-notifier/update-motd-updates-available':0,ta1-theia-1
1557757517.654:312,9A1755C2-9F9C-5038-BC8A-AF108A940210:b'run-parts --lsbsysinit /etc/update-motd.d':0,CLONE,E6360D39-8724-571B-BC4E-225D696C7D9C,b'/bin/sh -e /usr/lib/update-notifier/update-motd-updates-available':0,ta1-theia-1
1557757517.650:308,9A1755C2-9F9C-5038-BC8A-AF108A940210:b'run-parts --lsbsysinit /etc/update-motd.d':0,CLONE,35448F32-8F12-592F-BD69-81EC66E4021A,b'/bin/sh -e /usr/lib/update-notifier/update-motd-updates-available':0,ta1-theia-1
1557757517.647:304,9A1755C2-9F9C-5038-BC8A-AF108A940210:b'run-parts --lsbsysinit /etc/update-motd.d':0,CLONE,1C14CA39-B485-5E04-B372-E125A685CA4E,b'/bin/sh -e /usr/lib/update-notifier/update-motd-updates-available':0,ta1-theia-1
1557757517.641:300,9A1755C2-9F9C-5038-BC8A-AF108A940210:b'run-parts --lsbsysinit /etc/update-motd.d':0,CLONE,321886A2-0219-5A5D-B2E5-51E5CF0FC1F5,b'/bin/sh -e /usr/lib/update-notifier/update-motd-updates-available':0,ta1-theia-1
1557757517.570:296,9A1755C2-9F9C-5038-BC8A-AF108A940210:b'run-parts --lsbsysinit /etc/update-motd.d':0,CLONE,8BDA21EA-C76D-52B7-AB43-B028E1C1661D,b'/bin/sh -e /usr/lib/update-notifier/update-motd-updates-available':0,ta1-theia-1
1557757517.569:292,9A1755C2-9F9C-5038-BC8A-AF108A940210:b'run-parts --lsbsysinit /etc/update-motd.d':0,CLONE,AF922DF3-139E-537C-A287-A08BFB1E0237,b'/bin/sh -e /usr/lib/update-notifier/update-motd-updates-available':0,ta1-theia-1
1557757517.568:288,9A1755C2-9F9C-5038-BC8A-AF108A940210:b'run-parts --lsbsysinit /etc/update-motd.d':0,CLONE,615F5F3A-0E11-5353-91F1-E1371CA6A95D,b'/bin/sh -e /usr/lib/update-notifier/update-motd-updates-available':0,ta1-theia-1
1557757517.567:284,9A1755C2-9F9C-5038-BC8A-AF108A940210:b'run-parts --lsbsysinit /etc/update-motd.d':0,CLONE,ECCEB479-537D-5839-AC39-4AA73D57B4FF,b'/bin/sh -e /usr/lib/update-notifier/update-motd-updates-available':0,ta1-theia-1
1557757517.558:280,9A1755C2-9F9C-5038-BC8A-AF108A940210:b'run-parts --lsbsysinit /etc/update-motd.d':0,CLONE,8DCEB0F1-B2C7-5D53-9244-59FBFAD71ABC,b'/bin/sh -e /usr/lib/update-notifier/update-motd-updates-available':0,ta1-theia-1
1557757517.557:276,9A1755C2-9F9C-5038-BC8A-AF108A940210:b'run-parts --lsbsysinit /etc/update-motd.d':0,CLONE,32081F84-73A7-5D52-B98E-D47E3DF285C6,b'/bin/sh -e /usr/lib/update-notifier/update-motd-updates-available':0,ta1-theia-1
1557757517.550:272,9A1755C2-9F9C-5038-BC8A-AF108A940210:b'run-parts --lsbsysinit /etc/update-motd.d':0,CLONE,CA2A4F02-2DC4-5A00-8F0E-83080D413668,b'/bin/sh -e /usr/lib/update-notifier/update-motd-updates-available':0,ta1-theia-1
1557757517.549:268,9A1755C2-9F9C-5038-BC8A-AF108A940210:b'run-parts --lsbsysinit /etc/update-motd.d':0,CLONE,E3A2D5B2-BAF9-53ED-85B6-8D9A8F373F2F,b'/bin/sh -e /usr/lib/update-notifier/update-motd-updates-available':0,ta1-theia-1
1557757517.538:264,9A1755C2-9F9C-5038-BC8A-AF108A940210:b'run-parts --lsbsysinit /etc/update-motd.d':0,CLONE,A5BF2E01-B2CA-5B44-B0DC-42AF0935A067,b'/bin/sh -e /usr/lib/update-notifier/update-motd-updates-available':0,ta1-theia-1
1557757517.537:260,9A1755C2-9F9C-5038-BC8A-AF108A940210:b'run-parts --lsbsysinit /etc/update-motd.d':0,CLONE,DC11A9FA-BB3A-5AE6-8FC6-C10A044ECD09,b'/bin/sh -e /usr/lib/update-notifier/update-motd-updates-available':0,ta1-theia-1
1557757517.530:256,9A1755C2-9F9C-5038-BC8A-AF108A940210:b'run-parts --lsbsysinit /etc/update-motd.d':0,CLONE,040C0B2D-10BF-589E-BA05-7F5A36CE800A,b'/bin/sh -e /usr/lib/update-notifier/update-motd-updates-available':0,ta1-theia-1
1557757517.526:252,9A1755C2-9F9C-5038-BC8A-AF108A940210:b'run-parts --lsbsysinit /etc/update-motd.d':0,CLONE,9544CB83-63EA-5FC1-9567-F27FB5057B51,b'/bin/sh -e /usr/lib/update-notifier/update-motd-updates-available':0,ta1-theia-1
1557757517.517:248,9A1755C2-9F9C-5038-BC8A-AF108A940210:b'run-parts --lsbsysinit /etc/update-motd.d':0,CLONE,02900228-48C7-5586-AFCD-B04F50E199A7,b'/bin/sh -e /usr/lib/update-notifier/update-motd-updates-available':0,ta1-theia-1
1557757517.513:244,9A1755C2-9F9C-5038-BC8A-AF108A940210:b'run-parts --lsbsysinit /etc/update-motd.d':0,CLONE,C07EC4CA-F895-5DBC-8C89-45D48AA8E34A,b'/bin/sh -e /usr/lib/update-notifier/update-motd-updates-available':0,ta1-theia-1
1557757517.504:240,9A1755C2-9F9C-5038-BC8A-AF108A940210:b'run-parts --lsbsysinit /etc/update-motd.d':0,CLONE,6E0C51B6-BBDC-5649-8E4D-C133392B463D,b'/bin/sh -e /usr/lib/update-notifier/update-motd-updates-available':0,ta1-theia-1
1557757517.503:236,9A1755C2-9F9C-5038-BC8A-AF108A940210:b'run-parts --lsbsysinit /etc/update-motd.d':0,CLONE,F4EE5FE3-A34C-5A8B-80BC-952F6760B595,b'/bin/sh -e /usr/lib/update-notifier/update-motd-updates-available':0,ta1-theia-1
1557757517.494:232,9A1755C2-9F9C-5038-BC8A-AF108A940210:b'run-parts --lsbsysinit /etc/update-motd.d':0,CLONE,A476439A-D3E4-5DF5-82E4-0E70E6FD3136,b'/bin/sh -e /usr/lib/update-notifier/update-motd-updates-available':0,ta1-theia-1
1557757517.493:228,9A1755C2-9F9C-5038-BC8A-AF108A940210:b'run-parts --lsbsysinit /etc/update-motd.d':0,CLONE,4823DC0E-B53F-5293-8AD1-647A4D643791,b'/bin/sh -e /usr/lib/update-notifier/update-motd-updates-available':0,ta1-theia-1
1557757517.486:224,9A1755C2-9F9C-5038-BC8A-AF108A940210:b'run-parts --lsbsysinit /etc/update-motd.d':0,CLONE,8E9397BE-F6AB-55A3-A5DE-39A8FF2FDD9E,b'/bin/sh -e /usr/lib/update-notifier/update-motd-updates-available':0,ta1-theia-1
1557757517.485:220,9A1755C2-9F9C-5038-BC8A-AF108A940210:b'run-parts --lsbsysinit /etc/update-motd.d':0,CLONE,135666FC-857D-528E-894A-1D3F57A9C77B,b'/bin/sh -e /usr/lib/update-notifier/update-motd-updates-available':0,ta1-theia-1
1557757517.474:216,9A1755C2-9F9C-5038-BC8A-AF108A940210:b'run-parts --lsbsysinit /etc/update-motd.d':0,CLONE,81E79732-5AE7-5C0E-8A00-2F8AB6A673DF,b'/bin/sh -e /usr/lib/update-notifier/update-motd-updates-available':0,ta1-theia-1
1557757517.473:212,9A1755C2-9F9C-5038-BC8A-AF108A940210:b'run-parts --lsbsysinit /etc/update-motd.d':0,CLONE,61FC968C-C496-511A-A010-C6C86EE51F2B,b'/bin/sh -e /usr/lib/update-notifier/update-motd-updates-available':0,ta1-theia-1
1557757517.462:208,9A1755C2-9F9C-5038-BC8A-AF108A940210:b'run-parts --lsbsysinit /etc/update-motd.d':0,CLONE,90208997-7D34-5321-A48C-4F0A83E7CB03,b'/bin/sh -e /usr/lib/update-notifier/update-motd-updates-available':0,ta1-theia-1
1557757517.461:204,9A1755C2-9F9C-5038-BC8A-AF108A940210:b'run-parts --lsbsysinit /etc/update-motd.d':0,CLONE,D18EEE07-6B17-5528-917B-EEF38991F369,b'/bin/sh -e /usr/lib/update-notifier/update-motd-updates-available':0,ta1-theia-1
1557757517.453:200,9A1755C2-9F9C-5038-BC8A-AF108A940210:b'run-parts --lsbsysinit /etc/update-motd.d':0,CLONE,22E462EC-3925-5A53-BFD9-2A4124595D15,b'/bin/sh -e /usr/lib/update-notifier/update-motd-updates-available':0,ta1-theia-1
1557757517.449:196,9A1755C2-9F9C-5038-BC8A-AF108A940210:b'run-parts --lsbsysinit /etc/update-motd.d':0,CLONE,6BEBCA58-CC04-5680-A57C-36FA9817EE7F,b'/bin/sh -e /usr/lib/update-notifier/update-motd-updates-available':0,ta1-theia-1
1557757517.441:192,9A1755C2-9F9C-5038-BC8A-AF108A940210:b'run-parts --lsbsysinit /etc/update-motd.d':0,CLONE,87CDBF4F-F5B4-57EA-B9C9-75753456B143,b'/bin/sh -e /usr/lib/update-notifier/update-motd-updates-available':0,ta1-theia-1
1557757517.439:188,9A1755C2-9F9C-5038-BC8A-AF108A940210:b'run-parts --lsbsysinit /etc/update-motd.d':0,CLONE,34A74E2C-984E-5CA2-9ACC-D36F9F3A25F4,b'/bin/sh -e /usr/lib/update-notifier/update-motd-updates-available':0,ta1-theia-1
1557757517.431:184,9A1755C2-9F9C-5038-BC8A-AF108A940210:b'run-parts --lsbsysinit /etc/update-motd.d':0,CLONE,A46AAD0F-8245-55ED-9745-1CA15774F073,b'/bin/sh -e /usr/lib/update-notifier/update-motd-updates-available':0,ta1-theia-1
1557757517.430:180,9A1755C2-9F9C-5038-BC8A-AF108A940210:b'run-parts --lsbsysinit /etc/update-motd.d':0,CLONE,F25B3B5F-14D6-5AD4-A915-E48272AB8CFD,b'/bin/sh -e /usr/lib/update-notifier/update-motd-updates-available':0,ta1-theia-1
1557757517.422:176,9A1755C2-9F9C-5038-BC8A-AF108A940210:b'run-parts --lsbsysinit /etc/update-motd.d':0,CLONE,7421F41E-E3BA-5D45-810F-F71A9A7F830B,b'/bin/sh -e /usr/lib/update-notifier/update-motd-updates-available':0,ta1-theia-1
1557757517.421:172,9A1755C2-9F9C-5038-BC8A-AF108A940210:b'run-parts --lsbsysinit /etc/update-motd.d':0,CLONE,CCC58F6C-AFF9-541E-BDFE-EECA4EB1B4AF,b'/bin/sh -e /usr/lib/update-notifier/update-motd-updates-available':0,ta1-theia-1
1557757517.412:168,9A1755C2-9F9C-5038-BC8A-AF108A940210:b'run-parts --lsbsysinit /etc/update-motd.d':0,CLONE,34E5ADD1-0238-5019-A139-08A2111A9FFC,b'/bin/sh -e /usr/lib/update-notifier/update-motd-updates-available':0,ta1-theia-1
1557757517.409:164,9A1755C2-9F9C-5038-BC8A-AF108A940210:b'run-parts --lsbsysinit /etc/update-motd.d':0,CLONE,529867A1-33F0-5091-B5C1-C23D77141A6E,b'/bin/sh -e /usr/lib/update-notifier/update-motd-updates-available':0,ta1-theia-1
1557757517.387:160,9A1755C2-9F9C-5038-BC8A-AF108A940210:b'run-parts --lsbsysinit /etc/update-motd.d':0,CLONE,CF833708-9F00-583E-BA20-48D33EC12721,b'/bin/sh -e /usr/lib/update-notifier/update-motd-updates-available':0,ta1-theia-1
1557757517.386:156,9A1755C2-9F9C-5038-BC8A-AF108A940210:b'run-parts --lsbsysinit /etc/update-motd.d':0,CLONE,A4F7CE8E-AA21-52E0-9AE9-D88FB7811ADC,b'/bin/sh -e /usr/lib/update-notifier/update-motd-updates-available':0,ta1-theia-1
1557757517.382:152,9A1755C2-9F9C-5038-BC8A-AF108A940210:b'run-parts --lsbsysinit /etc/update-motd.d':0,CLONE,56236074-F3A5-51C5-A211-034ED22D76DB,b'/bin/sh -e /usr/lib/update-notifier/update-motd-updates-available':0,ta1-theia-1
1557757517.381:148,9A1755C2-9F9C-5038-BC8A-AF108A940210:b'run-parts --lsbsysinit /etc/update-motd.d':0,CLONE,FE2D7CB1-8E1F-5BB9-A290-1F1E8EBD6F38,b'/bin/sh -e /usr/lib/update-notifier/update-motd-updates-available':0,ta1-theia-1
1557757517.373:144,9A1755C2-9F9C-5038-BC8A-AF108A940210:b'run-parts --lsbsysinit /etc/update-motd.d':0,CLONE,02C58ACA-18A8-5704-A6A7-E2CF46FEA324,b'/bin/sh -e /usr/lib/update-notifier/update-motd-updates-available':0,ta1-theia-1
1557757517.369:140,9A1755C2-9F9C-5038-BC8A-AF108A940210:b'run-parts --lsbsysinit /etc/update-motd.d':0,CLONE,7520F150-C7DC-5280-9821-7919266B0B15,b'/bin/sh -e /usr/lib/update-notifier/update-motd-updates-available':0,ta1-theia-1
1557757517.361:136,9A1755C2-9F9C-5038-BC8A-AF108A940210:b'run-parts --lsbsysinit /etc/update-motd.d':0,CLONE,12A77D9D-4783-5E41-BD93-44C7D751B0DE,b'/bin/sh -e /usr/lib/update-notifier/update-motd-updates-available':0,ta1-theia-1
1557757517.357:132,9A1755C2-9F9C-5038-BC8A-AF108A940210:b'run-parts --lsbsysinit /etc/update-motd.d':0,CLONE,5BB7791B-D596-5C93-A917-02E577121B6D,b'/bin/sh -e /usr/lib/update-notifier/update-motd-updates-available':0,ta1-theia-1
1557757517.349:128,9A1755C2-9F9C-5038-BC8A-AF108A940210:b'run-parts --lsbsysinit /etc/update-motd.d':0,CLONE,7FB37DCB-893F-5052-AE03-682F7C460BD5,b'/bin/sh -e /usr/lib/update-notifier/update-motd-updates-available':0,ta1-theia-1
1557757517.348:124,9A1755C2-9F9C-5038-BC8A-AF108A940210:b'run-parts --lsbsysinit /etc/update-motd.d':0,CLONE,2D96DC85-759D-5148-8D35-5A1643133CD5,b'/bin/sh -e /usr/lib/update-notifier/update-motd-updates-available':0,ta1-theia-1
1557757517.339:120,9A1755C2-9F9C-5038-BC8A-AF108A940210:b'run-parts --lsbsysinit /etc/update-motd.d':0,CLONE,0275CB07-7294-5912-AF87-3B8A37DA313C,b'/bin/sh -e /usr/lib/update-notifier/update-motd-updates-available':0,ta1-theia-1
1557757517.338:116,9A1755C2-9F9C-5038-BC8A-AF108A940210:b'run-parts --lsbsysinit /etc/update-motd.d':0,CLONE,634A3BE2-FAE1-5524-B034-17D6E1A08BE5,b'/bin/sh -e /usr/lib/update-notifier/update-motd-updates-available':0,ta1-theia-1
1557757517.330:112,9A1755C2-9F9C-5038-BC8A-AF108A940210:b'run-parts --lsbsysinit /etc/update-motd.d':0,CLONE,53D7F968-49D5-564A-B8DD-B73778CEE2C7,b'/bin/sh -e /usr/lib/update-notifier/update-motd-updates-available':0,ta1-theia-1
1557757517.329:108,9A1755C2-9F9C-5038-BC8A-AF108A940210:b'run-parts --lsbsysinit /etc/update-motd.d':0,CLONE,A8624E3A-9D18-56B0-91FB-DF90AE6D6301,b'/bin/sh -e /usr/lib/update-notifier/update-motd-updates-available':0,ta1-theia-1
1557757517.318:104,9A1755C2-9F9C-5038-BC8A-AF108A940210:b'run-parts --lsbsysinit /etc/update-motd.d':0,CLONE,B50C9BDD-ECE0-501D-BB11-EF88F4E4E342,b'/bin/sh -e /usr/lib/update-notifier/update-motd-updates-available':0,ta1-theia-1
1557757517.317:100,9A1755C2-9F9C-5038-BC8A-AF108A940210:b'run-parts --lsbsysinit /etc/update-motd.d':0,CLONE,0C47956F-CF34-58B7-BA55-D0D95737732E,b'/bin/sh -e /usr/lib/update-notifier/update-motd-updates-available':0,ta1-theia-1
1557757517.306:96,9A1755C2-9F9C-5038-BC8A-AF108A940210:b'run-parts --lsbsysinit /etc/update-motd.d':0,CLONE,D3875930-C7E7-5C10-9C08-DF2BE9B830EC,b'/bin/sh -e /usr/lib/update-notifier/update-motd-updates-available':0,ta1-theia-1
1557757517.305:92,9A1755C2-9F9C-5038-BC8A-AF108A940210:b'run-parts --lsbsysinit /etc/update-motd.d':0,CLONE,A9C25885-A49A-5858-B723-813DDD225CAD,b'/bin/sh -e /usr/lib/update-notifier/update-motd-updates-available':0,ta1-theia-1
1557757517.297:88,9A1755C2-9F9C-5038-BC8A-AF108A940210:b'run-parts --lsbsysinit /etc/update-motd.d':0,CLONE,4162CC17-98B2-546B-ADAE-BDD7F746EA1E,b'/bin/sh -e /usr/lib/update-notifier/update-motd-updates-available':0,ta1-theia-1
1557757517.293:84,9A1755C2-9F9C-5038-BC8A-AF108A940210:b'run-parts --lsbsysinit /etc/update-motd.d':0,CLONE,16C7D7A1-637E-56B5-A4DC-A9D8BE04AF00,b'/bin/sh -e /usr/lib/update-notifier/update-motd-updates-available':0,ta1-theia-1
1557757517.285:80,9A1755C2-9F9C-5038-BC8A-AF108A940210:b'run-parts --lsbsysinit /etc/update-motd.d':0,CLONE,691F1774-36C5-5563-8863-A730392CF232,b'/bin/sh -e /usr/lib/update-notifier/update-motd-updates-available':0,ta1-theia-1
1557757517.284:76,9A1755C2-9F9C-5038-BC8A-AF108A940210:b'run-parts --lsbsysinit /etc/update-motd.d':0,CLONE,9B43B66C-6D94-5391-8E1F-BD62FAC44AF3,b'/bin/sh -e /usr/lib/update-notifier/update-motd-updates-available':0,ta1-theia-1
1557757517.274:72,9A1755C2-9F9C-5038-BC8A-AF108A940210:b'run-parts --lsbsysinit /etc/update-motd.d':0,CLONE,37079644-70AE-5C76-B969-323857661421,b'/bin/sh -e /usr/lib/update-notifier/update-motd-updates-available':0,ta1-theia-1
1557757517.273:68,9A1755C2-9F9C-5038-BC8A-AF108A940210:b'run-parts --lsbsysinit /etc/update-motd.d':0,CLONE,0641BC3E-323B-5277-BFF8-CF204A0E0E61,b'/bin/sh -e /usr/lib/update-notifier/update-motd-updates-available':0,ta1-theia-1
1557757517.266:64,9A1755C2-9F9C-5038-BC8A-AF108A940210:b'run-parts --lsbsysinit /etc/update-motd.d':0,CLONE,6D48AEB2-98AC-53A8-8F58-67EAB1FE7B32,b'/bin/sh -e /usr/lib/update-notifier/update-motd-updates-available':0,ta1-theia-1
1557757517.265:60,9A1755C2-9F9C-5038-BC8A-AF108A940210:b'run-parts --lsbsysinit /etc/update-motd.d':0,CLONE,FD2EA111-5770-52E9-B041-275FA2A76CC1,b'/bin/sh -e /usr/lib/update-notifier/update-motd-updates-available':0,ta1-theia-1
1557757517.259:56,9A1755C2-9F9C-5038-BC8A-AF108A940210:b'run-parts --lsbsysinit /etc/update-motd.d':0,CLONE,AC6A14A3-2583-5575-89CB-DD9B486580D7,b'/bin/sh -e /usr/lib/update-notifier/update-motd-updates-available':0,ta1-theia-1
1557757517.258:52,9A1755C2-9F9C-5038-BC8A-AF108A940210:b'run-parts --lsbsysinit /etc/update-motd.d':0,CLONE,432E5EEC-AFD2-5155-AC2D-54B296FABD99,b'/bin/sh -e /usr/lib/update-notifier/update-motd-updates-available':0,ta1-theia-1
1557757517.249:48,9A1755C2-9F9C-5038-BC8A-AF108A940210:b'run-parts --lsbsysinit /etc/update-motd.d':0,CLONE,530B2625-E03D-515B-9464-BA571639B583,b'/bin/sh -e /usr/lib/update-notifier/update-motd-updates-available':0,ta1-theia-1
1557757517.240:105,A6890784-BECC-5259-ACBF-BFDA1CC6BEED:b'/bin/sh -e /usr/lib/update-notifier/update-motd-updates-available':0,CLONE,F2CD0038-8360-5CB6-BAB3-8AFC2BA96679,b'apt-config shell ListDir Dir::State::Lists':0,ta1-theia-1
1557757517.237:43,9A1755C2-9F9C-5038-BC8A-AF108A940210:b'run-parts --lsbsysinit /etc/update-motd.d':0,CLONE,A6890784-BECC-5259-ACBF-BFDA1CC6BEED,b'/bin/sh -e /usr/lib/update-notifier/update-motd-updates-available':0,ta1-theia-1
1557757517.228:105,236FC1AD-D392-5F1B-AC6E-6C4FDC3E5601:b'/bin/sh -e /usr/lib/update-notifier/update-motd-updates-available':0,CLONE,B6B670E1-3918-558B-A909-FB4E9A0B0A64,b'apt-config shell StateDir Dir::State':0,ta1-theia-1
1557757517.225:39,9A1755C2-9F9C-5038-BC8A-AF108A940210:b'run-parts --lsbsysinit /etc/update-motd.d':0,CLONE,236FC1AD-D392-5F1B-AC6E-6C4FDC3E5601,b'/bin/sh -e /usr/lib/update-notifier/update-motd-updates-available':0,ta1-theia-1
1557757517.211:35,9A1755C2-9F9C-5038-BC8A-AF108A940210:b'run-parts --lsbsysinit /etc/update-motd.d':0,CLONE,F96DF16A-69FD-5547-97C2-1882E019DADD,b'/bin/sh -e /usr/lib/update-notifier/update-motd-updates-available':0,ta1-theia-1
1557757517.209:30,03194C1E-690A-51BF-8D51-275D45C276DA:b'sh -c /usr/bin/env -i PATH=/usr/local/sbin:/usr/local/bin:/usr/sbin:/usr/bin:/sbin:/bin run-parts --lsbsysinit /etc/update-motd.d > /var/run/motd.new':0,CLONE,9A1755C2-9F9C-5038-BC8A-AF108A940210,b'run-parts --lsbsysinit /etc/update-motd.d':0,ta1-theia-1
1557757517.165:4,5D10EA91-CE19-5AEC-A646-A5DB520BEAC8:b'/usr/bin/python /usr/bin/landscape-sysinfo':0,EXECUTE,0100D00F-C326-0C00-0000-0000B790005A,/usr/bin/who:0,ta1-theia-1
1557757517.161:5054,86C84243-034C-5B98-ADB5-37E965CAAD05:b'/bin/sh /etc/update-motd.d/50-landscape-sysinfo':0,CLONE,5D10EA91-CE19-5AEC-A646-A5DB520BEAC8,b'/usr/bin/python /usr/bin/landscape-sysinfo':0,ta1-theia-1
1557757517.033:1903,86C84243-034C-5B98-ADB5-37E965CAAD05:b'/bin/sh /etc/update-motd.d/50-landscape-sysinfo':0,CLONE,21439815-B8B8-544E-B07E-CBB6CE05695C,b'/usr/bin/python /usr/bin/landscape-sysinfo':0,ta1-theia-1
1557757516.987:16,787A7E0C-3606-5911-8652-3B08F9CE20BC:b'/usr/bin/python /usr/bin/landscape-sysinfo':0,CLONE,8F48FF95-BE69-5305-9BF8-863C04395BC6,b'sh -c /sbin/ldconfig -p 2>/dev/null':0,ta1-theia-1
1557757516.986:1732,86C84243-034C-5B98-ADB5-37E965CAAD05:b'/bin/sh /etc/update-motd.d/50-landscape-sysinfo':0,CLONE,787A7E0C-3606-5911-8652-3B08F9CE20BC,b'/usr/bin/python /usr/bin/landscape-sysinfo':0,ta1-theia-1
1557757516.977:16,53682F3D-C15E-5CE9-92CA-18684613E50E:b'/usr/bin/python /usr/bin/landscape-sysinfo':0,CLONE,3D8371CE-3364-5D71-941B-C619BE207019,b'sh -c /sbin/ldconfig -p 2>/dev/null':0,ta1-theia-1
1557757516.976:1707,86C84243-034C-5B98-ADB5-37E965CAAD05:b'/bin/sh /etc/update-motd.d/50-landscape-sysinfo':0,CLONE,53682F3D-C15E-5CE9-92CA-18684613E50E,b'/usr/bin/python /usr/bin/landscape-sysinfo':0,ta1-theia-1
1557757516.653:29,3C213F9D-881A-530D-B19F-9370E6D81CA3:b'run-parts --lsbsysinit /etc/update-motd.d':0,CLONE,86C84243-034C-5B98-ADB5-37E965CAAD05,b'/bin/sh /etc/update-motd.d/50-landscape-sysinfo':0,ta1-theia-1
1557757516.581:27,3C213F9D-881A-530D-B19F-9370E6D81CA3:b'run-parts --lsbsysinit /etc/update-motd.d':0,CLONE,9F249DC5-6181-5FF9-A8FF-A38F6FE17419,b'/bin/sh /etc/update-motd.d/50-landscape-sysinfo':0,ta1-theia-1
1557757516.476:1,244899C5-30D2-5117-8D10-8E1B232563A0:b'/bin/sh /etc/update-motd.d/50-landscape-sysinfo':0,CLONE,C7FAD8BA-D1EA-5CCA-84B4-3DA5F551CD10,b'/bin/sh /etc/update-motd.d/50-landscape-sysinfo':0,ta1-theia-1
1557757516.473:2,D8C6CCA3-385E-5535-8A4A-B6A7183BE55B:b'/bin/sh /etc/update-motd.d/50-landscape-sysinfo':0,CLONE,7F687B68-0ACB-5442-AD13-F802DFEFFF2B,b'/bin/sh /etc/update-motd.d/50-landscape-sysinfo':0,ta1-theia-1
1557757516.473:1,D8C6CCA3-385E-5535-8A4A-B6A7183BE55B:b'/bin/sh /etc/update-motd.d/50-landscape-sysinfo':0,CLONE,244899C5-30D2-5117-8D10-8E1B232563A0,b'/bin/sh /etc/update-motd.d/50-landscape-sysinfo':0,ta1-theia-1
1557757516.473:22,3C213F9D-881A-530D-B19F-9370E6D81CA3:b'run-parts --lsbsysinit /etc/update-motd.d':0,CLONE,D8C6CCA3-385E-5535-8A4A-B6A7183BE55B,b'/bin/sh /etc/update-motd.d/50-landscape-sysinfo':0,ta1-theia-1
1557757516.446:18,3C213F9D-881A-530D-B19F-9370E6D81CA3:b'run-parts --lsbsysinit /etc/update-motd.d':0,CLONE,21F7F558-CC64-5EED-AE1A-0CA7EA949951,b'/bin/sh /etc/update-motd.d/50-landscape-sysinfo':0,ta1-theia-1
1557757516.445:29,03194C1E-690A-51BF-8D51-275D45C276DA:b'sh -c /usr/bin/env -i PATH=/usr/local/sbin:/usr/local/bin:/usr/sbin:/usr/bin:/sbin:/bin run-parts --lsbsysinit /etc/update-motd.d > /var/run/motd.new':0,CLONE,3C213F9D-881A-530D-B19F-9370E6D81CA3,b'run-parts --lsbsysinit /etc/update-motd.d':0,ta1-theia-1
1557757516.275:24,69DACB16-B3CB-5A25-B6EE-D742A0E5F8CC:b'run-parts --lsbsysinit /etc/update-motd.d':0,CLONE,DF315F6F-0C68-531A-AB54-163DAA594CA7,b'/bin/sh /etc/update-motd.d/10-help-text':0,ta1-theia-1
1557757516.275:23,69DACB16-B3CB-5A25-B6EE-D742A0E5F8CC:b'run-parts --lsbsysinit /etc/update-motd.d':0,CLONE,5D86C440-D75C-52A0-9195-687CAF98B750,b'/bin/sh /etc/update-motd.d/10-help-text':0,ta1-theia-1
1557757516.273:28,03194C1E-690A-51BF-8D51-275D45C276DA:b'sh -c /usr/bin/env -i PATH=/usr/local/sbin:/usr/local/bin:/usr/sbin:/usr/bin:/sbin:/bin run-parts --lsbsysinit /etc/update-motd.d > /var/run/motd.new':0,CLONE,69DACB16-B3CB-5A25-B6EE-D742A0E5F8CC,b'run-parts --lsbsysinit /etc/update-motd.d':0,ta1-theia-1
1557757516.165:31,2B86C47B-C1C9-5331-A55C-96D8E96407DD:b'run-parts --lsbsysinit /etc/update-motd.d':0,CLONE,B5E96510-0D99-519B-AD0F-A8EB032FBA7E,b'/bin/sh /etc/update-motd.d/00-header':0,ta1-theia-1
1557757516.113:27,2B86C47B-C1C9-5331-A55C-96D8E96407DD:b'run-parts --lsbsysinit /etc/update-motd.d':0,CLONE,4492CD69-7A82-5C19-AFD2-AE95605CAE10,b'/bin/sh /etc/update-motd.d/00-header':0,ta1-theia-1
1557757516.062:23,2B86C47B-C1C9-5331-A55C-96D8E96407DD:b'run-parts --lsbsysinit /etc/update-motd.d':0,CLONE,4B837829-013D-55CA-A105-2A52C41AFD01,b'/bin/sh /etc/update-motd.d/00-header':0,ta1-theia-1
1557757516.004:27,03194C1E-690A-51BF-8D51-275D45C276DA:b'sh -c /usr/bin/env -i PATH=/usr/local/sbin:/usr/local/bin:/usr/sbin:/usr/bin:/sbin:/bin run-parts --lsbsysinit /etc/update-motd.d > /var/run/motd.new':0,CLONE,2B86C47B-C1C9-5331-A55C-96D8E96407DD,b'run-parts --lsbsysinit /etc/update-motd.d':0,ta1-theia-1
1557757516.001:16,CFE1B7A0-1D69-5188-80F9-C1EA81C70890:b'sshd: admin [priv]  ':0,CLONE,03194C1E-690A-51BF-8D51-275D45C276DA,b'sh -c /usr/bin/env -i PATH=/usr/local/sbin:/usr/local/bin:/usr/sbin:/usr/bin:/sbin:/bin run-parts --lsbsysinit /etc/update-motd.d > /var/run/motd.new':0,ta1-theia-1
1557757515.997:538,95B7FDAE-D512-5484-B3B9-BEC89CD7F87C:b'/usr/sbin/sshd -D':0,CLONE,CFE1B7A0-1D69-5188-80F9-C1EA81C70890,b'sshd: admin [priv]  ':0,ta1-theia-1
1557757514.566:293,95B7FDAE-D512-5484-B3B9-BEC89CD7F87C:b'/usr/sbin/sshd -D':0,READ,0100D00F-0B00-5800-0000-0000678E005A,/etc/hosts:0,ta1-theia-1
1557757514.566:292,95B7FDAE-D512-5484-B3B9-BEC89CD7F87C:b'/usr/sbin/sshd -D':0,READ,0100D00F-0B00-5800-0000-0000678E005A,/etc/hosts:0,ta1-theia-1
1557757514.566:283,95B7FDAE-D512-5484-B3B9-BEC89CD7F87C:b'/usr/sbin/sshd -D':0,READ,0100D00F-0B00-5800-0000-0000678E005A,/etc/hosts:0,ta1-theia-1
1557757514.521:258,95B7FDAE-D512-5484-B3B9-BEC89CD7F87C:b'/usr/sbin/sshd -D':0,CLONE,F9F34C42-0433-5FA9-825B-38343A678783,b'sshd: [accepted]    ':0,ta1-theia-1
1557757513.125:5345,84053D48-9767-59AE-A797-BAC5E4ED3368:null:null,CLONE,95B7FDAE-D512-5484-B3B9-BEC89CD7F87C,b'/usr/sbin/sshd -D':0,ta1-theia-1
1557757510.001:28,56C8F931-B8AE-599B-998D-E00F82EA0712:b'sshd: admin [priv]  ':0,CLONE,A6323353-EFB1-50B4-AC6F-E98FE23171AB,b'sshd: admin@notty   ':1003,ta1-theia-1
1557757509.999:591,C5B0D7DE-9A56-58F9-A193-E09F1C6E0933:b'/usr/sbin/sshd -D':0,CLONE,56C8F931-B8AE-599B-998D-E00F82EA0712,b'sshd: admin [priv]  ':0,ta1-theia-1
1557757509.991:35,673D9F2E-031A-5F5F-BF70-92CEAA8AA7B2:b'sh -c /usr/bin/env -i PATH=/usr/local/sbin:/usr/local/bin:/usr/sbin:/usr/bin:/sbin:/bin run-parts --lsbsysinit /etc/update-motd.d > /var/run/motd.new':0,CLONE,67361374-3A83-5775-BD02-8FE8519590C3,b'run-parts --lsbsysinit /etc/update-motd.d':0,ta1-theia-1
1557757509.989:34,673D9F2E-031A-5F5F-BF70-92CEAA8AA7B2:b'sh -c /usr/bin/env -i PATH=/usr/local/sbin:/usr/local/bin:/usr/sbin:/usr/bin:/sbin:/bin run-parts --lsbsysinit /etc/update-motd.d > /var/run/motd.new':0,CLONE,FEA86667-30C8-5C8E-A814-3CD2F8ADA313,b'run-parts --lsbsysinit /etc/update-motd.d':0,ta1-theia-1
1557757509.981:0,775294C5-CB1D-5984-9954-55326E15BEFD:b'/bin/sh /usr/lib/update-notifier/update-motd-fsck-at-reboot':0,EXECUTE,0100D00F-9E00-3200-0000-0000B790005A,/bin/cat:0,ta1-theia-1
1557757509.981:43,347D95EC-C240-5CB6-B523-9D42A5BCB3B1:b'run-parts --lsbsysinit /etc/update-motd.d':0,CLONE,775294C5-CB1D-5984-9954-55326E15BEFD,b'/bin/sh /usr/lib/update-notifier/update-motd-fsck-at-reboot':0,ta1-theia-1
1557757509.966:40,347D95EC-C240-5CB6-B523-9D42A5BCB3B1:b'run-parts --lsbsysinit /etc/update-motd.d':0,CLONE,6333D764-52CB-5CCF-94D0-8014250F9FD9,b'/bin/sh /usr/lib/update-notifier/update-motd-fsck-at-reboot':0,ta1-theia-1
1557757509.964:36,347D95EC-C240-5CB6-B523-9D42A5BCB3B1:b'run-parts --lsbsysinit /etc/update-motd.d':0,CLONE,540812AC-B6EC-5F1C-A171-19202D56113B,b'/bin/sh /usr/lib/update-notifier/update-motd-fsck-at-reboot':0,ta1-theia-1
1557757509.961:33,673D9F2E-031A-5F5F-BF70-92CEAA8AA7B2:b'sh -c /usr/bin/env -i PATH=/usr/local/sbin:/usr/local/bin:/usr/sbin:/usr/bin:/sbin:/bin run-parts --lsbsysinit /etc/update-motd.d > /var/run/motd.new':0,CLONE,347D95EC-C240-5CB6-B523-9D42A5BCB3B1,b'run-parts --lsbsysinit /etc/update-motd.d':0,ta1-theia-1
1557757509.949:0,C583C40F-3FC1-51BC-AC5E-7D36D7CD2381:b'/bin/sh -e /usr/lib/update-notifier/update-motd-hwe-eol':0,EXECUTE,0100D00F-9E00-3200-0000-0000B790005A,/bin/cat:0,ta1-theia-1
1557757509.949:57,9D25A803-AD55-5C9C-AD64-9BA5EDF95710:b'run-parts --lsbsysinit /etc/update-motd.d':0,CLONE,C583C40F-3FC1-51BC-AC5E-7D36D7CD2381,b'/bin/sh -e /usr/lib/update-notifier/update-motd-hwe-eol':0,ta1-theia-1
1557757509.932:55,9D25A803-AD55-5C9C-AD64-9BA5EDF95710:b'run-parts --lsbsysinit /etc/update-motd.d':0,CLONE,0CA12C27-89BD-5FD3-9B27-CD72DB7CCFC3,b'/bin/sh -e /usr/lib/update-notifier/update-motd-hwe-eol':0,ta1-theia-1
1557757509.910:105,6209E99F-BD11-5932-AFC6-B04A3D716FBD:b'/bin/sh -e /usr/lib/update-notifier/update-motd-hwe-eol':0,CLONE,3235D234-8F1D-53EF-9257-470E701E0066,b'apt-config shell DpkgStatusDir Dir::State::status':0,ta1-theia-1
1557757509.880:51,9D25A803-AD55-5C9C-AD64-9BA5EDF95710:b'run-parts --lsbsysinit /etc/update-motd.d':0,CLONE,6209E99F-BD11-5932-AFC6-B04A3D716FBD,b'/bin/sh -e /usr/lib/update-notifier/update-motd-hwe-eol':0,ta1-theia-1
1557757509.866:105,A5DE0D2A-9BE3-56EA-A28F-04E38B11B7D9:b'/bin/sh -e /usr/lib/update-notifier/update-motd-hwe-eol':0,CLONE,23987C57-F6E2-5517-93D9-BE910CBBF0B0,b'apt-config shell SourceList Dir::Etc::sourcelist':0,ta1-theia-1
1557757509.862:47,9D25A803-AD55-5C9C-AD64-9BA5EDF95710:b'run-parts --lsbsysinit /etc/update-motd.d':0,CLONE,A5DE0D2A-9BE3-56EA-A28F-04E38B11B7D9,b'/bin/sh -e /usr/lib/update-notifier/update-motd-hwe-eol':0,ta1-theia-1
1557757509.856:105,24985A93-B4D7-53B7-A58D-891DD88134C8:b'/bin/sh -e /usr/lib/update-notifier/update-motd-hwe-eol':0,CLONE,D8065CD9-5AA9-56DE-A8DC-BB864F816C4A,b'apt-config shell EtcDir Dir::Etc':0,ta1-theia-1
1557757509.849:43,9D25A803-AD55-5C9C-AD64-9BA5EDF95710:b'run-parts --lsbsysinit /etc/update-motd.d':0,CLONE,24985A93-B4D7-53B7-A58D-891DD88134C8,b'/bin/sh -e /usr/lib/update-notifier/update-motd-hwe-eol':0,ta1-theia-1
1557757509.796:105,68008CF6-443D-5214-BC1B-9A13F1DF231A:b'/bin/sh -e /usr/lib/update-notifier/update-motd-hwe-eol':0,CLONE,99DCB672-1350-56E6-A53B-58543B2B2120,b'apt-config shell ListDir Dir::State::Lists':0,ta1-theia-1
1557757509.789:39,9D25A803-AD55-5C9C-AD64-9BA5EDF95710:b'run-parts --lsbsysinit /etc/update-motd.d':0,CLONE,68008CF6-443D-5214-BC1B-9A13F1DF231A,b'/bin/sh -e /usr/lib/update-notifier/update-motd-hwe-eol':0,ta1-theia-1
1557757509.685:105,91136BD8-2E47-5592-BE1B-5CB1C0BE732B:b'/bin/sh -e /usr/lib/update-notifier/update-motd-hwe-eol':0,CLONE,14121904-DEA9-5B25-A30B-F82EAE5C8953,b'apt-config shell StateDir Dir::State':0,ta1-theia-1
1557757509.672:35,9D25A803-AD55-5C9C-AD64-9BA5EDF95710:b'run-parts --lsbsysinit /etc/update-motd.d':0,CLONE,91136BD8-2E47-5592-BE1B-5CB1C0BE732B,b'/bin/sh -e /usr/lib/update-notifier/update-motd-hwe-eol':0,ta1-theia-1
1557757509.665:32,673D9F2E-031A-5F5F-BF70-92CEAA8AA7B2:b'sh -c /usr/bin/env -i PATH=/usr/local/sbin:/usr/local/bin:/usr/sbin:/usr/bin:/sbin:/bin run-parts --lsbsysinit /etc/update-motd.d > /var/run/motd.new':0,CLONE,9D25A803-AD55-5C9C-AD64-9BA5EDF95710,b'run-parts --lsbsysinit /etc/update-motd.d':0,ta1-theia-1
1557757509.548:0,344C753C-F16E-5BF8-B4EA-3C954FD99BC4:b'/bin/sh -e /usr/lib/update-manager/release-upgrade-motd':0,EXECUTE,0100D00F-9E00-3200-0000-0000B790005A,/bin/cat:0,ta1-theia-1
1557757509.548:34,63CD5735-EC46-5FD1-BE2B-AED6530507E2:b'run-parts --lsbsysinit /etc/update-motd.d':0,CLONE,344C753C-F16E-5BF8-B4EA-3C954FD99BC4,b'/bin/sh -e /usr/lib/update-manager/release-upgrade-motd':0,ta1-theia-1
1557757509.541:31,673D9F2E-031A-5F5F-BF70-92CEAA8AA7B2:b'sh -c /usr/bin/env -i PATH=/usr/local/sbin:/usr/local/bin:/usr/sbin:/usr/bin:/sbin:/bin run-parts --lsbsysinit /etc/update-motd.d > /var/run/motd.new':0,CLONE,63CD5735-EC46-5FD1-BE2B-AED6530507E2,b'run-parts --lsbsysinit /etc/update-motd.d':0,ta1-theia-1
1557757509.357:0,FCE7EF47-25B4-5CA8-8F59-45E66392CECC:b'/bin/sh -e /usr/lib/update-notifier/update-motd-updates-available':0,EXECUTE,0100D00F-9E00-3200-0000-0000B790005A,/bin/cat:0,ta1-theia-1
1557757509.357:447,061BE242-DF0B-5CAE-B25A-A996575A3B01:b'run-parts --lsbsysinit /etc/update-motd.d':0,CLONE,FCE7EF47-25B4-5CA8-8F59-45E66392CECC,b'/bin/sh -e /usr/lib/update-notifier/update-motd-updates-available':0,ta1-theia-1
1557757509.301:444,061BE242-DF0B-5CAE-B25A-A996575A3B01:b'run-parts --lsbsysinit /etc/update-motd.d':0,CLONE,7444E3AE-140F-5586-B692-A0CD12777A6D,b'/bin/sh -e /usr/lib/update-notifier/update-motd-updates-available':0,ta1-theia-1
1557757509.174:105,D6F21AF7-A15F-5949-885F-C3C483E8FCB7:b'/bin/sh -e /usr/lib/update-notifier/update-motd-updates-available':0,CLONE,813C8E1C-725E-52EE-90C0-11113C3CDD3D,b'apt-config shell SourceList Dir::Etc::sourcelist':0,ta1-theia-1
1557757509.165:440,061BE242-DF0B-5CAE-B25A-A996575A3B01:b'run-parts --lsbsysinit /etc/update-motd.d':0,CLONE,D6F21AF7-A15F-5949-885F-C3C483E8FCB7,b'/bin/sh -e /usr/lib/update-notifier/update-motd-updates-available':0,ta1-theia-1
1557757509.042:105,74C09662-9515-5CD4-9DB7-A0F60AD6E778:b'/bin/sh -e /usr/lib/update-notifier/update-motd-updates-available':0,CLONE,D7F0E6DB-2AA4-5ECA-A40D-6A1E627CDDD3,b'apt-config shell EtcDir Dir::Etc':0,ta1-theia-1
1557757508.981:436,061BE242-DF0B-5CAE-B25A-A996575A3B01:b'run-parts --lsbsysinit /etc/update-motd.d':0,CLONE,74C09662-9515-5CD4-9DB7-A0F60AD6E778,b'/bin/sh -e /usr/lib/update-notifier/update-motd-updates-available':0,ta1-theia-1
1557757508.925:432,061BE242-DF0B-5CAE-B25A-A996575A3B01:b'run-parts --lsbsysinit /etc/update-motd.d':0,CLONE,4A55578D-3C8B-516E-813B-7E365BC0D7B3,b'/bin/sh -e /usr/lib/update-notifier/update-motd-updates-available':0,ta1-theia-1
1557757508.869:428,061BE242-DF0B-5CAE-B25A-A996575A3B01:b'run-parts --lsbsysinit /etc/update-motd.d':0,CLONE,37769362-EE97-5E36-B9B1-00475E7D379B,b'/bin/sh -e /usr/lib/update-notifier/update-motd-updates-available':0,ta1-theia-1
1557757508.813:424,061BE242-DF0B-5CAE-B25A-A996575A3B01:b'run-parts --lsbsysinit /etc/update-motd.d':0,CLONE,3957CC0B-7E70-574A-9119-357AB92915DB,b'/bin/sh -e /usr/lib/update-notifier/update-motd-updates-available':0,ta1-theia-1
1557757508.753:420,061BE242-DF0B-5CAE-B25A-A996575A3B01:b'run-parts --lsbsysinit /etc/update-motd.d':0,CLONE,9FCBEEA1-1FB9-56AD-9F62-0F57E506E38C,b'/bin/sh -e /usr/lib/update-notifier/update-motd-updates-available':0,ta1-theia-1
1557757508.617:416,061BE242-DF0B-5CAE-B25A-A996575A3B01:b'run-parts --lsbsysinit /etc/update-motd.d':0,CLONE,C9B00B2D-AF94-518B-B875-D3F6297C4757,b'/bin/sh -e /usr/lib/update-notifier/update-motd-updates-available':0,ta1-theia-1
1557757508.557:412,061BE242-DF0B-5CAE-B25A-A996575A3B01:b'run-parts --lsbsysinit /etc/update-motd.d':0,CLONE,275928E4-47F4-515C-B541-69505234B6FA,b'/bin/sh -e /usr/lib/update-notifier/update-motd-updates-available':0,ta1-theia-1
1557757508.501:408,061BE242-DF0B-5CAE-B25A-A996575A3B01:b'run-parts --lsbsysinit /etc/update-motd.d':0,CLONE,7DEC9962-9ADB-5175-A2D0-23D0756CC4E8,b'/bin/sh -e /usr/lib/update-notifier/update-motd-updates-available':0,ta1-theia-1
1557757508.445:404,061BE242-DF0B-5CAE-B25A-A996575A3B01:b'run-parts --lsbsysinit /etc/update-motd.d':0,CLONE,1A31A52F-F1F2-5F82-9E90-1A69E2352F3D,b'/bin/sh -e /usr/lib/update-notifier/update-motd-updates-available':0,ta1-theia-1
1557757508.389:400,061BE242-DF0B-5CAE-B25A-A996575A3B01:b'run-parts --lsbsysinit /etc/update-motd.d':0,CLONE,6040181B-EF42-5DF7-A2E6-EF1C7CD82B31,b'/bin/sh -e /usr/lib/update-notifier/update-motd-updates-available':0,ta1-theia-1
1557757508.333:396,061BE242-DF0B-5CAE-B25A-A996575A3B01:b'run-parts --lsbsysinit /etc/update-motd.d':0,CLONE,6504E87A-8595-536F-8BF8-0872758A0124,b'/bin/sh -e /usr/lib/update-notifier/update-motd-updates-available':0,ta1-theia-1
1557757508.277:392,061BE242-DF0B-5CAE-B25A-A996575A3B01:b'run-parts --lsbsysinit /etc/update-motd.d':0,CLONE,4C44F665-D790-5DA4-8B55-5247CBBAEDB6,b'/bin/sh -e /usr/lib/update-notifier/update-motd-updates-available':0,ta1-theia-1
1557757508.221:388,061BE242-DF0B-5CAE-B25A-A996575A3B01:b'run-parts --lsbsysinit /etc/update-motd.d':0,CLONE,B207773C-5ED8-5C3C-94FC-A53BAAFF2BE5,b'/bin/sh -e /usr/lib/update-notifier/update-motd-updates-available':0,ta1-theia-1
1557757508.161:384,061BE242-DF0B-5CAE-B25A-A996575A3B01:b'run-parts --lsbsysinit /etc/update-motd.d':0,CLONE,576A08A6-E6BF-5C8B-8B84-DA4A7000251A,b'/bin/sh -e /usr/lib/update-notifier/update-motd-updates-available':0,ta1-theia-1
1557757508.105:380,061BE242-DF0B-5CAE-B25A-A996575A3B01:b'run-parts --lsbsysinit /etc/update-motd.d':0,CLONE,09DB6460-CE8B-5816-BA77-D4B25A5A131E,b'/bin/sh -e /usr/lib/update-notifier/update-motd-updates-available':0,ta1-theia-1
1557757508.049:376,061BE242-DF0B-5CAE-B25A-A996575A3B01:b'run-parts --lsbsysinit /etc/update-motd.d':0,CLONE,615CA8D8-A015-5DB1-B1BD-D156D9027E71,b'/bin/sh -e /usr/lib/update-notifier/update-motd-updates-available':0,ta1-theia-1
1557757507.993:372,061BE242-DF0B-5CAE-B25A-A996575A3B01:b'run-parts --lsbsysinit /etc/update-motd.d':0,CLONE,C59D4CDA-FA24-5341-9F3E-D84E2137445E,b'/bin/sh -e /usr/lib/update-notifier/update-motd-updates-available':0,ta1-theia-1
1557757507.937:368,061BE242-DF0B-5CAE-B25A-A996575A3B01:b'run-parts --lsbsysinit /etc/update-motd.d':0,CLONE,E2DD8F05-70C8-5071-8097-787366226CBC,b'/bin/sh -e /usr/lib/update-notifier/update-motd-updates-available':0,ta1-theia-1
1557757507.881:364,061BE242-DF0B-5CAE-B25A-A996575A3B01:b'run-parts --lsbsysinit /etc/update-motd.d':0,CLONE,EE5ECE52-41A3-5583-80F9-F373E2B787C9,b'/bin/sh -e /usr/lib/update-notifier/update-motd-updates-available':0,ta1-theia-1
1557757507.825:360,061BE242-DF0B-5CAE-B25A-A996575A3B01:b'run-parts --lsbsysinit /etc/update-motd.d':0,CLONE,66DE7526-11AB-599B-BCF2-E535AEC5A591,b'/bin/sh -e /usr/lib/update-notifier/update-motd-updates-available':0,ta1-theia-1
1557757507.769:356,061BE242-DF0B-5CAE-B25A-A996575A3B01:b'run-parts --lsbsysinit /etc/update-motd.d':0,CLONE,A2D413DA-F2FC-5294-94EC-22D7753EBCCB,b'/bin/sh -e /usr/lib/update-notifier/update-motd-updates-available':0,ta1-theia-1
1557757507.713:352,061BE242-DF0B-5CAE-B25A-A996575A3B01:b'run-parts --lsbsysinit /etc/update-motd.d':0,CLONE,A6F13825-28BE-50B1-8915-0B8EB23BF842,b'/bin/sh -e /usr/lib/update-notifier/update-motd-updates-available':0,ta1-theia-1
1557757507.645:348,061BE242-DF0B-5CAE-B25A-A996575A3B01:b'run-parts --lsbsysinit /etc/update-motd.d':0,CLONE,4C8264E6-F5E4-540B-8814-8F31751AD8FE,b'/bin/sh -e /usr/lib/update-notifier/update-motd-updates-available':0,ta1-theia-1
1557757507.589:344,061BE242-DF0B-5CAE-B25A-A996575A3B01:b'run-parts --lsbsysinit /etc/update-motd.d':0,CLONE,45DE63C6-D8BC-534A-83B8-F308EBAFD898,b'/bin/sh -e /usr/lib/update-notifier/update-motd-updates-available':0,ta1-theia-1
1557757507.529:340,061BE242-DF0B-5CAE-B25A-A996575A3B01:b'run-parts --lsbsysinit /etc/update-motd.d':0,CLONE,0BC410CB-96DE-5DE0-B253-E445BB5DA11D,b'/bin/sh -e /usr/lib/update-notifier/update-motd-updates-available':0,ta1-theia-1
1557757507.469:336,061BE242-DF0B-5CAE-B25A-A996575A3B01:b'run-parts --lsbsysinit /etc/update-motd.d':0,CLONE,9F56813F-9471-5C4C-B02C-60F78706D0D0,b'/bin/sh -e /usr/lib/update-notifier/update-motd-updates-available':0,ta1-theia-1
1557757507.413:332,061BE242-DF0B-5CAE-B25A-A996575A3B01:b'run-parts --lsbsysinit /etc/update-motd.d':0,CLONE,B1DD768E-7B36-5AD4-9198-DFEBD17E1B39,b'/bin/sh -e /usr/lib/update-notifier/update-motd-updates-available':0,ta1-theia-1
1557757507.353:328,061BE242-DF0B-5CAE-B25A-A996575A3B01:b'run-parts --lsbsysinit /etc/update-motd.d':0,CLONE,2B6B7BA9-A2A0-5503-9211-2FC6193F75A9,b'/bin/sh -e /usr/lib/update-notifier/update-motd-updates-available':0,ta1-theia-1
1557757507.297:324,061BE242-DF0B-5CAE-B25A-A996575A3B01:b'run-parts --lsbsysinit /etc/update-motd.d':0,CLONE,439F0B2E-3811-53D5-ACE9-1B5005A46DC5,b'/bin/sh -e /usr/lib/update-notifier/update-motd-updates-available':0,ta1-theia-1
1557757507.241:320,061BE242-DF0B-5CAE-B25A-A996575A3B01:b'run-parts --lsbsysinit /etc/update-motd.d':0,CLONE,9ED43BBA-39B9-5762-A170-2099FBC65CC9,b'/bin/sh -e /usr/lib/update-notifier/update-motd-updates-available':0,ta1-theia-1
1557757507.185:316,061BE242-DF0B-5CAE-B25A-A996575A3B01:b'run-parts --lsbsysinit /etc/update-motd.d':0,CLONE,89908B31-FFAA-5337-887C-ABD17A8BD54F,b'/bin/sh -e /usr/lib/update-notifier/update-motd-updates-available':0,ta1-theia-1
1557757507.129:312,061BE242-DF0B-5CAE-B25A-A996575A3B01:b'run-parts --lsbsysinit /etc/update-motd.d':0,CLONE,B79546C6-C08C-5B48-A109-52F8AA8A3937,b'/bin/sh -e /usr/lib/update-notifier/update-motd-updates-available':0,ta1-theia-1
1557757507.073:308,061BE242-DF0B-5CAE-B25A-A996575A3B01:b'run-parts --lsbsysinit /etc/update-motd.d':0,CLONE,6DDEC205-0C4F-5697-851B-03DB61CFF214,b'/bin/sh -e /usr/lib/update-notifier/update-motd-updates-available':0,ta1-theia-1
1557757507.017:304,061BE242-DF0B-5CAE-B25A-A996575A3B01:b'run-parts --lsbsysinit /etc/update-motd.d':0,CLONE,0952CE25-0A37-5B08-85CE-074D1415F196,b'/bin/sh -e /usr/lib/update-notifier/update-motd-updates-available':0,ta1-theia-1
1557757506.961:300,061BE242-DF0B-5CAE-B25A-A996575A3B01:b'run-parts --lsbsysinit /etc/update-motd.d':0,CLONE,5A5A3B3C-55CE-51DC-8B08-A8A8EFE0746A,b'/bin/sh -e /usr/lib/update-notifier/update-motd-updates-available':0,ta1-theia-1
1557757506.905:296,061BE242-DF0B-5CAE-B25A-A996575A3B01:b'run-parts --lsbsysinit /etc/update-motd.d':0,CLONE,DA4C87CD-7A3A-5556-BEE5-76308679B7DB,b'/bin/sh -e /usr/lib/update-notifier/update-motd-updates-available':0,ta1-theia-1
1557757506.849:292,061BE242-DF0B-5CAE-B25A-A996575A3B01:b'run-parts --lsbsysinit /etc/update-motd.d':0,CLONE,D57393A7-AFF8-5D62-A5D2-9805E148B1BA,b'/bin/sh -e /usr/lib/update-notifier/update-motd-updates-available':0,ta1-theia-1
1557757506.793:288,061BE242-DF0B-5CAE-B25A-A996575A3B01:b'run-parts --lsbsysinit /etc/update-motd.d':0,CLONE,A6F8D5D5-DDC8-5589-8F58-665E514E8692,b'/bin/sh -e /usr/lib/update-notifier/update-motd-updates-available':0,ta1-theia-1
1557757506.737:284,061BE242-DF0B-5CAE-B25A-A996575A3B01:b'run-parts --lsbsysinit /etc/update-motd.d':0,CLONE,FC67EFD1-4ABD-5430-AE8C-73C391A9F17F,b'/bin/sh -e /usr/lib/update-notifier/update-motd-updates-available':0,ta1-theia-1
1557757506.681:280,061BE242-DF0B-5CAE-B25A-A996575A3B01:b'run-parts --lsbsysinit /etc/update-motd.d':0,CLONE,484CB2CD-D189-5C23-BA5F-BE3E0AE33818,b'/bin/sh -e /usr/lib/update-notifier/update-motd-updates-available':0,ta1-theia-1
1557757506.621:276,061BE242-DF0B-5CAE-B25A-A996575A3B01:b'run-parts --lsbsysinit /etc/update-motd.d':0,CLONE,EDA29C64-410D-5F34-A2F0-D2A50C8C58B8,b'/bin/sh -e /usr/lib/update-notifier/update-motd-updates-available':0,ta1-theia-1
1557757506.565:272,061BE242-DF0B-5CAE-B25A-A996575A3B01:b'run-parts --lsbsysinit /etc/update-motd.d':0,CLONE,4C07E8F1-7876-57A7-B280-732698F62C76,b'/bin/sh -e /usr/lib/update-notifier/update-motd-updates-available':0,ta1-theia-1
1557757506.509:268,061BE242-DF0B-5CAE-B25A-A996575A3B01:b'run-parts --lsbsysinit /etc/update-motd.d':0,CLONE,2655B504-D42C-5CCD-B9F0-F290B3C4817C,b'/bin/sh -e /usr/lib/update-notifier/update-motd-updates-available':0,ta1-theia-1
1557757506.445:264,061BE242-DF0B-5CAE-B25A-A996575A3B01:b'run-parts --lsbsysinit /etc/update-motd.d':0,CLONE,F6D81A21-01D0-5C84-AE0E-0C06C6B46314,b'/bin/sh -e /usr/lib/update-notifier/update-motd-updates-available':0,ta1-theia-1
1557757506.393:260,061BE242-DF0B-5CAE-B25A-A996575A3B01:b'run-parts --lsbsysinit /etc/update-motd.d':0,CLONE,3ECB9AA1-911D-5216-8079-30EB1C7E2D9A,b'/bin/sh -e /usr/lib/update-notifier/update-motd-updates-available':0,ta1-theia-1
1557757506.341:256,061BE242-DF0B-5CAE-B25A-A996575A3B01:b'run-parts --lsbsysinit /etc/update-motd.d':0,CLONE,AED0DA1B-355C-58F1-B258-FAFDB07C7678,b'/bin/sh -e /usr/lib/update-notifier/update-motd-updates-available':0,ta1-theia-1
1557757506.289:252,061BE242-DF0B-5CAE-B25A-A996575A3B01:b'run-parts --lsbsysinit /etc/update-motd.d':0,CLONE,6D058401-4168-511E-8CAB-AD7BFB19E477,b'/bin/sh -e /usr/lib/update-notifier/update-motd-updates-available':0,ta1-theia-1
1557757506.237:248,061BE242-DF0B-5CAE-B25A-A996575A3B01:b'run-parts --lsbsysinit /etc/update-motd.d':0,CLONE,163BAAAA-AC45-5E36-8480-2C6F233796AA,b'/bin/sh -e /usr/lib/update-notifier/update-motd-updates-available':0,ta1-theia-1
1557757506.185:244,061BE242-DF0B-5CAE-B25A-A996575A3B01:b'run-parts --lsbsysinit /etc/update-motd.d':0,CLONE,C854E0F1-F5C0-5BC9-B44C-2C4F24B5B0D5,b'/bin/sh -e /usr/lib/update-notifier/update-motd-updates-available':0,ta1-theia-1
1557757506.133:240,061BE242-DF0B-5CAE-B25A-A996575A3B01:b'run-parts --lsbsysinit /etc/update-motd.d':0,CLONE,B9FF9B74-092C-5EDA-B556-4B0444F0FF84,b'/bin/sh -e /usr/lib/update-notifier/update-motd-updates-available':0,ta1-theia-1
1557757506.081:236,061BE242-DF0B-5CAE-B25A-A996575A3B01:b'run-parts --lsbsysinit /etc/update-motd.d':0,CLONE,6C67EB91-5CB6-5127-B2F1-9D55120014AE,b'/bin/sh -e /usr/lib/update-notifier/update-motd-updates-available':0,ta1-theia-1
1557757506.029:232,061BE242-DF0B-5CAE-B25A-A996575A3B01:b'run-parts --lsbsysinit /etc/update-motd.d':0,CLONE,D1B2B209-44A5-502D-B054-E2A5C9E1EC80,b'/bin/sh -e /usr/lib/update-notifier/update-motd-updates-available':0,ta1-theia-1
1557757505.977:228,061BE242-DF0B-5CAE-B25A-A996575A3B01:b'run-parts --lsbsysinit /etc/update-motd.d':0,CLONE,DBB14D5E-D765-5E8E-97CD-6026BAEEFF01,b'/bin/sh -e /usr/lib/update-notifier/update-motd-updates-available':0,ta1-theia-1
1557757505.925:224,061BE242-DF0B-5CAE-B25A-A996575A3B01:b'run-parts --lsbsysinit /etc/update-motd.d':0,CLONE,6B18A92A-9C7C-57DB-9262-FE3339053814,b'/bin/sh -e /usr/lib/update-notifier/update-motd-updates-available':0,ta1-theia-1
1557757505.873:220,061BE242-DF0B-5CAE-B25A-A996575A3B01:b'run-parts --lsbsysinit /etc/update-motd.d':0,CLONE,4A9DC417-7E2F-50F1-9EAB-52FB4BBB82F2,b'/bin/sh -e /usr/lib/update-notifier/update-motd-updates-available':0,ta1-theia-1
1557757505.821:216,061BE242-DF0B-5CAE-B25A-A996575A3B01:b'run-parts --lsbsysinit /etc/update-motd.d':0,CLONE,38ABFC9C-871A-5DF6-B006-7263D796175F,b'/bin/sh -e /usr/lib/update-notifier/update-motd-updates-available':0,ta1-theia-1
1557757505.769:212,061BE242-DF0B-5CAE-B25A-A996575A3B01:b'run-parts --lsbsysinit /etc/update-motd.d':0,CLONE,EB0B87A2-7B59-5829-96BA-622C53C5B786,b'/bin/sh -e /usr/lib/update-notifier/update-motd-updates-available':0,ta1-theia-1
1557757505.717:208,061BE242-DF0B-5CAE-B25A-A996575A3B01:b'run-parts --lsbsysinit /etc/update-motd.d':0,CLONE,781DDB97-7213-51BC-9C52-E206A6AF7A41,b'/bin/sh -e /usr/lib/update-notifier/update-motd-updates-available':0,ta1-theia-1
1557757505.661:204,061BE242-DF0B-5CAE-B25A-A996575A3B01:b'run-parts --lsbsysinit /etc/update-motd.d':0,CLONE,BE9CDAB2-7B2E-5A01-B725-4772D30DAE83,b'/bin/sh -e /usr/lib/update-notifier/update-motd-updates-available':0,ta1-theia-1
1557757505.605:200,061BE242-DF0B-5CAE-B25A-A996575A3B01:b'run-parts --lsbsysinit /etc/update-motd.d':0,CLONE,26ED674A-2E14-5CA1-9F36-2F373C6AEB17,b'/bin/sh -e /usr/lib/update-notifier/update-motd-updates-available':0,ta1-theia-1
1557757505.537:196,061BE242-DF0B-5CAE-B25A-A996575A3B01:b'run-parts --lsbsysinit /etc/update-motd.d':0,CLONE,97491A6B-9F5D-5583-B477-3CFF7983B73B,b'/bin/sh -e /usr/lib/update-notifier/update-motd-updates-available':0,ta1-theia-1
1557757505.485:192,061BE242-DF0B-5CAE-B25A-A996575A3B01:b'run-parts --lsbsysinit /etc/update-motd.d':0,CLONE,A67D42B6-BDCA-50B3-A83E-C236CFAC788E,b'/bin/sh -e /usr/lib/update-notifier/update-motd-updates-available':0,ta1-theia-1
1557757505.425:188,061BE242-DF0B-5CAE-B25A-A996575A3B01:b'run-parts --lsbsysinit /etc/update-motd.d':0,CLONE,45C5C010-9615-5CEB-B9EF-8A04D98F6925,b'/bin/sh -e /usr/lib/update-notifier/update-motd-updates-available':0,ta1-theia-1
1557757505.365:184,061BE242-DF0B-5CAE-B25A-A996575A3B01:b'run-parts --lsbsysinit /etc/update-motd.d':0,CLONE,20477560-DCBD-5A70-BAC8-0CFC87512572,b'/bin/sh -e /usr/lib/update-notifier/update-motd-updates-available':0,ta1-theia-1
1557757505.305:180,061BE242-DF0B-5CAE-B25A-A996575A3B01:b'run-parts --lsbsysinit /etc/update-motd.d':0,CLONE,74E529DC-EC1D-54BE-BAF5-841D0A27EFC8,b'/bin/sh -e /usr/lib/update-notifier/update-motd-updates-available':0,ta1-theia-1
1557757505.249:176,061BE242-DF0B-5CAE-B25A-A996575A3B01:b'run-parts --lsbsysinit /etc/update-motd.d':0,CLONE,4B1E40D1-307A-5160-820B-AD658F2CAF24,b'/bin/sh -e /usr/lib/update-notifier/update-motd-updates-available':0,ta1-theia-1
1557757505.189:172,061BE242-DF0B-5CAE-B25A-A996575A3B01:b'run-parts --lsbsysinit /etc/update-motd.d':0,CLONE,172DD2BC-8098-568B-84DD-B447CF17A13F,b'/bin/sh -e /usr/lib/update-notifier/update-motd-updates-available':0,ta1-theia-1
1557757505.133:168,061BE242-DF0B-5CAE-B25A-A996575A3B01:b'run-parts --lsbsysinit /etc/update-motd.d':0,CLONE,63800ABC-F110-55E4-ABDE-C9EF5E543E46,b'/bin/sh -e /usr/lib/update-notifier/update-motd-updates-available':0,ta1-theia-1
1557757505.081:164,061BE242-DF0B-5CAE-B25A-A996575A3B01:b'run-parts --lsbsysinit /etc/update-motd.d':0,CLONE,60C5C5C8-FE0A-5FE8-9E5B-0DC33C237BED,b'/bin/sh -e /usr/lib/update-notifier/update-motd-updates-available':0,ta1-theia-1
1557757505.029:160,061BE242-DF0B-5CAE-B25A-A996575A3B01:b'run-parts --lsbsysinit /etc/update-motd.d':0,CLONE,90A2BF4B-966B-5A7F-8237-2EB99760B01D,b'/bin/sh -e /usr/lib/update-notifier/update-motd-updates-available':0,ta1-theia-1
1557757504.975:156,061BE242-DF0B-5CAE-B25A-A996575A3B01:b'run-parts --lsbsysinit /etc/update-motd.d':0,CLONE,A5E22B51-F24F-50B8-BC15-F0F38207A960,b'/bin/sh -e /usr/lib/update-notifier/update-motd-updates-available':0,ta1-theia-1
1557757504.921:152,061BE242-DF0B-5CAE-B25A-A996575A3B01:b'run-parts --lsbsysinit /etc/update-motd.d':0,CLONE,AE71D49D-67F6-553C-95E4-5EB0DEEBB347,b'/bin/sh -e /usr/lib/update-notifier/update-motd-updates-available':0,ta1-theia-1
1557757504.869:148,061BE242-DF0B-5CAE-B25A-A996575A3B01:b'run-parts --lsbsysinit /etc/update-motd.d':0,CLONE,F05E49B1-B93C-5C7A-8D85-26A094365A3B,b'/bin/sh -e /usr/lib/update-notifier/update-motd-updates-available':0,ta1-theia-1
1557757504.817:144,061BE242-DF0B-5CAE-B25A-A996575A3B01:b'run-parts --lsbsysinit /etc/update-motd.d':0,CLONE,744F8B3A-9793-56FD-A8BA-1742AA793DE8,b'/bin/sh -e /usr/lib/update-notifier/update-motd-updates-available':0,ta1-theia-1
1557757504.765:140,061BE242-DF0B-5CAE-B25A-A996575A3B01:b'run-parts --lsbsysinit /etc/update-motd.d':0,CLONE,290D44FC-DC02-5579-B679-7F760B89A3D7,b'/bin/sh -e /usr/lib/update-notifier/update-motd-updates-available':0,ta1-theia-1
1557757504.709:136,061BE242-DF0B-5CAE-B25A-A996575A3B01:b'run-parts --lsbsysinit /etc/update-motd.d':0,CLONE,27AD1739-DC74-5882-B5DD-186F512A229B,b'/bin/sh -e /usr/lib/update-notifier/update-motd-updates-available':0,ta1-theia-1
1557757504.657:132,061BE242-DF0B-5CAE-B25A-A996575A3B01:b'run-parts --lsbsysinit /etc/update-motd.d':0,CLONE,46E20F85-2CAD-58CC-8E06-AA48803C8047,b'/bin/sh -e /usr/lib/update-notifier/update-motd-updates-available':0,ta1-theia-1
1557757504.593:128,061BE242-DF0B-5CAE-B25A-A996575A3B01:b'run-parts --lsbsysinit /etc/update-motd.d':0,CLONE,77338567-E5D0-5136-98D4-76BC0C000D9D,b'/bin/sh -e /usr/lib/update-notifier/update-motd-updates-available':0,ta1-theia-1
1557757504.545:124,061BE242-DF0B-5CAE-B25A-A996575A3B01:b'run-parts --lsbsysinit /etc/update-motd.d':0,CLONE,17A18703-BD92-5060-A32C-662289E0D416,b'/bin/sh -e /usr/lib/update-notifier/update-motd-updates-available':0,ta1-theia-1
1557757504.493:120,061BE242-DF0B-5CAE-B25A-A996575A3B01:b'run-parts --lsbsysinit /etc/update-motd.d':0,CLONE,3E50E74E-B654-5ED3-9573-5C0CC0302915,b'/bin/sh -e /usr/lib/update-notifier/update-motd-updates-available':0,ta1-theia-1
1557757504.441:116,061BE242-DF0B-5CAE-B25A-A996575A3B01:b'run-parts --lsbsysinit /etc/update-motd.d':0,CLONE,C8F31DD0-D0BC-5D67-814C-20304B8B24E7,b'/bin/sh -e /usr/lib/update-notifier/update-motd-updates-available':0,ta1-theia-1
1557757504.389:112,061BE242-DF0B-5CAE-B25A-A996575A3B01:b'run-parts --lsbsysinit /etc/update-motd.d':0,CLONE,7588DF02-5569-58A3-A365-92409E17681F,b'/bin/sh -e /usr/lib/update-notifier/update-motd-updates-available':0,ta1-theia-1
1557757504.337:108,061BE242-DF0B-5CAE-B25A-A996575A3B01:b'run-parts --lsbsysinit /etc/update-motd.d':0,CLONE,AAEDA25E-5ECA-5F8C-B3DA-227A8599661A,b'/bin/sh -e /usr/lib/update-notifier/update-motd-updates-available':0,ta1-theia-1
1557757504.285:104,061BE242-DF0B-5CAE-B25A-A996575A3B01:b'run-parts --lsbsysinit /etc/update-motd.d':0,CLONE,8D917C4E-A758-5097-A08B-6707AE8A3659,b'/bin/sh -e /usr/lib/update-notifier/update-motd-updates-available':0,ta1-theia-1
1557757504.233:100,061BE242-DF0B-5CAE-B25A-A996575A3B01:b'run-parts --lsbsysinit /etc/update-motd.d':0,CLONE,F0DD6CAE-7095-5FEC-ACE4-70F5144BBC5C,b'/bin/sh -e /usr/lib/update-notifier/update-motd-updates-available':0,ta1-theia-1
1557757504.181:96,061BE242-DF0B-5CAE-B25A-A996575A3B01:b'run-parts --lsbsysinit /etc/update-motd.d':0,CLONE,E9877085-9607-5E27-8AD9-A08FD7AF0D31,b'/bin/sh -e /usr/lib/update-notifier/update-motd-updates-available':0,ta1-theia-1
1557757504.129:92,061BE242-DF0B-5CAE-B25A-A996575A3B01:b'run-parts --lsbsysinit /etc/update-motd.d':0,CLONE,9E13AA8F-384C-5B43-9CE6-0D2D0836B911,b'/bin/sh -e /usr/lib/update-notifier/update-motd-updates-available':0,ta1-theia-1
1557757504.077:88,061BE242-DF0B-5CAE-B25A-A996575A3B01:b'run-parts --lsbsysinit /etc/update-motd.d':0,CLONE,BEC4A026-560D-563C-AA6B-40215F9B74F8,b'/bin/sh -e /usr/lib/update-notifier/update-motd-updates-available':0,ta1-theia-1
1557757504.025:84,061BE242-DF0B-5CAE-B25A-A996575A3B01:b'run-parts --lsbsysinit /etc/update-motd.d':0,CLONE,E25B9006-F53E-5959-B90A-DC75354C830A,b'/bin/sh -e /usr/lib/update-notifier/update-motd-updates-available':0,ta1-theia-1
1557757503.973:80,061BE242-DF0B-5CAE-B25A-A996575A3B01:b'run-parts --lsbsysinit /etc/update-motd.d':0,CLONE,2F5580F9-2673-524D-B30E-2E5CF5B8FF14,b'/bin/sh -e /usr/lib/update-notifier/update-motd-updates-available':0,ta1-theia-1
1557757503.921:76,061BE242-DF0B-5CAE-B25A-A996575A3B01:b'run-parts --lsbsysinit /etc/update-motd.d':0,CLONE,CA4AC3A5-E7C5-57E1-9AEB-99BCDD8F275D,b'/bin/sh -e /usr/lib/update-notifier/update-motd-updates-available':0,ta1-theia-1
1557757503.869:72,061BE242-DF0B-5CAE-B25A-A996575A3B01:b'run-parts --lsbsysinit /etc/update-motd.d':0,CLONE,FB7333C9-E580-54A7-8811-6846741AD60B,b'/bin/sh -e /usr/lib/update-notifier/update-motd-updates-available':0,ta1-theia-1
1557757503.769:68,061BE242-DF0B-5CAE-B25A-A996575A3B01:b'run-parts --lsbsysinit /etc/update-motd.d':0,CLONE,7A002F45-721A-570A-9823-7AC5A11A3716,b'/bin/sh -e /usr/lib/update-notifier/update-motd-updates-available':0,ta1-theia-1
1557757503.713:64,061BE242-DF0B-5CAE-B25A-A996575A3B01:b'run-parts --lsbsysinit /etc/update-motd.d':0,CLONE,718383E2-861B-52D8-988B-3C024F09F595,b'/bin/sh -e /usr/lib/update-notifier/update-motd-updates-available':0,ta1-theia-1
1557757503.593:60,061BE242-DF0B-5CAE-B25A-A996575A3B01:b'run-parts --lsbsysinit /etc/update-motd.d':0,CLONE,427FF208-C6B4-52F3-BD71-9EFA0A99D5FE,b'/bin/sh -e /usr/lib/update-notifier/update-motd-updates-available':0,ta1-theia-1
1557757503.541:56,061BE242-DF0B-5CAE-B25A-A996575A3B01:b'run-parts --lsbsysinit /etc/update-motd.d':0,CLONE,A43B874A-7490-5BF7-A449-172563CE3CBF,b'/bin/sh -e /usr/lib/update-notifier/update-motd-updates-available':0,ta1-theia-1
1557757503.489:52,061BE242-DF0B-5CAE-B25A-A996575A3B01:b'run-parts --lsbsysinit /etc/update-motd.d':0,CLONE,4E34C4F4-A68F-5D53-AA26-4E028BB545DC,b'/bin/sh -e /usr/lib/update-notifier/update-motd-updates-available':0,ta1-theia-1
1557757503.437:48,061BE242-DF0B-5CAE-B25A-A996575A3B01:b'run-parts --lsbsysinit /etc/update-motd.d':0,CLONE,EA5255A5-DE9D-52B0-8A71-205AF719B7D7,b'/bin/sh -e /usr/lib/update-notifier/update-motd-updates-available':0,ta1-theia-1
1557757503.310:105,7C12D1F5-0D0A-5339-B708-A7544E80C603:b'/bin/sh -e /usr/lib/update-notifier/update-motd-updates-available':0,CLONE,89DD5EEF-7BD5-54E5-8D97-F4E1DEE3A0AA,b'apt-config shell ListDir Dir::State::Lists':0,ta1-theia-1
1557757503.301:43,061BE242-DF0B-5CAE-B25A-A996575A3B01:b'run-parts --lsbsysinit /etc/update-motd.d':0,CLONE,7C12D1F5-0D0A-5339-B708-A7544E80C603,b'/bin/sh -e /usr/lib/update-notifier/update-motd-updates-available':0,ta1-theia-1
1557757503.174:105,21EB6ADB-998C-5145-A089-EF784E762F5C:b'/bin/sh -e /usr/lib/update-notifier/update-motd-updates-available':0,CLONE,15A42312-4702-5A4F-8B6E-813757189AF8,b'apt-config shell StateDir Dir::State':0,ta1-theia-1
1557757503.165:39,061BE242-DF0B-5CAE-B25A-A996575A3B01:b'run-parts --lsbsysinit /etc/update-motd.d':0,CLONE,21EB6ADB-998C-5145-A089-EF784E762F5C,b'/bin/sh -e /usr/lib/update-notifier/update-motd-updates-available':0,ta1-theia-1
1557757503.128:35,061BE242-DF0B-5CAE-B25A-A996575A3B01:b'run-parts --lsbsysinit /etc/update-motd.d':0,CLONE,A6655542-C4D1-5DD3-8D1D-A3E04E65FFFA,b'/bin/sh -e /usr/lib/update-notifier/update-motd-updates-available':0,ta1-theia-1
1557757503.125:30,673D9F2E-031A-5F5F-BF70-92CEAA8AA7B2:b'sh -c /usr/bin/env -i PATH=/usr/local/sbin:/usr/local/bin:/usr/sbin:/usr/bin:/sbin:/bin run-parts --lsbsysinit /etc/update-motd.d > /var/run/motd.new':0,CLONE,061BE242-DF0B-5CAE-B25A-A996575A3B01,b'run-parts --lsbsysinit /etc/update-motd.d':0,ta1-theia-1
1557757502.577:4,F802828D-754E-57B0-A68B-BCA6435ED606:b'/usr/bin/python /usr/bin/landscape-sysinfo':0,EXECUTE,0100D00F-C326-0C00-0000-0000B790005A,/usr/bin/who:0,ta1-theia-1
1557757502.533:5054,5A13B307-CDBB-5070-ADB1-EF03C1646EAE:b'/bin/sh /etc/update-motd.d/50-landscape-sysinfo':0,CLONE,F802828D-754E-57B0-A68B-BCA6435ED606,b'/usr/bin/python /usr/bin/landscape-sysinfo':0,ta1-theia-1
1557757501.561:1903,5A13B307-CDBB-5070-ADB1-EF03C1646EAE:b'/bin/sh /etc/update-motd.d/50-landscape-sysinfo':0,CLONE,60830664-62A4-5959-BC6E-E8C04F2D54F7,b'/usr/bin/python /usr/bin/landscape-sysinfo':0,ta1-theia-1
1557757501.207:16,84C850A6-1E06-522B-BEEE-B00A374583A2:b'/usr/bin/python /usr/bin/landscape-sysinfo':0,CLONE,8F09376D-CAB8-5448-B4B3-0AA24AD9DC6A,b'sh -c /sbin/ldconfig -p 2>/dev/null':0,ta1-theia-1
1557757501.206:1732,5A13B307-CDBB-5070-ADB1-EF03C1646EAE:b'/bin/sh /etc/update-motd.d/50-landscape-sysinfo':0,CLONE,84C850A6-1E06-522B-BEEE-B00A374583A2,b'/usr/bin/python /usr/bin/landscape-sysinfo':0,ta1-theia-1
1557757501.089:16,0E7A9FCD-F7D2-57EA-9523-D2762B015033:b'/usr/bin/python /usr/bin/landscape-sysinfo':0,CLONE,80B34E18-00C2-5103-B6BA-026523CBF1C9,b'sh -c /sbin/ldconfig -p 2>/dev/null':0,ta1-theia-1
1557757501.087:1707,5A13B307-CDBB-5070-ADB1-EF03C1646EAE:b'/bin/sh /etc/update-motd.d/50-landscape-sysinfo':0,CLONE,0E7A9FCD-F7D2-57EA-9523-D2762B015033,b'/usr/bin/python /usr/bin/landscape-sysinfo':0,ta1-theia-1
1557757500.261:29,7C59E00F-A4A8-5B24-8E0D-4BB104E7A1D2:b'run-parts --lsbsysinit /etc/update-motd.d':0,CLONE,5A13B307-CDBB-5070-ADB1-EF03C1646EAE,b'/bin/sh /etc/update-motd.d/50-landscape-sysinfo':0,ta1-theia-1
1557757500.177:27,7C59E00F-A4A8-5B24-8E0D-4BB104E7A1D2:b'run-parts --lsbsysinit /etc/update-motd.d':0,CLONE,CBD117C2-73C4-507E-AD11-F2459593A92C,b'/bin/sh /etc/update-motd.d/50-landscape-sysinfo':0,ta1-theia-1
1557757500.064:1,8BF58B12-F1B9-55F7-98B2-FC46E16C0F45:b'/bin/sh /etc/update-motd.d/50-landscape-sysinfo':0,CLONE,487E5161-6510-578A-801D-E73A84D3ACA6,b'/bin/sh /etc/update-motd.d/50-landscape-sysinfo':0,ta1-theia-1
1557757500.061:2,C524A89A-E389-5844-B10C-DE2A8B57D311:b'/bin/sh /etc/update-motd.d/50-landscape-sysinfo':0,CLONE,D529801F-973C-5FC6-A0FA-86EB0C0C864E,b'/bin/sh /etc/update-motd.d/50-landscape-sysinfo':0,ta1-theia-1
1557757500.061:1,C524A89A-E389-5844-B10C-DE2A8B57D311:b'/bin/sh /etc/update-motd.d/50-landscape-sysinfo':0,CLONE,8BF58B12-F1B9-55F7-98B2-FC46E16C0F45,b'/bin/sh /etc/update-motd.d/50-landscape-sysinfo':0,ta1-theia-1
1557757500.061:22,7C59E00F-A4A8-5B24-8E0D-4BB104E7A1D2:b'run-parts --lsbsysinit /etc/update-motd.d':0,CLONE,C524A89A-E389-5844-B10C-DE2A8B57D311,b'/bin/sh /etc/update-motd.d/50-landscape-sysinfo':0,ta1-theia-1
1557757500.026:18,7C59E00F-A4A8-5B24-8E0D-4BB104E7A1D2:b'run-parts --lsbsysinit /etc/update-motd.d':0,CLONE,5F4DBAD5-A818-57FE-966F-2540B9C277C1,b'/bin/sh /etc/update-motd.d/50-landscape-sysinfo':0,ta1-theia-1
1557757500.025:29,673D9F2E-031A-5F5F-BF70-92CEAA8AA7B2:b'sh -c /usr/bin/env -i PATH=/usr/local/sbin:/usr/local/bin:/usr/sbin:/usr/bin:/sbin:/bin run-parts --lsbsysinit /etc/update-motd.d > /var/run/motd.new':0,CLONE,7C59E00F-A4A8-5B24-8E0D-4BB104E7A1D2,b'run-parts --lsbsysinit /etc/update-motd.d':0,ta1-theia-1
1557757499.859:24,4747949D-D8DF-5991-948D-0BE0ADA3983B:b'run-parts --lsbsysinit /etc/update-motd.d':0,CLONE,392EE1E4-95C3-5B38-AA18-A72B51F863E3,b'/bin/sh /etc/update-motd.d/10-help-text':0,ta1-theia-1
1557757499.859:23,4747949D-D8DF-5991-948D-0BE0ADA3983B:b'run-parts --lsbsysinit /etc/update-motd.d':0,CLONE,390131E9-89B5-5D14-98F0-88D6F1017A09,b'/bin/sh /etc/update-motd.d/10-help-text':0,ta1-theia-1
1557757499.857:28,673D9F2E-031A-5F5F-BF70-92CEAA8AA7B2:b'sh -c /usr/bin/env -i PATH=/usr/local/sbin:/usr/local/bin:/usr/sbin:/usr/bin:/sbin:/bin run-parts --lsbsysinit /etc/update-motd.d > /var/run/motd.new':0,CLONE,4747949D-D8DF-5991-948D-0BE0ADA3983B,b'run-parts --lsbsysinit /etc/update-motd.d':0,ta1-theia-1
1557757499.837:31,1884DA41-5B41-5327-ABFD-BCEC5B10897A:b'run-parts --lsbsysinit /etc/update-motd.d':0,CLONE,E2884804-38B8-5BE1-93EE-566DC6EDEB77,b'/bin/sh /etc/update-motd.d/00-header':0,ta1-theia-1
1557757499.819:27,1884DA41-5B41-5327-ABFD-BCEC5B10897A:b'run-parts --lsbsysinit /etc/update-motd.d':0,CLONE,AF29829A-EB81-5B1B-8E3D-ED940B0E6B11,b'/bin/sh /etc/update-motd.d/00-header':0,ta1-theia-1
1557757499.814:23,1884DA41-5B41-5327-ABFD-BCEC5B10897A:b'run-parts --lsbsysinit /etc/update-motd.d':0,CLONE,DFA76D50-C959-578E-AFA4-226A5A08EAAE,b'/bin/sh /etc/update-motd.d/00-header':0,ta1-theia-1
1557757499.770:27,673D9F2E-031A-5F5F-BF70-92CEAA8AA7B2:b'sh -c /usr/bin/env -i PATH=/usr/local/sbin:/usr/local/bin:/usr/sbin:/usr/bin:/sbin:/bin run-parts --lsbsysinit /etc/update-motd.d > /var/run/motd.new':0,CLONE,1884DA41-5B41-5327-ABFD-BCEC5B10897A,b'run-parts --lsbsysinit /etc/update-motd.d':0,ta1-theia-1
1557757499.767:16,A4E75D12-E165-51CF-8DB0-FDC1873E7BFC:b'sshd: admin [priv]  ':0,CLONE,673D9F2E-031A-5F5F-BF70-92CEAA8AA7B2,b'sh -c /usr/bin/env -i PATH=/usr/local/sbin:/usr/local/bin:/usr/sbin:/usr/bin:/sbin:/bin run-parts --lsbsysinit /etc/update-motd.d > /var/run/motd.new':0,ta1-theia-1
1557757499.762:538,C5B0D7DE-9A56-58F9-A193-E09F1C6E0933:b'/usr/sbin/sshd -D':0,CLONE,A4E75D12-E165-51CF-8DB0-FDC1873E7BFC,b'sshd: admin [priv]  ':0,ta1-theia-1
1557757499.298:293,C5B0D7DE-9A56-58F9-A193-E09F1C6E0933:b'/usr/sbin/sshd -D':0,READ,0100D00F-0B00-5800-0000-0000678E005A,/etc/hosts:0,ta1-theia-1
1557757499.298:292,C5B0D7DE-9A56-58F9-A193-E09F1C6E0933:b'/usr/sbin/sshd -D':0,READ,0100D00F-0B00-5800-0000-0000678E005A,/etc/hosts:0,ta1-theia-1
1557757499.298:283,C5B0D7DE-9A56-58F9-A193-E09F1C6E0933:b'/usr/sbin/sshd -D':0,READ,0100D00F-0B00-5800-0000-0000678E005A,/etc/hosts:0,ta1-theia-1
1557757499.253:258,C5B0D7DE-9A56-58F9-A193-E09F1C6E0933:b'/usr/sbin/sshd -D':0,CLONE,DF2C5C3B-61C0-566D-80C0-3E71FE1752AD,b'sshd: [accepted]    ':0,ta1-theia-1
1557757498.867:5338,84053D48-9767-59AE-A797-BAC5E4ED3368:null:null,CLONE,C5B0D7DE-9A56-58F9-A193-E09F1C6E0933,b'/usr/sbin/sshd -D':0,ta1-theia-1
1557757491.614:525382,CC7C9A7F-4BD4-5E0F-88B4-3EA111554703:null:null,READ,0100D00F-0B00-5800-0000-0000678E005A,/etc/hosts:0,ta1-theia-1
1557757491.614:525381,CC7C9A7F-4BD4-5E0F-88B4-3EA111554703:null:null,READ,0100D00F-0B00-5800-0000-0000678E005A,/etc/hosts:0,ta1-theia-1
1557757483.617:525341,CC7C9A7F-4BD4-5E0F-88B4-3EA111554703:null:null,READ,0100D00F-0B00-5800-0000-0000678E005A,/etc/hosts:0,ta1-theia-1
1557757483.617:525340,CC7C9A7F-4BD4-5E0F-88B4-3EA111554703:null:null,READ,0100D00F-0B00-5800-0000-0000678E005A,/etc/hosts:0,ta1-theia-1
1557757474.946:525291,CC7C9A7F-4BD4-5E0F-88B4-3EA111554703:null:null,READ,0100D00F-0B00-5800-0000-0000678E005A,/etc/hosts:0,ta1-theia-1
1557757474.946:525290,CC7C9A7F-4BD4-5E0F-88B4-3EA111554703:null:null,READ,0100D00F-0B00-5800-0000-0000678E005A,/etc/hosts:0,ta1-theia-1
1557757460.612:525246,CC7C9A7F-4BD4-5E0F-88B4-3EA111554703:null:null,READ,0100D00F-0B00-5800-0000-0000678E005A,/etc/hosts:0,ta1-theia-1
1557757460.612:525245,CC7C9A7F-4BD4-5E0F-88B4-3EA111554703:null:null,READ,0100D00F-0B00-5800-0000-0000678E005A,/etc/hosts:0,ta1-theia-1
1557757452.614:525210,CC7C9A7F-4BD4-5E0F-88B4-3EA111554703:null:null,READ,0100D00F-0B00-5800-0000-0000678E005A,/etc/hosts:0,ta1-theia-1
1557757452.614:525209,CC7C9A7F-4BD4-5E0F-88B4-3EA111554703:null:null,READ,0100D00F-0B00-5800-0000-0000678E005A,/etc/hosts:0,ta1-theia-1
1557757444.725:525175,CC7C9A7F-4BD4-5E0F-88B4-3EA111554703:null:null,READ,0100D00F-0B00-5800-0000-0000678E005A,/etc/hosts:0,ta1-theia-1
1557757444.725:525174,CC7C9A7F-4BD4-5E0F-88B4-3EA111554703:null:null,READ,0100D00F-0B00-5800-0000-0000678E005A,/etc/hosts:0,ta1-theia-1
1557757432.833:525134,CC7C9A7F-4BD4-5E0F-88B4-3EA111554703:null:null,READ,0100D00F-0B00-5800-0000-0000678E005A,/etc/hosts:0,ta1-theia-1
1557757432.833:525133,CC7C9A7F-4BD4-5E0F-88B4-3EA111554703:null:null,READ,0100D00F-0B00-5800-0000-0000678E005A,/etc/hosts:0,ta1-theia-1
1557757422.613:525093,CC7C9A7F-4BD4-5E0F-88B4-3EA111554703:null:null,READ,0100D00F-0B00-5800-0000-0000678E005A,/etc/hosts:0,ta1-theia-1
1557757422.613:525092,CC7C9A7F-4BD4-5E0F-88B4-3EA111554703:null:null,READ,0100D00F-0B00-5800-0000-0000678E005A,/etc/hosts:0,ta1-theia-1
1557757414.914:525056,CC7C9A7F-4BD4-5E0F-88B4-3EA111554703:null:null,READ,0100D00F-0B00-5800-0000-0000678E005A,/etc/hosts:0,ta1-theia-1
1557757414.913:525055,CC7C9A7F-4BD4-5E0F-88B4-3EA111554703:null:null,READ,0100D00F-0B00-5800-0000-0000678E005A,/etc/hosts:0,ta1-theia-1
1557757403.299:525031,CC7C9A7F-4BD4-5E0F-88B4-3EA111554703:null:null,READ,0100D00F-0B00-5800-0000-0000678E005A,/etc/hosts:0,ta1-theia-1
1557757403.299:525030,CC7C9A7F-4BD4-5E0F-88B4-3EA111554703:null:null,READ,0100D00F-0B00-5800-0000-0000678E005A,/etc/hosts:0,ta1-theia-1
1557757386.496:524990,CC7C9A7F-4BD4-5E0F-88B4-3EA111554703:null:null,READ,0100D00F-0B00-5800-0000-0000678E005A,/etc/hosts:0,ta1-theia-1
1557757386.496:524989,CC7C9A7F-4BD4-5E0F-88B4-3EA111554703:null:null,READ,0100D00F-0B00-5800-0000-0000678E005A,/etc/hosts:0,ta1-theia-1
1557757362.610:524939,CC7C9A7F-4BD4-5E0F-88B4-3EA111554703:null:null,READ,0100D00F-0B00-5800-0000-0000678E005A,/etc/hosts:0,ta1-theia-1
1557757362.610:524938,CC7C9A7F-4BD4-5E0F-88B4-3EA111554703:null:null,READ,0100D00F-0B00-5800-0000-0000678E005A,/etc/hosts:0,ta1-theia-1
1557757354.882:524897,CC7C9A7F-4BD4-5E0F-88B4-3EA111554703:null:null,READ,0100D00F-0B00-5800-0000-0000678E005A,/etc/hosts:0,ta1-theia-1
1557757354.882:524896,CC7C9A7F-4BD4-5E0F-88B4-3EA111554703:null:null,READ,0100D00F-0B00-5800-0000-0000678E005A,/etc/hosts:0,ta1-theia-1
1557757332.610:524872,CC7C9A7F-4BD4-5E0F-88B4-3EA111554703:null:null,READ,0100D00F-0B00-5800-0000-0000678E005A,/etc/hosts:0,ta1-theia-1
1557757332.610:524871,CC7C9A7F-4BD4-5E0F-88B4-3EA111554703:null:null,READ,0100D00F-0B00-5800-0000-0000678E005A,/etc/hosts:0,ta1-theia-1
1557757324.929:524831,CC7C9A7F-4BD4-5E0F-88B4-3EA111554703:null:null,READ,0100D00F-0B00-5800-0000-0000678E005A,/etc/hosts:0,ta1-theia-1
1557757324.929:524830,CC7C9A7F-4BD4-5E0F-88B4-3EA111554703:null:null,READ,0100D00F-0B00-5800-0000-0000678E005A,/etc/hosts:0,ta1-theia-1
1557757309.532:524801,CC7C9A7F-4BD4-5E0F-88B4-3EA111554703:null:null,READ,0100D00F-0B00-5800-0000-0000678E005A,/etc/hosts:0,ta1-theia-1
1557757309.532:524800,CC7C9A7F-4BD4-5E0F-88B4-3EA111554703:null:null,READ,0100D00F-0B00-5800-0000-0000678E005A,/etc/hosts:0,ta1-theia-1
1557757301.591:524760,CC7C9A7F-4BD4-5E0F-88B4-3EA111554703:null:null,READ,0100D00F-0B00-5800-0000-0000678E005A,/etc/hosts:0,ta1-theia-1
1557757301.591:524759,CC7C9A7F-4BD4-5E0F-88B4-3EA111554703:null:null,READ,0100D00F-0B00-5800-0000-0000678E005A,/etc/hosts:0,ta1-theia-1
1557757294.914:524723,CC7C9A7F-4BD4-5E0F-88B4-3EA111554703:null:null,READ,0100D00F-0B00-5800-0000-0000678E005A,/etc/hosts:0,ta1-theia-1
1557757294.914:524722,CC7C9A7F-4BD4-5E0F-88B4-3EA111554703:null:null,READ,0100D00F-0B00-5800-0000-0000678E005A,/etc/hosts:0,ta1-theia-1
1557757249.383:127631,D2254D75-B9E0-55BB-A06C-FF862E97E769:null:null,CLONE,6DC6BBC2-6A61-5866-AC3C-761E18D2A5A5,b'xscreensaver -no-splash':1003,ta1-theia-1
1557757249.256:139,C56C8D8B-742A-51B8-B257-928DE426035C:b'/usr/bin/python /usr/share/apport/apport 189937 11 0':1003,CLONE,F8B1083B-C5A5-5901-B5AD-006469CD9FBA,b'/usr/bin/gdbus call -e -d org.gnome.SessionManager -o /org/gnome/SessionManager -m org.gnome.SessionManager.IsSessionRunning':1003,ta1-theia-1
1557757249.248:1214,CD6E311B-40AF-5AF7-9682-95C5694F0904:b'/usr/bin/python /usr/share/apport/apport 189937 11 0':0,CLONE,C56C8D8B-742A-51B8-B257-928DE426035C,b'/usr/bin/python /usr/share/apport/apport 189937 11 0':1003,ta1-theia-1
1557757249.193:127604,D2254D75-B9E0-55BB-A06C-FF862E97E769:null:null,CLONE,7CAA292F-C0E2-511D-8C23-F85226DBB2C6,b'xscreensaver -no-splash':1003,ta1-theia-1
1557757236.336:524684,CC7C9A7F-4BD4-5E0F-88B4-3EA111554703:null:null,READ,0100D00F-0B00-5800-0000-0000678E005A,/etc/hosts:0,ta1-theia-1
1557757236.336:524683,CC7C9A7F-4BD4-5E0F-88B4-3EA111554703:null:null,READ,0100D00F-0B00-5800-0000-0000678E005A,/etc/hosts:0,ta1-theia-1
1557757209.403:524643,CC7C9A7F-4BD4-5E0F-88B4-3EA111554703:null:null,READ,0100D00F-0B00-5800-0000-0000678E005A,/etc/hosts:0,ta1-theia-1
1557757209.403:524642,CC7C9A7F-4BD4-5E0F-88B4-3EA111554703:null:null,READ,0100D00F-0B00-5800-0000-0000678E005A,/etc/hosts:0,ta1-theia-1
1557757204.866:524607,CC7C9A7F-4BD4-5E0F-88B4-3EA111554703:null:null,READ,0100D00F-0B00-5800-0000-0000678E005A,/etc/hosts:0,ta1-theia-1
1557757204.866:524606,CC7C9A7F-4BD4-5E0F-88B4-3EA111554703:null:null,READ,0100D00F-0B00-5800-0000-0000678E005A,/etc/hosts:0,ta1-theia-1
1557757179.388:524577,CC7C9A7F-4BD4-5E0F-88B4-3EA111554703:null:null,READ,0100D00F-0B00-5800-0000-0000678E005A,/etc/hosts:0,ta1-theia-1
1557757179.387:524576,CC7C9A7F-4BD4-5E0F-88B4-3EA111554703:null:null,READ,0100D00F-0B00-5800-0000-0000678E005A,/etc/hosts:0,ta1-theia-1
1557757174.914:524541,CC7C9A7F-4BD4-5E0F-88B4-3EA111554703:null:null,READ,0100D00F-0B00-5800-0000-0000678E005A,/etc/hosts:0,ta1-theia-1
1557757174.914:524540,CC7C9A7F-4BD4-5E0F-88B4-3EA111554703:null:null,READ,0100D00F-0B00-5800-0000-0000678E005A,/etc/hosts:0,ta1-theia-1
1557757163.524:0,778E0036-AA8B-550C-B6E0-5CB3E7A12109:b'/usr/bin/python /usr/bin/salt-minion':0,CLONE,CCC9DB7C-0E06-56AF-9996-FBFEEDEDD7D1,b'/usr/bin/python /usr/bin/salt-minion':0,ta1-theia-1
1557757163.522:12,5C4475C0-1A10-546A-8FAC-E7212AEC3A73:b'/usr/bin/python /usr/bin/salt-minion':0,CLONE,778E0036-AA8B-550C-B6E0-5CB3E7A12109,b'/usr/bin/python /usr/bin/salt-minion':0,ta1-theia-1
1557757163.511:185,D4B45BC5-EC91-5DC5-A30D-EE36D254E96F:null:null,CLONE,5C4475C0-1A10-546A-8FAC-E7212AEC3A73,b'/usr/bin/python /usr/bin/salt-minion':0,ta1-theia-1
1557757149.369:524511,CC7C9A7F-4BD4-5E0F-88B4-3EA111554703:null:null,READ,0100D00F-0B00-5800-0000-0000678E005A,/etc/hosts:0,ta1-theia-1
1557757149.369:524510,CC7C9A7F-4BD4-5E0F-88B4-3EA111554703:null:null,READ,0100D00F-0B00-5800-0000-0000678E005A,/etc/hosts:0,ta1-theia-1
1557757128.497:524470,CC7C9A7F-4BD4-5E0F-88B4-3EA111554703:null:null,READ,0100D00F-0B00-5800-0000-0000678E005A,/etc/hosts:0,ta1-theia-1
1557757128.497:524469,CC7C9A7F-4BD4-5E0F-88B4-3EA111554703:null:null,READ,0100D00F-0B00-5800-0000-0000678E005A,/etc/hosts:0,ta1-theia-1
1557757119.524:524425,CC7C9A7F-4BD4-5E0F-88B4-3EA111554703:null:null,READ,0100D00F-0B00-5800-0000-0000678E005A,/etc/hosts:0,ta1-theia-1
1557757119.524:524424,CC7C9A7F-4BD4-5E0F-88B4-3EA111554703:null:null,READ,0100D00F-0B00-5800-0000-0000678E005A,/etc/hosts:0,ta1-theia-1
1557757114.882:524388,CC7C9A7F-4BD4-5E0F-88B4-3EA111554703:null:null,READ,0100D00F-0B00-5800-0000-0000678E005A,/etc/hosts:0,ta1-theia-1
1557757114.882:524387,CC7C9A7F-4BD4-5E0F-88B4-3EA111554703:null:null,READ,0100D00F-0B00-5800-0000-0000678E005A,/etc/hosts:0,ta1-theia-1
1557757098.480:524363,CC7C9A7F-4BD4-5E0F-88B4-3EA111554703:null:null,READ,0100D00F-0B00-5800-0000-0000678E005A,/etc/hosts:0,ta1-theia-1
1557757098.480:524362,CC7C9A7F-4BD4-5E0F-88B4-3EA111554703:null:null,READ,0100D00F-0B00-5800-0000-0000678E005A,/etc/hosts:0,ta1-theia-1
1557757089.505:524322,CC7C9A7F-4BD4-5E0F-88B4-3EA111554703:null:null,READ,0100D00F-0B00-5800-0000-0000678E005A,/etc/hosts:0,ta1-theia-1
1557757089.504:524321,CC7C9A7F-4BD4-5E0F-88B4-3EA111554703:null:null,READ,0100D00F-0B00-5800-0000-0000678E005A,/etc/hosts:0,ta1-theia-1
1557757084.930:524286,CC7C9A7F-4BD4-5E0F-88B4-3EA111554703:null:null,READ,0100D00F-0B00-5800-0000-0000678E005A,/etc/hosts:0,ta1-theia-1
1557757084.930:524285,CC7C9A7F-4BD4-5E0F-88B4-3EA111554703:null:null,READ,0100D00F-0B00-5800-0000-0000678E005A,/etc/hosts:0,ta1-theia-1
1557757072.173:12129,92435396-4819-534C-B865-E617C7DDC1FF:b'sshd: admin@pts/0   ':1003,CLONE,4C89747A-6587-5D17-801A-EC278F7B1924,b'-bash':1003,ta1-theia-1
1557757067.957:12102,92435396-4819-534C-B865-E617C7DDC1FF:b'sshd: admin@pts/0   ':1003,CLONE,690C0CFF-E64F-5B04-AD13-B4A5047347D1,b'-bash':1003,ta1-theia-1
1557757066.798:12070,92435396-4819-534C-B865-E617C7DDC1FF:b'sshd: admin@pts/0   ':1003,CLONE,23F60AF8-F4D1-56CE-B12D-9AE851EF6326,b'-bash':1003,ta1-theia-1
1557757065.686:23,C7375117-7D63-5B70-8B7F-1F3FB8690862:b'-bash':1003,READ,0100D00F-0B00-5800-0000-0000678E005A,/etc/hosts:0,ta1-theia-1
1557757065.681:21,C7375117-7D63-5B70-8B7F-1F3FB8690862:b'-bash':1003,READ,0100D00F-0B00-5800-0000-0000678E005A,/etc/hosts:0,ta1-theia-1
1557757065.679:2,C7375117-7D63-5B70-8B7F-1F3FB8690862:b'-bash':1003,EXECUTE,0100D00F-9E00-3200-0000-0000B790005A,/bin/cat:0,ta1-theia-1
1557757065.678:12038,92435396-4819-534C-B865-E617C7DDC1FF:b'sshd: admin@pts/0   ':1003,CLONE,C7375117-7D63-5B70-8B7F-1F3FB8690862,b'-bash':1003,ta1-theia-1
1557757065.478:2,F18F9B3D-E440-52A9-A9EB-D9F223C89027:b'-bash':1003,CLONE,FD776DA0-CB82-5C55-B62E-3E245540561D,b'-bash':1003,ta1-theia-1
1557757065.478:1,F18F9B3D-E440-52A9-A9EB-D9F223C89027:b'-bash':1003,CLONE,0D7B69BC-0F64-5898-AA72-D2E4DF7B224A,b'-bash':1003,ta1-theia-1
1557757065.477:8229,92435396-4819-534C-B865-E617C7DDC1FF:b'sshd: admin@pts/0   ':1003,CLONE,F18F9B3D-E440-52A9-A9EB-D9F223C89027,b'-bash':1003,ta1-theia-1
1557757065.470:2,BFB1D652-3857-5C94-8748-5CB166294B83:b'-bash':1003,CLONE,D072F255-6E3F-569F-8B31-034A947B2353,b'-bash':1003,ta1-theia-1
1557757065.469:1,BFB1D652-3857-5C94-8748-5CB166294B83:b'-bash':1003,CLONE,DF9DCA1C-F698-541B-8614-C0584FBACF49,b'-bash':1003,ta1-theia-1
1557757065.469:8214,92435396-4819-534C-B865-E617C7DDC1FF:b'sshd: admin@pts/0   ':1003,CLONE,BFB1D652-3857-5C94-8748-5CB166294B83,b'-bash':1003,ta1-theia-1
1557757065.462:2,5AE4C91C-A053-5F13-BE52-A951668D9D7E:b'-bash':1003,CLONE,6DBC49A7-F2D5-57C7-9499-F1624AF2C8C0,b'-bash':1003,ta1-theia-1
1557757065.462:1,5AE4C91C-A053-5F13-BE52-A951668D9D7E:b'-bash':1003,CLONE,80CC6FB0-C71D-55B4-962F-50CD22682AE8,b'-bash':1003,ta1-theia-1
1557757065.461:8199,92435396-4819-534C-B865-E617C7DDC1FF:b'sshd: admin@pts/0   ':1003,CLONE,5AE4C91C-A053-5F13-BE52-A951668D9D7E,b'-bash':1003,ta1-theia-1
1557757065.454:2,9912EF0D-9400-5DA2-B379-2A64F09CB0FC:b'-bash':1003,CLONE,FA59C1F3-5E55-5FF5-81CE-CC832B144742,b'-bash':1003,ta1-theia-1
1557757065.454:1,9912EF0D-9400-5DA2-B379-2A64F09CB0FC:b'-bash':1003,CLONE,81C345B9-45A9-5F62-9DCC-A1D5ED13E0BD,b'-bash':1003,ta1-theia-1
1557757065.453:8184,92435396-4819-534C-B865-E617C7DDC1FF:b'sshd: admin@pts/0   ':1003,CLONE,9912EF0D-9400-5DA2-B379-2A64F09CB0FC,b'-bash':1003,ta1-theia-1
1557757065.441:2,6A137F2F-A888-539F-8C73-682DEDF21023:b'-bash':1003,CLONE,B668BBC4-8224-5CCC-8E3B-08952F28B430,b'-bash':1003,ta1-theia-1
1557757065.441:1,6A137F2F-A888-539F-8C73-682DEDF21023:b'-bash':1003,CLONE,439B16A6-27A6-5F23-9490-97B7FAE11AF3,b'-bash':1003,ta1-theia-1
1557757065.441:8169,92435396-4819-534C-B865-E617C7DDC1FF:b'sshd: admin@pts/0   ':1003,CLONE,6A137F2F-A888-539F-8C73-682DEDF21023,b'-bash':1003,ta1-theia-1
1557757065.438:2,868C4E2A-E364-50A6-A570-8EC967A957C3:b'-bash':1003,CLONE,6F5F2D14-9758-5CB2-A0BC-F6930AB3A69F,b'-bash':1003,ta1-theia-1
1557757065.438:1,868C4E2A-E364-50A6-A570-8EC967A957C3:b'-bash':1003,CLONE,8EDCC70E-C748-563F-A32A-0B43CAF5B37F,b'-bash':1003,ta1-theia-1
1557757065.437:8154,92435396-4819-534C-B865-E617C7DDC1FF:b'sshd: admin@pts/0   ':1003,CLONE,868C4E2A-E364-50A6-A570-8EC967A957C3,b'-bash':1003,ta1-theia-1
1557757065.430:2,2E31C09E-3080-579D-A9E4-EB30096076F0:b'-bash':1003,CLONE,E29A8E84-1396-5E56-8F83-7FD55EEBA0B1,b'-bash':1003,ta1-theia-1
1557757065.430:1,2E31C09E-3080-579D-A9E4-EB30096076F0:b'-bash':1003,CLONE,0DDE34FD-BAB0-5CB4-93C3-EA87D768CDF7,b'-bash':1003,ta1-theia-1
1557757065.429:8139,92435396-4819-534C-B865-E617C7DDC1FF:b'sshd: admin@pts/0   ':1003,CLONE,2E31C09E-3080-579D-A9E4-EB30096076F0,b'-bash':1003,ta1-theia-1
1557757065.416:2,4BB56016-E758-5B71-B6FB-9B2299225031:b'-bash':1003,CLONE,34A118F8-4E73-554E-A6E7-7BD5439DB18C,b'-bash':1003,ta1-theia-1
1557757065.415:1,4BB56016-E758-5B71-B6FB-9B2299225031:b'-bash':1003,CLONE,45A20D80-36C9-5E0A-A2F8-D1089C7A0154,b'-bash':1003,ta1-theia-1
1557757065.415:8124,92435396-4819-534C-B865-E617C7DDC1FF:b'sshd: admin@pts/0   ':1003,CLONE,4BB56016-E758-5B71-B6FB-9B2299225031,b'-bash':1003,ta1-theia-1
1557757065.411:2,76795BA3-0159-5D66-AF9A-A55B9B40726D:b'-bash':1003,CLONE,24EE8586-CD01-53FE-A9E8-2A70B1CD08DD,b'-bash':1003,ta1-theia-1
1557757065.410:1,76795BA3-0159-5D66-AF9A-A55B9B40726D:b'-bash':1003,CLONE,2DEE2E91-083D-5AB0-8676-F99F5AA87257,b'-bash':1003,ta1-theia-1
1557757065.410:8109,92435396-4819-534C-B865-E617C7DDC1FF:b'sshd: admin@pts/0   ':1003,CLONE,76795BA3-0159-5D66-AF9A-A55B9B40726D,b'-bash':1003,ta1-theia-1
1557757065.400:2,7BF2475C-98BC-57B1-B182-638831996E1C:b'-bash':1003,CLONE,2D1B030F-8ECC-5907-937A-AAFEFFD15C8D,b'-bash':1003,ta1-theia-1
1557757065.400:1,7BF2475C-98BC-57B1-B182-638831996E1C:b'-bash':1003,CLONE,1ED55360-B935-5A92-A1A6-B23B8A261DFF,b'-bash':1003,ta1-theia-1
1557757065.399:8094,92435396-4819-534C-B865-E617C7DDC1FF:b'sshd: admin@pts/0   ':1003,CLONE,7BF2475C-98BC-57B1-B182-638831996E1C,b'-bash':1003,ta1-theia-1
1557757065.387:2,43DDCC0F-A7FE-58DB-B3F6-86DBEDF0FA25:b'-bash':1003,CLONE,15DE2FA0-F9AE-5989-A3D6-A8BAB15274DB,b'-bash':1003,ta1-theia-1
1557757065.386:1,43DDCC0F-A7FE-58DB-B3F6-86DBEDF0FA25:b'-bash':1003,CLONE,5BC4BA0A-673C-5D6D-8102-2AADDE58A6CE,b'-bash':1003,ta1-theia-1
1557757065.386:8079,92435396-4819-534C-B865-E617C7DDC1FF:b'sshd: admin@pts/0   ':1003,CLONE,43DDCC0F-A7FE-58DB-B3F6-86DBEDF0FA25,b'-bash':1003,ta1-theia-1
1557757065.375:2,17A8EE89-78C3-5704-86ED-563F99E06CED:b'-bash':1003,CLONE,04C50530-FFF0-566C-B554-EB385A33591F,b'-bash':1003,ta1-theia-1
1557757065.375:1,17A8EE89-78C3-5704-86ED-563F99E06CED:b'-bash':1003,CLONE,2D98D513-9350-5DDA-9231-141F5DDB2375,b'-bash':1003,ta1-theia-1
1557757065.374:8064,92435396-4819-534C-B865-E617C7DDC1FF:b'sshd: admin@pts/0   ':1003,CLONE,17A8EE89-78C3-5704-86ED-563F99E06CED,b'-bash':1003,ta1-theia-1
1557757065.372:7980,92435396-4819-534C-B865-E617C7DDC1FF:b'sshd: admin@pts/0   ':1003,CLONE,94C28D93-298B-52BD-A1D8-D12D00AA09D9,b'-bash':1003,ta1-theia-1
1557757065.338:0,18BCB2C6-7CC2-53F4-86D8-F74F1496A32B:b'-bash':1003,CLONE,81776A04-677D-5DD6-B353-2059FCDFEEAF,b'-bash':1003,ta1-theia-1
1557757065.337:6943,92435396-4819-534C-B865-E617C7DDC1FF:b'sshd: admin@pts/0   ':1003,CLONE,18BCB2C6-7CC2-53F4-86D8-F74F1496A32B,b'-bash':1003,ta1-theia-1
1557757065.266:2,69B903E6-B107-52FB-A1BF-EA76B9EB4C00:b'-bash':1003,CLONE,BC959FB6-25F5-588C-B5DE-E8091EDE71E0,b'-bash':1003,ta1-theia-1
1557757065.266:1,69B903E6-B107-52FB-A1BF-EA76B9EB4C00:b'-bash':1003,CLONE,0AE184AF-D276-5020-9BDF-8E2EE98824BD,b'-bash':1003,ta1-theia-1
1557757065.266:6932,92435396-4819-534C-B865-E617C7DDC1FF:b'sshd: admin@pts/0   ':1003,CLONE,69B903E6-B107-52FB-A1BF-EA76B9EB4C00,b'-bash':1003,ta1-theia-1
1557757065.242:0,9341C20B-E47D-5754-BA9C-25E278031C01:b'-bash':1003,CLONE,6B8E9080-F1F1-5055-9555-0D5D3FB32194,b'-bash':1003,ta1-theia-1
1557757065.241:6070,92435396-4819-534C-B865-E617C7DDC1FF:b'sshd: admin@pts/0   ':1003,CLONE,9341C20B-E47D-5754-BA9C-25E278031C01,b'-bash':1003,ta1-theia-1
1557757065.227:0,FFB846AA-0377-5A3A-87B5-2FB7B2D04B26:b'-bash':1003,CLONE,B174D783-CBF7-5AAC-AACD-31947C058551,b'-bash':1003,ta1-theia-1
1557757065.226:6054,92435396-4819-534C-B865-E617C7DDC1FF:b'sshd: admin@pts/0   ':1003,CLONE,FFB846AA-0377-5A3A-87B5-2FB7B2D04B26,b'-bash':1003,ta1-theia-1
1557757065.214:1,CF964676-5924-5D41-86EA-2E71ADE716C4:b'/bin/sh /usr/bin/lesspipe':1003,CLONE,14378850-B5FD-5286-828D-009B6B3C8C11,b'/bin/sh /usr/bin/lesspipe':1003,ta1-theia-1
1557757065.214:22,AABE39F7-CBF7-576F-852E-EE4BD599209C:b'-bash':1003,CLONE,CF964676-5924-5D41-86EA-2E71ADE716C4,b'/bin/sh /usr/bin/lesspipe':1003,ta1-theia-1
1557757065.213:18,AABE39F7-CBF7-576F-852E-EE4BD599209C:b'-bash':1003,CLONE,49E83222-9E21-5178-976A-48E94B4D16B9,b'/bin/sh /usr/bin/lesspipe':1003,ta1-theia-1
1557757065.212:0,AE44EBA5-95E0-5C16-9A97-D83B7898623D:b'-bash':1003,CLONE,AABE39F7-CBF7-576F-852E-EE4BD599209C,b'-bash':1003,ta1-theia-1
1557757065.212:6050,92435396-4819-534C-B865-E617C7DDC1FF:b'sshd: admin@pts/0   ':1003,CLONE,AE44EBA5-95E0-5C16-9A97-D83B7898623D,b'-bash':1003,ta1-theia-1
1557757065.121:2,E456DDC2-3849-5EDD-ACB5-E8783C134654:b'-bash':1003,CLONE,D55D441F-87D0-5B55-8D1E-AFE042A46EE0,b'-bash':1003,ta1-theia-1
1557757065.121:1,E456DDC2-3849-5EDD-ACB5-E8783C134654:b'-bash':1003,CLONE,C47EF9E8-2178-5841-8597-37C21491E1B0,b'-bash':1003,ta1-theia-1
1557757065.121:2287,92435396-4819-534C-B865-E617C7DDC1FF:b'sshd: admin@pts/0   ':1003,CLONE,E456DDC2-3849-5EDD-ACB5-E8783C134654,b'-bash':1003,ta1-theia-1
1557757065.108:2,E1DD9FCC-7728-567A-9EAE-4C0F2BB76D6D:b'-bash':1003,CLONE,92C335C2-FBC5-57FB-BC50-C17F3ADC9722,b'-bash':1003,ta1-theia-1
1557757065.108:1,E1DD9FCC-7728-567A-9EAE-4C0F2BB76D6D:b'-bash':1003,CLONE,5C2E17C8-E866-5801-B6D6-610C1077AC66,b'-bash':1003,ta1-theia-1
1557757065.108:2272,92435396-4819-534C-B865-E617C7DDC1FF:b'sshd: admin@pts/0   ':1003,CLONE,E1DD9FCC-7728-567A-9EAE-4C0F2BB76D6D,b'-bash':1003,ta1-theia-1
1557757065.106:2,F0105D6E-5647-5BC8-AD4B-F2E90ED5306B:b'-bash':1003,CLONE,D8706B24-27B0-50A8-BA9F-B363AEAECC09,b'-bash':1003,ta1-theia-1
1557757065.106:1,F0105D6E-5647-5BC8-AD4B-F2E90ED5306B:b'-bash':1003,CLONE,25EDD5E4-7978-51BB-9CB4-EAEC4DC42368,b'-bash':1003,ta1-theia-1
1557757065.105:2257,92435396-4819-534C-B865-E617C7DDC1FF:b'sshd: admin@pts/0   ':1003,CLONE,F0105D6E-5647-5BC8-AD4B-F2E90ED5306B,b'-bash':1003,ta1-theia-1
1557757065.092:2,ED96F926-01A4-5595-9B49-3A11783AAB74:b'-bash':1003,CLONE,DB390F6F-BA8C-5316-8759-9F20CF973506,b'-bash':1003,ta1-theia-1
1557757065.092:1,ED96F926-01A4-5595-9B49-3A11783AAB74:b'-bash':1003,CLONE,A491FAE7-13B2-58A0-8496-1D00A4E0628A,b'-bash':1003,ta1-theia-1
1557757065.091:2242,92435396-4819-534C-B865-E617C7DDC1FF:b'sshd: admin@pts/0   ':1003,CLONE,ED96F926-01A4-5595-9B49-3A11783AAB74,b'-bash':1003,ta1-theia-1
1557757065.089:2,E2255350-532D-59D0-AE6C-4A37EDF515E0:b'-bash':1003,CLONE,CD54B74D-7998-509E-8B28-FAD27D921240,b'-bash':1003,ta1-theia-1
1557757065.089:1,E2255350-532D-59D0-AE6C-4A37EDF515E0:b'-bash':1003,CLONE,D3900D83-2710-5BF8-ACA1-9F98A46D9ED6,b'-bash':1003,ta1-theia-1
1557757065.089:2227,92435396-4819-534C-B865-E617C7DDC1FF:b'sshd: admin@pts/0   ':1003,CLONE,E2255350-532D-59D0-AE6C-4A37EDF515E0,b'-bash':1003,ta1-theia-1
1557757065.076:2,C128D5CA-DF73-5C45-BF13-5BBA63CA32C3:b'-bash':1003,CLONE,51E3757C-5D7B-5B49-967F-EA6842DE1629,b'-bash':1003,ta1-theia-1
1557757065.076:1,C128D5CA-DF73-5C45-BF13-5BBA63CA32C3:b'-bash':1003,CLONE,EBF72404-1B70-53E5-B7B3-0ED856CE2110,b'-bash':1003,ta1-theia-1
1557757065.075:2212,92435396-4819-534C-B865-E617C7DDC1FF:b'sshd: admin@pts/0   ':1003,CLONE,C128D5CA-DF73-5C45-BF13-5BBA63CA32C3,b'-bash':1003,ta1-theia-1
1557757065.073:2,1E483095-E86E-5A87-800A-1DEB281C8038:b'-bash':1003,CLONE,43401520-A55B-59D2-BECA-5861899F029D,b'-bash':1003,ta1-theia-1
1557757065.073:1,1E483095-E86E-5A87-800A-1DEB281C8038:b'-bash':1003,CLONE,2D2110CD-6174-5616-9769-4B45654F2AF5,b'-bash':1003,ta1-theia-1
1557757065.073:2197,92435396-4819-534C-B865-E617C7DDC1FF:b'sshd: admin@pts/0   ':1003,CLONE,1E483095-E86E-5A87-800A-1DEB281C8038,b'-bash':1003,ta1-theia-1
1557757065.061:2,69B34F05-B199-5001-8D19-F389AA7BE85D:b'-bash':1003,CLONE,4410BA42-FC5A-5FB1-BBFE-F7AFFDA5BF1C,b'-bash':1003,ta1-theia-1
1557757065.061:1,69B34F05-B199-5001-8D19-F389AA7BE85D:b'-bash':1003,CLONE,FB9FE0E8-F6EA-5B7C-95AE-A2C3E0326073,b'-bash':1003,ta1-theia-1
1557757065.061:2182,92435396-4819-534C-B865-E617C7DDC1FF:b'sshd: admin@pts/0   ':1003,CLONE,69B34F05-B199-5001-8D19-F389AA7BE85D,b'-bash':1003,ta1-theia-1
1557757065.053:2,CCF8A882-661A-5C76-93E6-AEEF1A9C603A:b'-bash':1003,CLONE,A95A8AD9-DFFB-570D-B736-F4FFFA0CFB95,b'-bash':1003,ta1-theia-1
1557757065.053:1,CCF8A882-661A-5C76-93E6-AEEF1A9C603A:b'-bash':1003,CLONE,12661432-DF8A-5695-82BE-F0C482009AA8,b'-bash':1003,ta1-theia-1
1557757065.053:2167,92435396-4819-534C-B865-E617C7DDC1FF:b'sshd: admin@pts/0   ':1003,CLONE,CCF8A882-661A-5C76-93E6-AEEF1A9C603A,b'-bash':1003,ta1-theia-1
1557757065.040:2,CAF3C7DF-3770-54D7-8175-C4261AE3129D:b'-bash':1003,CLONE,78139A80-9D8F-5244-B36A-1D6605321AF8,b'-bash':1003,ta1-theia-1
1557757065.040:1,CAF3C7DF-3770-54D7-8175-C4261AE3129D:b'-bash':1003,CLONE,5EF83D81-791F-55CB-A773-C8C03F7B1488,b'-bash':1003,ta1-theia-1
1557757065.040:2152,92435396-4819-534C-B865-E617C7DDC1FF:b'sshd: admin@pts/0   ':1003,CLONE,CAF3C7DF-3770-54D7-8175-C4261AE3129D,b'-bash':1003,ta1-theia-1
1557757065.038:2,74D1BEB1-7113-5434-A17F-6A297CA9E663:b'-bash':1003,CLONE,ED8E3984-0237-502D-A66E-99AC092F80EC,b'-bash':1003,ta1-theia-1
1557757065.037:1,74D1BEB1-7113-5434-A17F-6A297CA9E663:b'-bash':1003,CLONE,170322B8-0344-5828-814B-67E897FE7984,b'-bash':1003,ta1-theia-1
1557757065.037:2137,92435396-4819-534C-B865-E617C7DDC1FF:b'sshd: admin@pts/0   ':1003,CLONE,74D1BEB1-7113-5434-A17F-6A297CA9E663,b'-bash':1003,ta1-theia-1
1557757065.024:2,CB30D97F-46C2-59FB-833A-7F488ABE93D5:b'-bash':1003,CLONE,7B69AB92-176E-5DB7-9D2E-E91120471C35,b'-bash':1003,ta1-theia-1
1557757065.024:1,CB30D97F-46C2-59FB-833A-7F488ABE93D5:b'-bash':1003,CLONE,E43A14D0-A461-578B-AA7F-A7ECD68DBD29,b'-bash':1003,ta1-theia-1
1557757065.024:2122,92435396-4819-534C-B865-E617C7DDC1FF:b'sshd: admin@pts/0   ':1003,CLONE,CB30D97F-46C2-59FB-833A-7F488ABE93D5,b'-bash':1003,ta1-theia-1
1557757065.021:2028,92435396-4819-534C-B865-E617C7DDC1FF:b'sshd: admin@pts/0   ':1003,CLONE,5041DC01-886F-52C4-A9F7-6EEBDF86C396,b'-bash':1003,ta1-theia-1
1557757064.990:0,5F7A4EDB-8884-5C0B-B894-BBF5509C3682:b'-bash':1003,CLONE,7182208E-29AA-5E20-8033-84E9DE9DCBDD,b'-bash':1003,ta1-theia-1
1557757064.990:991,92435396-4819-534C-B865-E617C7DDC1FF:b'sshd: admin@pts/0   ':1003,CLONE,5F7A4EDB-8884-5C0B-B894-BBF5509C3682,b'-bash':1003,ta1-theia-1
1557757064.924:2,8A1E49A2-C4CE-57BC-9489-4A92E4EB0571:b'-bash':1003,CLONE,8FB9AF91-A9F6-5082-B8B7-6008D4E921B1,b'-bash':1003,ta1-theia-1
1557757064.924:1,8A1E49A2-C4CE-57BC-9489-4A92E4EB0571:b'-bash':1003,CLONE,C3BA6CAC-8836-552A-A036-BFC9A792DA4F,b'-bash':1003,ta1-theia-1
1557757064.923:980,92435396-4819-534C-B865-E617C7DDC1FF:b'sshd: admin@pts/0   ':1003,CLONE,8A1E49A2-C4CE-57BC-9489-4A92E4EB0571,b'-bash':1003,ta1-theia-1
1557757064.743:0,EB910910-31D2-5CF5-8D7C-CC293E245C2C:b'-bash':1003,CLONE,80B966E7-2FF7-5496-B8D9-5418D4DEE96F,b'-bash':1003,ta1-theia-1
1557757064.742:118,92435396-4819-534C-B865-E617C7DDC1FF:b'sshd: admin@pts/0   ':1003,CLONE,EB910910-31D2-5CF5-8D7C-CC293E245C2C,b'-bash':1003,ta1-theia-1
1557757064.602:34,114BE382-44CA-57CC-95CD-BA826E494001:b'sshd: admin [priv]  ':0,CLONE,92435396-4819-534C-B865-E617C7DDC1FF,b'sshd: admin@pts/0   ':1003,ta1-theia-1
1557757064.300:635,90E23935-9416-53E1-8EF7-DBE991E0494F:b'/usr/sbin/sshd -D':0,CLONE,114BE382-44CA-57CC-95CD-BA826E494001,b'sshd: admin [priv]  ':0,ta1-theia-1
1557757064.141:35,DC38F6C2-289F-51EE-95AA-0BB437459775:b'sh -c /usr/bin/env -i PATH=/usr/local/sbin:/usr/local/bin:/usr/sbin:/usr/bin:/sbin:/bin run-parts --lsbsysinit /etc/update-motd.d > /var/run/motd.new':0,CLONE,D0D21E24-0CDE-5D60-BD17-A701911CE356,b'run-parts --lsbsysinit /etc/update-motd.d':0,ta1-theia-1
1557757064.073:34,DC38F6C2-289F-51EE-95AA-0BB437459775:b'sh -c /usr/bin/env -i PATH=/usr/local/sbin:/usr/local/bin:/usr/sbin:/usr/bin:/sbin:/bin run-parts --lsbsysinit /etc/update-motd.d > /var/run/motd.new':0,CLONE,B09BE2DF-68F7-5EF7-AC52-82470DEDD753,b'run-parts --lsbsysinit /etc/update-motd.d':0,ta1-theia-1
1557757063.938:0,5C7FBADC-85C2-5ADC-8784-FCBC720038A7:b'/bin/sh /usr/lib/update-notifier/update-motd-fsck-at-reboot':0,EXECUTE,0100D00F-9E00-3200-0000-0000B790005A,/bin/cat:0,ta1-theia-1
1557757063.937:124,1B7E1571-46A1-58E3-8A6F-57B799B3C065:b'run-parts --lsbsysinit /etc/update-motd.d':0,CLONE,5C7FBADC-85C2-5ADC-8784-FCBC720038A7,b'/bin/sh /usr/lib/update-notifier/update-motd-fsck-at-reboot':0,ta1-theia-1
1557757063.857:121,1B7E1571-46A1-58E3-8A6F-57B799B3C065:b'run-parts --lsbsysinit /etc/update-motd.d':0,CLONE,4E93CEC7-F53E-59EA-BA79-EA29415DEF64,b'/bin/sh /usr/lib/update-notifier/update-motd-fsck-at-reboot':0,ta1-theia-1
1557757063.723:4,16EE0C8C-5BB1-59E7-B099-C4EBF3285570:b'/bin/sh /usr/lib/update-notifier/update-motd-fsck-at-reboot':0,CLONE,6DA4916F-208B-5030-A7D7-E835DD067973,b'/bin/sh /usr/lib/update-notifier/update-motd-fsck-at-reboot':0,ta1-theia-1
1557757063.723:3,16EE0C8C-5BB1-59E7-B099-C4EBF3285570:b'/bin/sh /usr/lib/update-notifier/update-motd-fsck-at-reboot':0,CLONE,27BA896E-997D-51B5-BCAE-071BB5028216,b'/bin/sh /usr/lib/update-notifier/update-motd-fsck-at-reboot':0,ta1-theia-1
1557757063.722:1,16EE0C8C-5BB1-59E7-B099-C4EBF3285570:b'/bin/sh /usr/lib/update-notifier/update-motd-fsck-at-reboot':0,CLONE,4DE9796A-82F1-5CC5-A58A-C88AE2B8C67F,b'/bin/sh /usr/lib/update-notifier/update-motd-fsck-at-reboot':0,ta1-theia-1
1557757063.722:118,1B7E1571-46A1-58E3-8A6F-57B799B3C065:b'run-parts --lsbsysinit /etc/update-motd.d':0,CLONE,16EE0C8C-5BB1-59E7-B099-C4EBF3285570,b'/bin/sh /usr/lib/update-notifier/update-motd-fsck-at-reboot':0,ta1-theia-1
1557757063.586:6,75124D22-97F6-54F2-9EC7-656EE47EF557:b'/bin/sh /usr/lib/update-notifier/update-motd-fsck-at-reboot':0,CLONE,F13EB050-9ACA-553D-AEAE-A07496EEC8E5,b'/bin/sh /usr/lib/update-notifier/update-motd-fsck-at-reboot':0,ta1-theia-1
1557757063.586:5,75124D22-97F6-54F2-9EC7-656EE47EF557:b'/bin/sh /usr/lib/update-notifier/update-motd-fsck-at-reboot':0,CLONE,7BF6F232-263F-5BD4-8206-8D038BA2737F,b'/bin/sh /usr/lib/update-notifier/update-motd-fsck-at-reboot':0,ta1-theia-1
1557757063.586:3,75124D22-97F6-54F2-9EC7-656EE47EF557:b'/bin/sh /usr/lib/update-notifier/update-motd-fsck-at-reboot':0,CLONE,6AEEAA9C-B523-5EAC-8701-71E72D06A1F1,b'/bin/sh /usr/lib/update-notifier/update-motd-fsck-at-reboot':0,ta1-theia-1
1557757063.586:1,75124D22-97F6-54F2-9EC7-656EE47EF557:b'/bin/sh /usr/lib/update-notifier/update-motd-fsck-at-reboot':0,CLONE,9AA9413B-8E16-5D21-A0C0-3B893B04D586,b'/bin/sh /usr/lib/update-notifier/update-motd-fsck-at-reboot':0,ta1-theia-1
1557757063.585:114,1B7E1571-46A1-58E3-8A6F-57B799B3C065:b'run-parts --lsbsysinit /etc/update-motd.d':0,CLONE,75124D22-97F6-54F2-9EC7-656EE47EF557,b'/bin/sh /usr/lib/update-notifier/update-motd-fsck-at-reboot':0,ta1-theia-1
1557757063.494:4,56782796-EB1E-525D-8220-F03F939A0ACB:b'/bin/sh /usr/lib/update-notifier/update-motd-fsck-at-reboot':0,CLONE,FCA469DE-84A9-5D70-9E3E-9EFF60C58BD9,b'/bin/sh /usr/lib/update-notifier/update-motd-fsck-at-reboot':0,ta1-theia-1
1557757063.494:3,56782796-EB1E-525D-8220-F03F939A0ACB:b'/bin/sh /usr/lib/update-notifier/update-motd-fsck-at-reboot':0,CLONE,8F7963DD-1CB2-5AEC-BD1A-035FB7E95E88,b'/bin/sh /usr/lib/update-notifier/update-motd-fsck-at-reboot':0,ta1-theia-1
1557757063.494:1,56782796-EB1E-525D-8220-F03F939A0ACB:b'/bin/sh /usr/lib/update-notifier/update-motd-fsck-at-reboot':0,CLONE,0CBA1482-DF6A-5967-8745-6C492C32CD9B,b'/bin/sh /usr/lib/update-notifier/update-motd-fsck-at-reboot':0,ta1-theia-1
1557757063.494:110,1B7E1571-46A1-58E3-8A6F-57B799B3C065:b'run-parts --lsbsysinit /etc/update-motd.d':0,CLONE,56782796-EB1E-525D-8220-F03F939A0ACB,b'/bin/sh /usr/lib/update-notifier/update-motd-fsck-at-reboot':0,ta1-theia-1
1557757063.414:4,CE5922EA-F3C2-51AF-B712-175CDEA3F46D:b'/bin/sh /usr/lib/update-notifier/update-motd-fsck-at-reboot':0,CLONE,FC4A0FA7-8211-580A-BDC5-A57D64EBE282,b'/bin/sh /usr/lib/update-notifier/update-motd-fsck-at-reboot':0,ta1-theia-1
1557757063.414:3,CE5922EA-F3C2-51AF-B712-175CDEA3F46D:b'/bin/sh /usr/lib/update-notifier/update-motd-fsck-at-reboot':0,CLONE,6B87C847-FF7B-515B-A97C-F6D0B4296FD3,b'/bin/sh /usr/lib/update-notifier/update-motd-fsck-at-reboot':0,ta1-theia-1
1557757063.414:1,CE5922EA-F3C2-51AF-B712-175CDEA3F46D:b'/bin/sh /usr/lib/update-notifier/update-motd-fsck-at-reboot':0,CLONE,B8741F84-CF90-58DF-A560-AFEA764C90F0,b'/bin/sh /usr/lib/update-notifier/update-motd-fsck-at-reboot':0,ta1-theia-1
1557757063.413:106,1B7E1571-46A1-58E3-8A6F-57B799B3C065:b'run-parts --lsbsysinit /etc/update-motd.d':0,CLONE,CE5922EA-F3C2-51AF-B712-175CDEA3F46D,b'/bin/sh /usr/lib/update-notifier/update-motd-fsck-at-reboot':0,ta1-theia-1
1557757063.145:88,1B7E1571-46A1-58E3-8A6F-57B799B3C065:b'run-parts --lsbsysinit /etc/update-motd.d':0,CLONE,8F797FD8-B683-5CF9-B79B-AC932E9DB483,b'/bin/sh /usr/lib/update-notifier/update-motd-fsck-at-reboot':0,ta1-theia-1
1557757063.069:84,1B7E1571-46A1-58E3-8A6F-57B799B3C065:b'run-parts --lsbsysinit /etc/update-motd.d':0,CLONE,6E7C33A5-2F04-5772-B5CA-9801E40D2AA6,b'/bin/sh /usr/lib/update-notifier/update-motd-fsck-at-reboot':0,ta1-theia-1
1557757062.943:4,85BA7399-8DB2-560D-A6AD-817F9BB151F0:b'/bin/sh /usr/lib/update-notifier/update-motd-fsck-at-reboot':0,CLONE,4D410C2D-9983-5BE1-92A2-F7347BB063ED,b'/bin/sh /usr/lib/update-notifier/update-motd-fsck-at-reboot':0,ta1-theia-1
1557757062.942:3,85BA7399-8DB2-560D-A6AD-817F9BB151F0:b'/bin/sh /usr/lib/update-notifier/update-motd-fsck-at-reboot':0,CLONE,4082E4EE-1BEF-5E8D-97C0-8EB554337F8B,b'/bin/sh /usr/lib/update-notifier/update-motd-fsck-at-reboot':0,ta1-theia-1
1557757062.942:1,85BA7399-8DB2-560D-A6AD-817F9BB151F0:b'/bin/sh /usr/lib/update-notifier/update-motd-fsck-at-reboot':0,CLONE,356BB1A4-6B9C-5AFF-8451-DAA5DBD4A50F,b'/bin/sh /usr/lib/update-notifier/update-motd-fsck-at-reboot':0,ta1-theia-1
1557757062.942:81,1B7E1571-46A1-58E3-8A6F-57B799B3C065:b'run-parts --lsbsysinit /etc/update-motd.d':0,CLONE,85BA7399-8DB2-560D-A6AD-817F9BB151F0,b'/bin/sh /usr/lib/update-notifier/update-motd-fsck-at-reboot':0,ta1-theia-1
1557757062.806:6,A6869B7C-3C69-58F8-807F-3D752E38011B:b'/bin/sh /usr/lib/update-notifier/update-motd-fsck-at-reboot':0,CLONE,0046BE66-AC76-5187-9515-F44E76F06174,b'/bin/sh /usr/lib/update-notifier/update-motd-fsck-at-reboot':0,ta1-theia-1
1557757062.806:5,A6869B7C-3C69-58F8-807F-3D752E38011B:b'/bin/sh /usr/lib/update-notifier/update-motd-fsck-at-reboot':0,CLONE,4045AE68-86CD-5561-92CB-F2E06BA8F4C2,b'/bin/sh /usr/lib/update-notifier/update-motd-fsck-at-reboot':0,ta1-theia-1
1557757062.806:3,A6869B7C-3C69-58F8-807F-3D752E38011B:b'/bin/sh /usr/lib/update-notifier/update-motd-fsck-at-reboot':0,CLONE,326AB150-1B9E-5A7D-856A-D7DAD7DC78D2,b'/bin/sh /usr/lib/update-notifier/update-motd-fsck-at-reboot':0,ta1-theia-1
1557757062.806:1,A6869B7C-3C69-58F8-807F-3D752E38011B:b'/bin/sh /usr/lib/update-notifier/update-motd-fsck-at-reboot':0,CLONE,FAECCFCC-EB6A-5748-9725-CC141008E12F,b'/bin/sh /usr/lib/update-notifier/update-motd-fsck-at-reboot':0,ta1-theia-1
1557757062.805:77,1B7E1571-46A1-58E3-8A6F-57B799B3C065:b'run-parts --lsbsysinit /etc/update-motd.d':0,CLONE,A6869B7C-3C69-58F8-807F-3D752E38011B,b'/bin/sh /usr/lib/update-notifier/update-motd-fsck-at-reboot':0,ta1-theia-1
1557757062.679:4,AF050254-5E30-5B01-A512-34E2AEC16A6A:b'/bin/sh /usr/lib/update-notifier/update-motd-fsck-at-reboot':0,CLONE,CBC17417-5B3F-5BE3-B873-8D46682F9943,b'/bin/sh /usr/lib/update-notifier/update-motd-fsck-at-reboot':0,ta1-theia-1
1557757062.678:3,AF050254-5E30-5B01-A512-34E2AEC16A6A:b'/bin/sh /usr/lib/update-notifier/update-motd-fsck-at-reboot':0,CLONE,2A5BC0B1-C0D1-5C76-8455-27473F2AB3AD,b'/bin/sh /usr/lib/update-notifier/update-motd-fsck-at-reboot':0,ta1-theia-1
1557757062.678:1,AF050254-5E30-5B01-A512-34E2AEC16A6A:b'/bin/sh /usr/lib/update-notifier/update-motd-fsck-at-reboot':0,CLONE,C02F3137-5029-55EA-A406-28B5258D9803,b'/bin/sh /usr/lib/update-notifier/update-motd-fsck-at-reboot':0,ta1-theia-1
1557757062.678:73,1B7E1571-46A1-58E3-8A6F-57B799B3C065:b'run-parts --lsbsysinit /etc/update-motd.d':0,CLONE,AF050254-5E30-5B01-A512-34E2AEC16A6A,b'/bin/sh /usr/lib/update-notifier/update-motd-fsck-at-reboot':0,ta1-theia-1
1557757062.602:4,A7315292-736D-5F89-892E-9308D5687531:b'/bin/sh /usr/lib/update-notifier/update-motd-fsck-at-reboot':0,CLONE,BAC1F9A1-DAB3-590C-94B3-BE90665267AB,b'/bin/sh /usr/lib/update-notifier/update-motd-fsck-at-reboot':0,ta1-theia-1
1557757062.602:3,A7315292-736D-5F89-892E-9308D5687531:b'/bin/sh /usr/lib/update-notifier/update-motd-fsck-at-reboot':0,CLONE,F5698CDF-D277-52DA-B0DA-F1D430067D26,b'/bin/sh /usr/lib/update-notifier/update-motd-fsck-at-reboot':0,ta1-theia-1
1557757062.602:1,A7315292-736D-5F89-892E-9308D5687531:b'/bin/sh /usr/lib/update-notifier/update-motd-fsck-at-reboot':0,CLONE,9F515A60-CCB5-58DE-81C2-E04AA21A2E56,b'/bin/sh /usr/lib/update-notifier/update-motd-fsck-at-reboot':0,ta1-theia-1
1557757062.601:69,1B7E1571-46A1-58E3-8A6F-57B799B3C065:b'run-parts --lsbsysinit /etc/update-motd.d':0,CLONE,A7315292-736D-5F89-892E-9308D5687531,b'/bin/sh /usr/lib/update-notifier/update-motd-fsck-at-reboot':0,ta1-theia-1
1557757062.430:51,1B7E1571-46A1-58E3-8A6F-57B799B3C065:b'run-parts --lsbsysinit /etc/update-motd.d':0,CLONE,18B1C932-4254-595D-A44C-D68EA067324B,b'/bin/sh /usr/lib/update-notifier/update-motd-fsck-at-reboot':0,ta1-theia-1
1557757062.334:2,C4F95487-5C26-5B27-BFA6-5FF043B21267:b'/bin/sh /usr/lib/update-notifier/update-motd-fsck-at-reboot':0,CLONE,3759E7AD-4540-5C57-940B-6BF545D4EFD5,b'/bin/sh /usr/lib/update-notifier/update-motd-fsck-at-reboot':0,ta1-theia-1
1557757062.334:1,C4F95487-5C26-5B27-BFA6-5FF043B21267:b'/bin/sh /usr/lib/update-notifier/update-motd-fsck-at-reboot':0,CLONE,0D3E33D7-9E3E-5E94-A18B-7FD0FADDAC1C,b'/bin/sh /usr/lib/update-notifier/update-motd-fsck-at-reboot':0,ta1-theia-1
1557757062.333:47,1B7E1571-46A1-58E3-8A6F-57B799B3C065:b'run-parts --lsbsysinit /etc/update-motd.d':0,CLONE,C4F95487-5C26-5B27-BFA6-5FF043B21267,b'/bin/sh /usr/lib/update-notifier/update-motd-fsck-at-reboot':0,ta1-theia-1
1557757062.257:40,1B7E1571-46A1-58E3-8A6F-57B799B3C065:b'run-parts --lsbsysinit /etc/update-motd.d':0,CLONE,3662FC17-7835-57BF-BCFA-A780D39BDE06,b'/bin/sh /usr/lib/update-notifier/update-motd-fsck-at-reboot':0,ta1-theia-1
1557757062.197:36,1B7E1571-46A1-58E3-8A6F-57B799B3C065:b'run-parts --lsbsysinit /etc/update-motd.d':0,CLONE,B3319329-83AF-50AF-A2E5-F5CA3E6ADC1B,b'/bin/sh /usr/lib/update-notifier/update-motd-fsck-at-reboot':0,ta1-theia-1
1557757062.193:33,DC38F6C2-289F-51EE-95AA-0BB437459775:b'sh -c /usr/bin/env -i PATH=/usr/local/sbin:/usr/local/bin:/usr/sbin:/usr/bin:/sbin:/bin run-parts --lsbsysinit /etc/update-motd.d > /var/run/motd.new':0,CLONE,1B7E1571-46A1-58E3-8A6F-57B799B3C065,b'run-parts --lsbsysinit /etc/update-motd.d':0,ta1-theia-1
1557757062.078:0,452D9382-0CB4-5756-ACE0-12E3AE412F5E:b'/bin/sh -e /usr/lib/update-notifier/update-motd-hwe-eol':0,EXECUTE,0100D00F-9E00-3200-0000-0000B790005A,/bin/cat:0,ta1-theia-1
1557757062.077:57,D6B97D97-5474-5F06-89A7-32EC277FFE4D:b'run-parts --lsbsysinit /etc/update-motd.d':0,CLONE,452D9382-0CB4-5756-ACE0-12E3AE412F5E,b'/bin/sh -e /usr/lib/update-notifier/update-motd-hwe-eol':0,ta1-theia-1
1557757061.977:55,D6B97D97-5474-5F06-89A7-32EC277FFE4D:b'run-parts --lsbsysinit /etc/update-motd.d':0,CLONE,CAA4E0DC-6BF4-5170-A105-C1EFE1B7BF07,b'/bin/sh -e /usr/lib/update-notifier/update-motd-hwe-eol':0,ta1-theia-1
1557757061.868:105,6A3287AD-956B-5240-8205-A5C97429D1FC:b'/bin/sh -e /usr/lib/update-notifier/update-motd-hwe-eol':0,CLONE,7E2D2598-E7BC-55B8-B4AE-A789611917B0,b'apt-config shell DpkgStatusDir Dir::State::status':0,ta1-theia-1
1557757061.857:51,D6B97D97-5474-5F06-89A7-32EC277FFE4D:b'run-parts --lsbsysinit /etc/update-motd.d':0,CLONE,6A3287AD-956B-5240-8205-A5C97429D1FC,b'/bin/sh -e /usr/lib/update-notifier/update-motd-hwe-eol':0,ta1-theia-1
1557757061.748:105,AA99F98C-D313-59C6-8C0E-DB2709DCE3E0:b'/bin/sh -e /usr/lib/update-notifier/update-motd-hwe-eol':0,CLONE,C22A8391-9B91-54EC-9935-F3826795E9BC,b'apt-config shell SourceList Dir::Etc::sourcelist':0,ta1-theia-1
1557757061.737:47,D6B97D97-5474-5F06-89A7-32EC277FFE4D:b'run-parts --lsbsysinit /etc/update-motd.d':0,CLONE,AA99F98C-D313-59C6-8C0E-DB2709DCE3E0,b'/bin/sh -e /usr/lib/update-notifier/update-motd-hwe-eol':0,ta1-theia-1
1557757061.627:105,47566A87-1E51-5204-8A4D-AD2150BB2246:b'/bin/sh -e /usr/lib/update-notifier/update-motd-hwe-eol':0,CLONE,FB3EA4EC-AD6A-5E56-B156-C8E8E3D75746,b'apt-config shell EtcDir Dir::Etc':0,ta1-theia-1
1557757061.617:43,D6B97D97-5474-5F06-89A7-32EC277FFE4D:b'run-parts --lsbsysinit /etc/update-motd.d':0,CLONE,47566A87-1E51-5204-8A4D-AD2150BB2246,b'/bin/sh -e /usr/lib/update-notifier/update-motd-hwe-eol':0,ta1-theia-1
1557757061.507:105,3F92F0CC-7FD0-5617-9B97-F652439D9FFB:b'/bin/sh -e /usr/lib/update-notifier/update-motd-hwe-eol':0,CLONE,B11B94C3-7658-52E3-AB1F-974D99CB3651,b'apt-config shell ListDir Dir::State::Lists':0,ta1-theia-1
1557757061.497:39,D6B97D97-5474-5F06-89A7-32EC277FFE4D:b'run-parts --lsbsysinit /etc/update-motd.d':0,CLONE,3F92F0CC-7FD0-5617-9B97-F652439D9FFB,b'/bin/sh -e /usr/lib/update-notifier/update-motd-hwe-eol':0,ta1-theia-1
1557757061.367:105,F63A48E8-2D0D-5E7B-A551-76C0FE0FD473:b'/bin/sh -e /usr/lib/update-notifier/update-motd-hwe-eol':0,CLONE,B3CECE11-7F91-5C79-86BB-6E44108FC425,b'apt-config shell StateDir Dir::State':0,ta1-theia-1
1557757061.357:35,D6B97D97-5474-5F06-89A7-32EC277FFE4D:b'run-parts --lsbsysinit /etc/update-motd.d':0,CLONE,F63A48E8-2D0D-5E7B-A551-76C0FE0FD473,b'/bin/sh -e /usr/lib/update-notifier/update-motd-hwe-eol':0,ta1-theia-1
1557757061.353:32,DC38F6C2-289F-51EE-95AA-0BB437459775:b'sh -c /usr/bin/env -i PATH=/usr/local/sbin:/usr/local/bin:/usr/sbin:/usr/bin:/sbin:/bin run-parts --lsbsysinit /etc/update-motd.d > /var/run/motd.new':0,CLONE,D6B97D97-5474-5F06-89A7-32EC277FFE4D,b'run-parts --lsbsysinit /etc/update-motd.d':0,ta1-theia-1
1557757061.235:0,32C255FB-BA6B-57B6-A14E-832B6806FCAB:b'/bin/sh -e /usr/lib/update-manager/release-upgrade-motd':0,EXECUTE,0100D00F-9E00-3200-0000-0000B790005A,/bin/cat:0,ta1-theia-1
1557757061.234:34,5709DA23-5E4B-5822-B4EF-D7E913871D38:b'run-parts --lsbsysinit /etc/update-motd.d':0,CLONE,32C255FB-BA6B-57B6-A14E-832B6806FCAB,b'/bin/sh -e /usr/lib/update-manager/release-upgrade-motd':0,ta1-theia-1
1557757061.229:31,DC38F6C2-289F-51EE-95AA-0BB437459775:b'sh -c /usr/bin/env -i PATH=/usr/local/sbin:/usr/local/bin:/usr/sbin:/usr/bin:/sbin:/bin run-parts --lsbsysinit /etc/update-motd.d > /var/run/motd.new':0,CLONE,5709DA23-5E4B-5822-B4EF-D7E913871D38,b'run-parts --lsbsysinit /etc/update-motd.d':0,ta1-theia-1
1557757061.038:0,E4055896-2B08-5148-A34C-5593E9C8AEF4:b'/bin/sh -e /usr/lib/update-notifier/update-motd-updates-available':0,EXECUTE,0100D00F-9E00-3200-0000-0000B790005A,/bin/cat:0,ta1-theia-1
1557757061.037:447,260C4CEC-242B-5D3E-94BD-D0B6726FED3A:b'run-parts --lsbsysinit /etc/update-motd.d':0,CLONE,E4055896-2B08-5148-A34C-5593E9C8AEF4,b'/bin/sh -e /usr/lib/update-notifier/update-motd-updates-available':0,ta1-theia-1
1557757060.985:444,260C4CEC-242B-5D3E-94BD-D0B6726FED3A:b'run-parts --lsbsysinit /etc/update-motd.d':0,CLONE,3A301ECF-B9D5-5A46-A0E6-FDD92EA62CCF,b'/bin/sh -e /usr/lib/update-notifier/update-motd-updates-available':0,ta1-theia-1
1557757060.879:105,5619892E-C300-5C22-8400-06E0A2235DE4:b'/bin/sh -e /usr/lib/update-notifier/update-motd-updates-available':0,CLONE,AA7A3B28-CAEA-599A-BD48-A2CB90D0C73E,b'apt-config shell SourceList Dir::Etc::sourcelist':0,ta1-theia-1
1557757060.869:440,260C4CEC-242B-5D3E-94BD-D0B6726FED3A:b'run-parts --lsbsysinit /etc/update-motd.d':0,CLONE,5619892E-C300-5C22-8400-06E0A2235DE4,b'/bin/sh -e /usr/lib/update-notifier/update-motd-updates-available':0,ta1-theia-1
1557757060.763:105,3B534B49-AB13-5616-BC8A-0CC096F32299:b'/bin/sh -e /usr/lib/update-notifier/update-motd-updates-available':0,CLONE,5D8563E8-721F-59CD-8F5E-224242CD1C89,b'apt-config shell EtcDir Dir::Etc':0,ta1-theia-1
1557757060.753:436,260C4CEC-242B-5D3E-94BD-D0B6726FED3A:b'run-parts --lsbsysinit /etc/update-motd.d':0,CLONE,3B534B49-AB13-5616-BC8A-0CC096F32299,b'/bin/sh -e /usr/lib/update-notifier/update-motd-updates-available':0,ta1-theia-1
1557757060.705:432,260C4CEC-242B-5D3E-94BD-D0B6726FED3A:b'run-parts --lsbsysinit /etc/update-motd.d':0,CLONE,FAC194E9-DB3D-59FD-85F9-EE19F1C5C06A,b'/bin/sh -e /usr/lib/update-notifier/update-motd-updates-available':0,ta1-theia-1
1557757060.657:428,260C4CEC-242B-5D3E-94BD-D0B6726FED3A:b'run-parts --lsbsysinit /etc/update-motd.d':0,CLONE,71B124C0-E78E-5671-87DB-9F2F96CCA4AA,b'/bin/sh -e /usr/lib/update-notifier/update-motd-updates-available':0,ta1-theia-1
1557757060.609:424,260C4CEC-242B-5D3E-94BD-D0B6726FED3A:b'run-parts --lsbsysinit /etc/update-motd.d':0,CLONE,D88D42EB-24A3-57C4-8F4F-FF4190515DFB,b'/bin/sh -e /usr/lib/update-notifier/update-motd-updates-available':0,ta1-theia-1
1557757060.561:420,260C4CEC-242B-5D3E-94BD-D0B6726FED3A:b'run-parts --lsbsysinit /etc/update-motd.d':0,CLONE,FA26C835-EC2E-54A8-8222-CDCA2EF73C6F,b'/bin/sh -e /usr/lib/update-notifier/update-motd-updates-available':0,ta1-theia-1
1557757060.509:416,260C4CEC-242B-5D3E-94BD-D0B6726FED3A:b'run-parts --lsbsysinit /etc/update-motd.d':0,CLONE,DA3CAEE3-CE49-57B3-BCA0-FF64E1F7CB13,b'/bin/sh -e /usr/lib/update-notifier/update-motd-updates-available':0,ta1-theia-1
1557757060.457:412,260C4CEC-242B-5D3E-94BD-D0B6726FED3A:b'run-parts --lsbsysinit /etc/update-motd.d':0,CLONE,B4C7E62E-CF23-5BED-83FE-1D5C69FBAF2A,b'/bin/sh -e /usr/lib/update-notifier/update-motd-updates-available':0,ta1-theia-1
1557757060.405:408,260C4CEC-242B-5D3E-94BD-D0B6726FED3A:b'run-parts --lsbsysinit /etc/update-motd.d':0,CLONE,FEE5ECD0-B2E6-5119-8737-6FD7E951D3B5,b'/bin/sh -e /usr/lib/update-notifier/update-motd-updates-available':0,ta1-theia-1
1557757060.353:404,260C4CEC-242B-5D3E-94BD-D0B6726FED3A:b'run-parts --lsbsysinit /etc/update-motd.d':0,CLONE,4A8DB603-AC67-5C10-8628-A1A500893E98,b'/bin/sh -e /usr/lib/update-notifier/update-motd-updates-available':0,ta1-theia-1
1557757060.301:400,260C4CEC-242B-5D3E-94BD-D0B6726FED3A:b'run-parts --lsbsysinit /etc/update-motd.d':0,CLONE,5588D1EB-1EE9-5C55-955B-7AFFCAE65552,b'/bin/sh -e /usr/lib/update-notifier/update-motd-updates-available':0,ta1-theia-1
1557757060.249:396,260C4CEC-242B-5D3E-94BD-D0B6726FED3A:b'run-parts --lsbsysinit /etc/update-motd.d':0,CLONE,66E1E12F-C19B-578A-B326-6548D83D5B0A,b'/bin/sh -e /usr/lib/update-notifier/update-motd-updates-available':0,ta1-theia-1
1557757060.193:392,260C4CEC-242B-5D3E-94BD-D0B6726FED3A:b'run-parts --lsbsysinit /etc/update-motd.d':0,CLONE,AD0B345A-277F-5A12-9B9E-FF099CAADF43,b'/bin/sh -e /usr/lib/update-notifier/update-motd-updates-available':0,ta1-theia-1
1557757060.081:388,260C4CEC-242B-5D3E-94BD-D0B6726FED3A:b'run-parts --lsbsysinit /etc/update-motd.d':0,CLONE,ADB5FB45-193D-5273-9D14-D81690C3C6A6,b'/bin/sh -e /usr/lib/update-notifier/update-motd-updates-available':0,ta1-theia-1
1557757060.025:384,260C4CEC-242B-5D3E-94BD-D0B6726FED3A:b'run-parts --lsbsysinit /etc/update-motd.d':0,CLONE,182BA142-01BE-543B-9723-EC2035F77ABE,b'/bin/sh -e /usr/lib/update-notifier/update-motd-updates-available':0,ta1-theia-1
1557757059.969:380,260C4CEC-242B-5D3E-94BD-D0B6726FED3A:b'run-parts --lsbsysinit /etc/update-motd.d':0,CLONE,B0D82DA4-FF5D-5E39-A926-6FE8608F11D3,b'/bin/sh -e /usr/lib/update-notifier/update-motd-updates-available':0,ta1-theia-1
1557757059.921:376,260C4CEC-242B-5D3E-94BD-D0B6726FED3A:b'run-parts --lsbsysinit /etc/update-motd.d':0,CLONE,AA714E26-6EEB-5C82-B237-642537F3DDC4,b'/bin/sh -e /usr/lib/update-notifier/update-motd-updates-available':0,ta1-theia-1
1557757059.873:372,260C4CEC-242B-5D3E-94BD-D0B6726FED3A:b'run-parts --lsbsysinit /etc/update-motd.d':0,CLONE,FB5D5B3F-67C4-5133-AF14-5068464DEB06,b'/bin/sh -e /usr/lib/update-notifier/update-motd-updates-available':0,ta1-theia-1
1557757059.825:368,260C4CEC-242B-5D3E-94BD-D0B6726FED3A:b'run-parts --lsbsysinit /etc/update-motd.d':0,CLONE,C1C6E142-1B17-5327-9C7F-AF5945E14710,b'/bin/sh -e /usr/lib/update-notifier/update-motd-updates-available':0,ta1-theia-1
1557757059.773:364,260C4CEC-242B-5D3E-94BD-D0B6726FED3A:b'run-parts --lsbsysinit /etc/update-motd.d':0,CLONE,6C0D9733-45C6-5029-B305-CB1FD752230E,b'/bin/sh -e /usr/lib/update-notifier/update-motd-updates-available':0,ta1-theia-1
1557757059.609:360,260C4CEC-242B-5D3E-94BD-D0B6726FED3A:b'run-parts --lsbsysinit /etc/update-motd.d':0,CLONE,E2396D31-6AF2-5A18-BC0D-DD002DA9BA55,b'/bin/sh -e /usr/lib/update-notifier/update-motd-updates-available':0,ta1-theia-1
1557757059.557:356,260C4CEC-242B-5D3E-94BD-D0B6726FED3A:b'run-parts --lsbsysinit /etc/update-motd.d':0,CLONE,3FB007E3-2A16-56B1-A1A4-4C7FD4ACAA8E,b'/bin/sh -e /usr/lib/update-notifier/update-motd-updates-available':0,ta1-theia-1
1557757059.505:352,260C4CEC-242B-5D3E-94BD-D0B6726FED3A:b'run-parts --lsbsysinit /etc/update-motd.d':0,CLONE,9C3F2612-5932-5CA2-B692-04AB42408C13,b'/bin/sh -e /usr/lib/update-notifier/update-motd-updates-available':0,ta1-theia-1
1557757059.453:348,260C4CEC-242B-5D3E-94BD-D0B6726FED3A:b'run-parts --lsbsysinit /etc/update-motd.d':0,CLONE,7DDE73D8-972E-51C1-BB96-16593E887736,b'/bin/sh -e /usr/lib/update-notifier/update-motd-updates-available':0,ta1-theia-1
1557757059.401:344,260C4CEC-242B-5D3E-94BD-D0B6726FED3A:b'run-parts --lsbsysinit /etc/update-motd.d':0,CLONE,209D992A-A928-5855-BC20-646390677355,b'/bin/sh -e /usr/lib/update-notifier/update-motd-updates-available':0,ta1-theia-1
1557757059.349:340,260C4CEC-242B-5D3E-94BD-D0B6726FED3A:b'run-parts --lsbsysinit /etc/update-motd.d':0,CLONE,0D38D9B8-D901-51D5-B391-D1D6838D2E63,b'/bin/sh -e /usr/lib/update-notifier/update-motd-updates-available':0,ta1-theia-1
1557757059.297:336,260C4CEC-242B-5D3E-94BD-D0B6726FED3A:b'run-parts --lsbsysinit /etc/update-motd.d':0,CLONE,A0D47E38-B348-5CC3-8C8E-C2D2E39201A3,b'/bin/sh -e /usr/lib/update-notifier/update-motd-updates-available':0,ta1-theia-1
1557757059.245:332,260C4CEC-242B-5D3E-94BD-D0B6726FED3A:b'run-parts --lsbsysinit /etc/update-motd.d':0,CLONE,3BAFEE2A-C1A0-50C1-B8E0-316E6608AE2E,b'/bin/sh -e /usr/lib/update-notifier/update-motd-updates-available':0,ta1-theia-1
1557757059.193:328,260C4CEC-242B-5D3E-94BD-D0B6726FED3A:b'run-parts --lsbsysinit /etc/update-motd.d':0,CLONE,70EFAB43-3DE1-5297-BB2B-CE0CE1D8AEBB,b'/bin/sh -e /usr/lib/update-notifier/update-motd-updates-available':0,ta1-theia-1
1557757059.141:324,260C4CEC-242B-5D3E-94BD-D0B6726FED3A:b'run-parts --lsbsysinit /etc/update-motd.d':0,CLONE,0867B468-BDA9-5B57-B17B-44E3E467E026,b'/bin/sh -e /usr/lib/update-notifier/update-motd-updates-available':0,ta1-theia-1
1557757059.081:320,260C4CEC-242B-5D3E-94BD-D0B6726FED3A:b'run-parts --lsbsysinit /etc/update-motd.d':0,CLONE,635DCB2A-446D-55CB-8BFD-F43ACA1046E1,b'/bin/sh -e /usr/lib/update-notifier/update-motd-updates-available':0,ta1-theia-1
1557757059.033:316,260C4CEC-242B-5D3E-94BD-D0B6726FED3A:b'run-parts --lsbsysinit /etc/update-motd.d':0,CLONE,149684D8-3FFC-5569-927D-CC6AE19CC7C2,b'/bin/sh -e /usr/lib/update-notifier/update-motd-updates-available':0,ta1-theia-1
1557757058.981:312,260C4CEC-242B-5D3E-94BD-D0B6726FED3A:b'run-parts --lsbsysinit /etc/update-motd.d':0,CLONE,C407EA4E-9604-53A4-B415-03AD16E73491,b'/bin/sh -e /usr/lib/update-notifier/update-motd-updates-available':0,ta1-theia-1
1557757058.925:308,260C4CEC-242B-5D3E-94BD-D0B6726FED3A:b'run-parts --lsbsysinit /etc/update-motd.d':0,CLONE,5279B460-7549-5D0A-B3C1-9CC678FB798C,b'/bin/sh -e /usr/lib/update-notifier/update-motd-updates-available':0,ta1-theia-1
1557757058.869:304,260C4CEC-242B-5D3E-94BD-D0B6726FED3A:b'run-parts --lsbsysinit /etc/update-motd.d':0,CLONE,EA7B8183-A02C-5106-BB8F-4BAC0B8BF3E5,b'/bin/sh -e /usr/lib/update-notifier/update-motd-updates-available':0,ta1-theia-1
1557757058.813:300,260C4CEC-242B-5D3E-94BD-D0B6726FED3A:b'run-parts --lsbsysinit /etc/update-motd.d':0,CLONE,9529AF13-A8DB-501D-A2C5-56E8620AAE23,b'/bin/sh -e /usr/lib/update-notifier/update-motd-updates-available':0,ta1-theia-1
1557757058.757:296,260C4CEC-242B-5D3E-94BD-D0B6726FED3A:b'run-parts --lsbsysinit /etc/update-motd.d':0,CLONE,5BFE4C50-B2DC-5D2E-971A-3C234D826A20,b'/bin/sh -e /usr/lib/update-notifier/update-motd-updates-available':0,ta1-theia-1
1557757058.701:292,260C4CEC-242B-5D3E-94BD-D0B6726FED3A:b'run-parts --lsbsysinit /etc/update-motd.d':0,CLONE,6DED32F8-2717-561C-8696-BD5792A0678F,b'/bin/sh -e /usr/lib/update-notifier/update-motd-updates-available':0,ta1-theia-1
1557757058.653:288,260C4CEC-242B-5D3E-94BD-D0B6726FED3A:b'run-parts --lsbsysinit /etc/update-motd.d':0,CLONE,69994897-A6CE-55D4-A6F2-EE5A9BA23F77,b'/bin/sh -e /usr/lib/update-notifier/update-motd-updates-available':0,ta1-theia-1
1557757058.601:284,260C4CEC-242B-5D3E-94BD-D0B6726FED3A:b'run-parts --lsbsysinit /etc/update-motd.d':0,CLONE,E3FA6FCD-50D0-507F-A321-12FF0F830025,b'/bin/sh -e /usr/lib/update-notifier/update-motd-updates-available':0,ta1-theia-1
1557757058.549:280,260C4CEC-242B-5D3E-94BD-D0B6726FED3A:b'run-parts --lsbsysinit /etc/update-motd.d':0,CLONE,38F45F34-F516-5B6E-9E0E-EC69BE977BC0,b'/bin/sh -e /usr/lib/update-notifier/update-motd-updates-available':0,ta1-theia-1
1557757058.501:276,260C4CEC-242B-5D3E-94BD-D0B6726FED3A:b'run-parts --lsbsysinit /etc/update-motd.d':0,CLONE,FE8B682F-13C0-5235-9AF8-53F217DFDA89,b'/bin/sh -e /usr/lib/update-notifier/update-motd-updates-available':0,ta1-theia-1
1557757058.449:272,260C4CEC-242B-5D3E-94BD-D0B6726FED3A:b'run-parts --lsbsysinit /etc/update-motd.d':0,CLONE,2764FC4E-B811-5C84-A6FC-67E78EEB87F4,b'/bin/sh -e /usr/lib/update-notifier/update-motd-updates-available':0,ta1-theia-1
1557757058.401:268,260C4CEC-242B-5D3E-94BD-D0B6726FED3A:b'run-parts --lsbsysinit /etc/update-motd.d':0,CLONE,925C976B-D6C6-597D-B620-121364DB4A17,b'/bin/sh -e /usr/lib/update-notifier/update-motd-updates-available':0,ta1-theia-1
1557757058.353:264,260C4CEC-242B-5D3E-94BD-D0B6726FED3A:b'run-parts --lsbsysinit /etc/update-motd.d':0,CLONE,CF3BB217-F5AE-5F99-97C6-AF10B8304B98,b'/bin/sh -e /usr/lib/update-notifier/update-motd-updates-available':0,ta1-theia-1
1557757058.301:260,260C4CEC-242B-5D3E-94BD-D0B6726FED3A:b'run-parts --lsbsysinit /etc/update-motd.d':0,CLONE,C0166503-480A-5439-A251-A55932DF1AA1,b'/bin/sh -e /usr/lib/update-notifier/update-motd-updates-available':0,ta1-theia-1
1557757058.249:256,260C4CEC-242B-5D3E-94BD-D0B6726FED3A:b'run-parts --lsbsysinit /etc/update-motd.d':0,CLONE,1DD87A93-E230-50B5-BD7E-2891CBD8FB53,b'/bin/sh -e /usr/lib/update-notifier/update-motd-updates-available':0,ta1-theia-1
1557757058.189:252,260C4CEC-242B-5D3E-94BD-D0B6726FED3A:b'run-parts --lsbsysinit /etc/update-motd.d':0,CLONE,A234A10F-6837-5B61-B73A-1A43876AB6A7,b'/bin/sh -e /usr/lib/update-notifier/update-motd-updates-available':0,ta1-theia-1
1557757058.137:248,260C4CEC-242B-5D3E-94BD-D0B6726FED3A:b'run-parts --lsbsysinit /etc/update-motd.d':0,CLONE,996A27E3-70F3-54B5-96A8-35EE84689D86,b'/bin/sh -e /usr/lib/update-notifier/update-motd-updates-available':0,ta1-theia-1
1557757058.085:244,260C4CEC-242B-5D3E-94BD-D0B6726FED3A:b'run-parts --lsbsysinit /etc/update-motd.d':0,CLONE,121C2269-D67B-5F87-AC35-8E7AB13DFA72,b'/bin/sh -e /usr/lib/update-notifier/update-motd-updates-available':0,ta1-theia-1
1557757058.033:240,260C4CEC-242B-5D3E-94BD-D0B6726FED3A:b'run-parts --lsbsysinit /etc/update-motd.d':0,CLONE,853469AB-C27D-581F-AF76-BEA272280BCD,b'/bin/sh -e /usr/lib/update-notifier/update-motd-updates-available':0,ta1-theia-1
1557757057.985:236,260C4CEC-242B-5D3E-94BD-D0B6726FED3A:b'run-parts --lsbsysinit /etc/update-motd.d':0,CLONE,92E020F7-3D0D-56CB-BA0E-71BFB6F81370,b'/bin/sh -e /usr/lib/update-notifier/update-motd-updates-available':0,ta1-theia-1
1557757057.933:232,260C4CEC-242B-5D3E-94BD-D0B6726FED3A:b'run-parts --lsbsysinit /etc/update-motd.d':0,CLONE,D1C4991C-B889-5F61-9B5F-23FDBE966CFB,b'/bin/sh -e /usr/lib/update-notifier/update-motd-updates-available':0,ta1-theia-1
1557757057.885:228,260C4CEC-242B-5D3E-94BD-D0B6726FED3A:b'run-parts --lsbsysinit /etc/update-motd.d':0,CLONE,A32AF9CD-2155-5052-8CF5-E1628FBF2EED,b'/bin/sh -e /usr/lib/update-notifier/update-motd-updates-available':0,ta1-theia-1
1557757057.850:224,260C4CEC-242B-5D3E-94BD-D0B6726FED3A:b'run-parts --lsbsysinit /etc/update-motd.d':0,CLONE,8F62AC6D-2461-55E5-B88D-A3E1BB61A223,b'/bin/sh -e /usr/lib/update-notifier/update-motd-updates-available':0,ta1-theia-1
1557757057.849:220,260C4CEC-242B-5D3E-94BD-D0B6726FED3A:b'run-parts --lsbsysinit /etc/update-motd.d':0,CLONE,C01FE748-2763-54A8-A981-B5CB2E511F8D,b'/bin/sh -e /usr/lib/update-notifier/update-motd-updates-available':0,ta1-theia-1
1557757057.842:216,260C4CEC-242B-5D3E-94BD-D0B6726FED3A:b'run-parts --lsbsysinit /etc/update-motd.d':0,CLONE,70948549-0510-5797-B33C-D4EA1DD35A1D,b'/bin/sh -e /usr/lib/update-notifier/update-motd-updates-available':0,ta1-theia-1
1557757057.841:212,260C4CEC-242B-5D3E-94BD-D0B6726FED3A:b'run-parts --lsbsysinit /etc/update-motd.d':0,CLONE,934E0220-DC85-5CA2-AD4D-41877A051389,b'/bin/sh -e /usr/lib/update-notifier/update-motd-updates-available':0,ta1-theia-1
1557757057.834:208,260C4CEC-242B-5D3E-94BD-D0B6726FED3A:b'run-parts --lsbsysinit /etc/update-motd.d':0,CLONE,C7C69F43-FDF3-547A-87C9-CBC73C328FC5,b'/bin/sh -e /usr/lib/update-notifier/update-motd-updates-available':0,ta1-theia-1
1557757057.833:204,260C4CEC-242B-5D3E-94BD-D0B6726FED3A:b'run-parts --lsbsysinit /etc/update-motd.d':0,CLONE,21504EBA-F0A9-573A-A7E8-E1A7BEE2401D,b'/bin/sh -e /usr/lib/update-notifier/update-motd-updates-available':0,ta1-theia-1
1557757057.826:200,260C4CEC-242B-5D3E-94BD-D0B6726FED3A:b'run-parts --lsbsysinit /etc/update-motd.d':0,CLONE,A0272A70-0BF1-552F-B12B-06C6826EC5E4,b'/bin/sh -e /usr/lib/update-notifier/update-motd-updates-available':0,ta1-theia-1
1557757057.825:196,260C4CEC-242B-5D3E-94BD-D0B6726FED3A:b'run-parts --lsbsysinit /etc/update-motd.d':0,CLONE,A882CB35-135D-5933-82CB-A2AA3F3B3914,b'/bin/sh -e /usr/lib/update-notifier/update-motd-updates-available':0,ta1-theia-1
1557757057.819:192,260C4CEC-242B-5D3E-94BD-D0B6726FED3A:b'run-parts --lsbsysinit /etc/update-motd.d':0,CLONE,4D6C7DE4-B5A1-5B57-9AA9-519E8F49CA54,b'/bin/sh -e /usr/lib/update-notifier/update-motd-updates-available':0,ta1-theia-1
1557757057.817:188,260C4CEC-242B-5D3E-94BD-D0B6726FED3A:b'run-parts --lsbsysinit /etc/update-motd.d':0,CLONE,F091BC2E-9557-50EA-B057-56AB7CCEBD34,b'/bin/sh -e /usr/lib/update-notifier/update-motd-updates-available':0,ta1-theia-1
1557757057.810:184,260C4CEC-242B-5D3E-94BD-D0B6726FED3A:b'run-parts --lsbsysinit /etc/update-motd.d':0,CLONE,F6752BFA-1043-5524-9F50-56E9E92DCBA0,b'/bin/sh -e /usr/lib/update-notifier/update-motd-updates-available':0,ta1-theia-1
1557757057.809:180,260C4CEC-242B-5D3E-94BD-D0B6726FED3A:b'run-parts --lsbsysinit /etc/update-motd.d':0,CLONE,D0D2BB4C-BB8F-5FC1-B13C-05D58822254F,b'/bin/sh -e /usr/lib/update-notifier/update-motd-updates-available':0,ta1-theia-1
1557757057.802:176,260C4CEC-242B-5D3E-94BD-D0B6726FED3A:b'run-parts --lsbsysinit /etc/update-motd.d':0,CLONE,62184FE0-E025-56EC-8BC2-30F3B1BFEDCA,b'/bin/sh -e /usr/lib/update-notifier/update-motd-updates-available':0,ta1-theia-1
1557757057.801:172,260C4CEC-242B-5D3E-94BD-D0B6726FED3A:b'run-parts --lsbsysinit /etc/update-motd.d':0,CLONE,57F29120-A1DB-5241-A5C4-8A895F0319B0,b'/bin/sh -e /usr/lib/update-notifier/update-motd-updates-available':0,ta1-theia-1
1557757057.794:168,260C4CEC-242B-5D3E-94BD-D0B6726FED3A:b'run-parts --lsbsysinit /etc/update-motd.d':0,CLONE,DE182B25-BEAC-59FF-A1BE-5044D4478C48,b'/bin/sh -e /usr/lib/update-notifier/update-motd-updates-available':0,ta1-theia-1
1557757057.793:164,260C4CEC-242B-5D3E-94BD-D0B6726FED3A:b'run-parts --lsbsysinit /etc/update-motd.d':0,CLONE,350DCB26-E23D-55E3-8392-71BF1EED3AE8,b'/bin/sh -e /usr/lib/update-notifier/update-motd-updates-available':0,ta1-theia-1
1557757057.787:160,260C4CEC-242B-5D3E-94BD-D0B6726FED3A:b'run-parts --lsbsysinit /etc/update-motd.d':0,CLONE,4A5E592A-01E4-594E-8DE6-834D35A9E915,b'/bin/sh -e /usr/lib/update-notifier/update-motd-updates-available':0,ta1-theia-1
1557757057.785:156,260C4CEC-242B-5D3E-94BD-D0B6726FED3A:b'run-parts --lsbsysinit /etc/update-motd.d':0,CLONE,E7FF0352-58B6-5AD3-B5A4-62CC71C5B281,b'/bin/sh -e /usr/lib/update-notifier/update-motd-updates-available':0,ta1-theia-1
1557757057.778:152,260C4CEC-242B-5D3E-94BD-D0B6726FED3A:b'run-parts --lsbsysinit /etc/update-motd.d':0,CLONE,27EFB047-50C0-54C7-8909-E69D87C5E2A4,b'/bin/sh -e /usr/lib/update-notifier/update-motd-updates-available':0,ta1-theia-1
1557757057.777:148,260C4CEC-242B-5D3E-94BD-D0B6726FED3A:b'run-parts --lsbsysinit /etc/update-motd.d':0,CLONE,9FC075F2-DB1F-566B-BA02-91A2DB78294D,b'/bin/sh -e /usr/lib/update-notifier/update-motd-updates-available':0,ta1-theia-1
1557757057.770:144,260C4CEC-242B-5D3E-94BD-D0B6726FED3A:b'run-parts --lsbsysinit /etc/update-motd.d':0,CLONE,A7307D0C-6F1F-5C89-AC3C-EB82A07A34A4,b'/bin/sh -e /usr/lib/update-notifier/update-motd-updates-available':0,ta1-theia-1
1557757057.769:140,260C4CEC-242B-5D3E-94BD-D0B6726FED3A:b'run-parts --lsbsysinit /etc/update-motd.d':0,CLONE,138AC38E-CA77-5B3A-B2B4-6908961F2BF1,b'/bin/sh -e /usr/lib/update-notifier/update-motd-updates-available':0,ta1-theia-1
1557757057.762:136,260C4CEC-242B-5D3E-94BD-D0B6726FED3A:b'run-parts --lsbsysinit /etc/update-motd.d':0,CLONE,B8139904-DB4A-52BD-B670-293514702999,b'/bin/sh -e /usr/lib/update-notifier/update-motd-updates-available':0,ta1-theia-1
1557757057.761:132,260C4CEC-242B-5D3E-94BD-D0B6726FED3A:b'run-parts --lsbsysinit /etc/update-motd.d':0,CLONE,AF59A019-F44F-596B-86DD-6DEB76A06263,b'/bin/sh -e /usr/lib/update-notifier/update-motd-updates-available':0,ta1-theia-1
1557757057.751:128,260C4CEC-242B-5D3E-94BD-D0B6726FED3A:b'run-parts --lsbsysinit /etc/update-motd.d':0,CLONE,9206B09A-CB6E-5DEE-B9E8-81C8A1A873F5,b'/bin/sh -e /usr/lib/update-notifier/update-motd-updates-available':0,ta1-theia-1
1557757057.750:124,260C4CEC-242B-5D3E-94BD-D0B6726FED3A:b'run-parts --lsbsysinit /etc/update-motd.d':0,CLONE,B1879B24-7554-5436-9650-8422C68BD373,b'/bin/sh -e /usr/lib/update-notifier/update-motd-updates-available':0,ta1-theia-1
1557757057.742:120,260C4CEC-242B-5D3E-94BD-D0B6726FED3A:b'run-parts --lsbsysinit /etc/update-motd.d':0,CLONE,472795C0-0016-596D-9A4E-12F1B55B5554,b'/bin/sh -e /usr/lib/update-notifier/update-motd-updates-available':0,ta1-theia-1
1557757057.741:116,260C4CEC-242B-5D3E-94BD-D0B6726FED3A:b'run-parts --lsbsysinit /etc/update-motd.d':0,CLONE,5951244C-2741-5B31-981F-DF389983FF6B,b'/bin/sh -e /usr/lib/update-notifier/update-motd-updates-available':0,ta1-theia-1
1557757057.734:112,260C4CEC-242B-5D3E-94BD-D0B6726FED3A:b'run-parts --lsbsysinit /etc/update-motd.d':0,CLONE,42C75FE4-EF20-5651-8197-4A838C6472E8,b'/bin/sh -e /usr/lib/update-notifier/update-motd-updates-available':0,ta1-theia-1
1557757057.733:108,260C4CEC-242B-5D3E-94BD-D0B6726FED3A:b'run-parts --lsbsysinit /etc/update-motd.d':0,CLONE,ABF02574-8B21-5855-86DD-646F82792705,b'/bin/sh -e /usr/lib/update-notifier/update-motd-updates-available':0,ta1-theia-1
1557757057.726:104,260C4CEC-242B-5D3E-94BD-D0B6726FED3A:b'run-parts --lsbsysinit /etc/update-motd.d':0,CLONE,FFBDEBC6-A746-5A1E-A135-10E6B38E27BD,b'/bin/sh -e /usr/lib/update-notifier/update-motd-updates-available':0,ta1-theia-1
1557757057.725:100,260C4CEC-242B-5D3E-94BD-D0B6726FED3A:b'run-parts --lsbsysinit /etc/update-motd.d':0,CLONE,419E4322-DB19-5673-9F0A-D8C6EFD609DE,b'/bin/sh -e /usr/lib/update-notifier/update-motd-updates-available':0,ta1-theia-1
1557757057.718:96,260C4CEC-242B-5D3E-94BD-D0B6726FED3A:b'run-parts --lsbsysinit /etc/update-motd.d':0,CLONE,DF6053CB-8AB2-5073-82FF-E5FAC1CDE8A3,b'/bin/sh -e /usr/lib/update-notifier/update-motd-updates-available':0,ta1-theia-1
1557757057.717:92,260C4CEC-242B-5D3E-94BD-D0B6726FED3A:b'run-parts --lsbsysinit /etc/update-motd.d':0,CLONE,01095D29-EF87-5F19-B99B-6D80082864C2,b'/bin/sh -e /usr/lib/update-notifier/update-motd-updates-available':0,ta1-theia-1
1557757057.710:88,260C4CEC-242B-5D3E-94BD-D0B6726FED3A:b'run-parts --lsbsysinit /etc/update-motd.d':0,CLONE,EBDD850E-AA20-5147-9D9F-AA0257FD369E,b'/bin/sh -e /usr/lib/update-notifier/update-motd-updates-available':0,ta1-theia-1
1557757057.709:84,260C4CEC-242B-5D3E-94BD-D0B6726FED3A:b'run-parts --lsbsysinit /etc/update-motd.d':0,CLONE,DBF67DB8-7432-5BAC-AA8D-F8032F02D220,b'/bin/sh -e /usr/lib/update-notifier/update-motd-updates-available':0,ta1-theia-1
1557757057.702:80,260C4CEC-242B-5D3E-94BD-D0B6726FED3A:b'run-parts --lsbsysinit /etc/update-motd.d':0,CLONE,A91EE721-D74A-516D-93C1-33761D3F49F4,b'/bin/sh -e /usr/lib/update-notifier/update-motd-updates-available':0,ta1-theia-1
1557757057.701:76,260C4CEC-242B-5D3E-94BD-D0B6726FED3A:b'run-parts --lsbsysinit /etc/update-motd.d':0,CLONE,27392F9B-B436-5E27-BC1F-05714CF61EC8,b'/bin/sh -e /usr/lib/update-notifier/update-motd-updates-available':0,ta1-theia-1
1557757057.694:72,260C4CEC-242B-5D3E-94BD-D0B6726FED3A:b'run-parts --lsbsysinit /etc/update-motd.d':0,CLONE,64E87597-61F3-56A5-903C-147490432963,b'/bin/sh -e /usr/lib/update-notifier/update-motd-updates-available':0,ta1-theia-1
1557757057.693:68,260C4CEC-242B-5D3E-94BD-D0B6726FED3A:b'run-parts --lsbsysinit /etc/update-motd.d':0,CLONE,A4E8253D-8025-5299-A95A-C300266679B0,b'/bin/sh -e /usr/lib/update-notifier/update-motd-updates-available':0,ta1-theia-1
1557757057.683:64,260C4CEC-242B-5D3E-94BD-D0B6726FED3A:b'run-parts --lsbsysinit /etc/update-motd.d':0,CLONE,B42E77F7-AA55-54DF-B8B0-8DDE6D436CF7,b'/bin/sh -e /usr/lib/update-notifier/update-motd-updates-available':0,ta1-theia-1
1557757057.681:60,260C4CEC-242B-5D3E-94BD-D0B6726FED3A:b'run-parts --lsbsysinit /etc/update-motd.d':0,CLONE,976680CA-2CF3-5636-B540-216EC1F7B3D4,b'/bin/sh -e /usr/lib/update-notifier/update-motd-updates-available':0,ta1-theia-1
1557757057.671:56,260C4CEC-242B-5D3E-94BD-D0B6726FED3A:b'run-parts --lsbsysinit /etc/update-motd.d':0,CLONE,998F41EA-0777-57E9-8D77-E91708128F1C,b'/bin/sh -e /usr/lib/update-notifier/update-motd-updates-available':0,ta1-theia-1
1557757057.668:52,260C4CEC-242B-5D3E-94BD-D0B6726FED3A:b'run-parts --lsbsysinit /etc/update-motd.d':0,CLONE,4E37E5BE-EB42-5BA8-8C4B-2237E90438AE,b'/bin/sh -e /usr/lib/update-notifier/update-motd-updates-available':0,ta1-theia-1
1557757057.665:48,260C4CEC-242B-5D3E-94BD-D0B6726FED3A:b'run-parts --lsbsysinit /etc/update-motd.d':0,CLONE,BE9D5437-BEB2-5FDD-BED7-69BD352E11D1,b'/bin/sh -e /usr/lib/update-notifier/update-motd-updates-available':0,ta1-theia-1
1557757057.658:105,E51AE83E-F2C5-574C-A53B-EEAC52670A9D:b'/bin/sh -e /usr/lib/update-notifier/update-motd-updates-available':0,CLONE,A8148000-D4E0-54AA-8707-9632D01145BF,b'apt-config shell ListDir Dir::State::Lists':0,ta1-theia-1
1557757057.649:43,260C4CEC-242B-5D3E-94BD-D0B6726FED3A:b'run-parts --lsbsysinit /etc/update-motd.d':0,CLONE,E51AE83E-F2C5-574C-A53B-EEAC52670A9D,b'/bin/sh -e /usr/lib/update-notifier/update-motd-updates-available':0,ta1-theia-1
1557757057.636:105,1C5FEEE9-F98B-57AE-97B2-998922C43565:b'/bin/sh -e /usr/lib/update-notifier/update-motd-updates-available':0,CLONE,73446C09-576A-5D24-A31F-5498105307F2,b'apt-config shell StateDir Dir::State':0,ta1-theia-1
1557757057.618:39,260C4CEC-242B-5D3E-94BD-D0B6726FED3A:b'run-parts --lsbsysinit /etc/update-motd.d':0,CLONE,1C5FEEE9-F98B-57AE-97B2-998922C43565,b'/bin/sh -e /usr/lib/update-notifier/update-motd-updates-available':0,ta1-theia-1
1557757057.615:35,260C4CEC-242B-5D3E-94BD-D0B6726FED3A:b'run-parts --lsbsysinit /etc/update-motd.d':0,CLONE,765B84A9-9FA1-59BF-8D2E-CC64650C3129,b'/bin/sh -e /usr/lib/update-notifier/update-motd-updates-available':0,ta1-theia-1
1557757057.613:30,DC38F6C2-289F-51EE-95AA-0BB437459775:b'sh -c /usr/bin/env -i PATH=/usr/local/sbin:/usr/local/bin:/usr/sbin:/usr/bin:/sbin:/bin run-parts --lsbsysinit /etc/update-motd.d > /var/run/motd.new':0,CLONE,260C4CEC-242B-5D3E-94BD-D0B6726FED3A,b'run-parts --lsbsysinit /etc/update-motd.d':0,ta1-theia-1
1557757057.559:4,DF3C9294-4533-53A1-A042-319D23336B16:b'/usr/bin/python /usr/bin/landscape-sysinfo':0,EXECUTE,0100D00F-C326-0C00-0000-0000B790005A,/usr/bin/who:0,ta1-theia-1
1557757057.554:5035,8B7E1FC7-FEA1-58A9-B666-67C626888DB4:b'/bin/sh /etc/update-motd.d/50-landscape-sysinfo':0,CLONE,DF3C9294-4533-53A1-A042-319D23336B16,b'/usr/bin/python /usr/bin/landscape-sysinfo':0,ta1-theia-1
1557757057.433:1903,8B7E1FC7-FEA1-58A9-B666-67C626888DB4:b'/bin/sh /etc/update-motd.d/50-landscape-sysinfo':0,CLONE,39E16F76-6B65-5B1F-AC23-7145D6A98A38,b'/usr/bin/python /usr/bin/landscape-sysinfo':0,ta1-theia-1
1557757057.391:16,BD765464-9C17-57B5-9C47-D3BF716C449E:b'/usr/bin/python /usr/bin/landscape-sysinfo':0,CLONE,5FF8D977-1621-5AF2-8F3D-53956B6834FE,b'sh -c /sbin/ldconfig -p 2>/dev/null':0,ta1-theia-1
1557757057.390:1732,8B7E1FC7-FEA1-58A9-B666-67C626888DB4:b'/bin/sh /etc/update-motd.d/50-landscape-sysinfo':0,CLONE,BD765464-9C17-57B5-9C47-D3BF716C449E,b'/usr/bin/python /usr/bin/landscape-sysinfo':0,ta1-theia-1
1557757057.378:16,926AE0E1-17CD-54A0-A627-D3F17C6B0FAF:b'/usr/bin/python /usr/bin/landscape-sysinfo':0,CLONE,9267D020-F41F-57BD-9CAA-387591DE9877,b'sh -c /sbin/ldconfig -p 2>/dev/null':0,ta1-theia-1
1557757057.377:1707,8B7E1FC7-FEA1-58A9-B666-67C626888DB4:b'/bin/sh /etc/update-motd.d/50-landscape-sysinfo':0,CLONE,926AE0E1-17CD-54A0-A627-D3F17C6B0FAF,b'/usr/bin/python /usr/bin/landscape-sysinfo':0,ta1-theia-1
1557757057.209:29,F6D116B2-FE7A-5B71-942D-4E42A5BE7675:b'run-parts --lsbsysinit /etc/update-motd.d':0,CLONE,8B7E1FC7-FEA1-58A9-B666-67C626888DB4,b'/bin/sh /etc/update-motd.d/50-landscape-sysinfo':0,ta1-theia-1
1557757057.207:27,F6D116B2-FE7A-5B71-942D-4E42A5BE7675:b'run-parts --lsbsysinit /etc/update-motd.d':0,CLONE,1AC70DF9-995E-5931-AF7E-BD1006A87440,b'/bin/sh /etc/update-motd.d/50-landscape-sysinfo':0,ta1-theia-1
1557757057.200:1,D36D06C7-7100-5316-8240-83DC5E7BA35A:b'/bin/sh /etc/update-motd.d/50-landscape-sysinfo':0,CLONE,65967735-C04D-5D85-90A1-C5EE7A045367,b'/bin/sh /etc/update-motd.d/50-landscape-sysinfo':0,ta1-theia-1
1557757057.199:2,AABCC9A1-67D3-5932-AE6D-4929A0348B9A:b'/bin/sh /etc/update-motd.d/50-landscape-sysinfo':0,CLONE,727D2073-E0F3-5A24-9048-590F2BFBF088,b'/bin/sh /etc/update-motd.d/50-landscape-sysinfo':0,ta1-theia-1
1557757057.199:1,AABCC9A1-67D3-5932-AE6D-4929A0348B9A:b'/bin/sh /etc/update-motd.d/50-landscape-sysinfo':0,CLONE,D36D06C7-7100-5316-8240-83DC5E7BA35A,b'/bin/sh /etc/update-motd.d/50-landscape-sysinfo':0,ta1-theia-1
1557757057.199:22,F6D116B2-FE7A-5B71-942D-4E42A5BE7675:b'run-parts --lsbsysinit /etc/update-motd.d':0,CLONE,AABCC9A1-67D3-5932-AE6D-4929A0348B9A,b'/bin/sh /etc/update-motd.d/50-landscape-sysinfo':0,ta1-theia-1
1557757057.197:18,F6D116B2-FE7A-5B71-942D-4E42A5BE7675:b'run-parts --lsbsysinit /etc/update-motd.d':0,CLONE,2D7F1A42-7340-5478-BFD0-0EB42E38DD2C,b'/bin/sh /etc/update-motd.d/50-landscape-sysinfo':0,ta1-theia-1
1557757057.186:29,DC38F6C2-289F-51EE-95AA-0BB437459775:b'sh -c /usr/bin/env -i PATH=/usr/local/sbin:/usr/local/bin:/usr/sbin:/usr/bin:/sbin:/bin run-parts --lsbsysinit /etc/update-motd.d > /var/run/motd.new':0,CLONE,F6D116B2-FE7A-5B71-942D-4E42A5BE7675,b'run-parts --lsbsysinit /etc/update-motd.d':0,ta1-theia-1
1557757057.178:24,A8E5658E-BC69-5C52-9068-F91062882401:b'run-parts --lsbsysinit /etc/update-motd.d':0,CLONE,53FC78A0-3698-5694-9F5F-447715909237,b'/bin/sh /etc/update-motd.d/10-help-text':0,ta1-theia-1
1557757057.178:23,A8E5658E-BC69-5C52-9068-F91062882401:b'run-parts --lsbsysinit /etc/update-motd.d':0,CLONE,BE35C06D-833A-5668-A7BF-BB50B7AB03F5,b'/bin/sh /etc/update-motd.d/10-help-text':0,ta1-theia-1
1557757057.177:28,DC38F6C2-289F-51EE-95AA-0BB437459775:b'sh -c /usr/bin/env -i PATH=/usr/local/sbin:/usr/local/bin:/usr/sbin:/usr/bin:/sbin:/bin run-parts --lsbsysinit /etc/update-motd.d > /var/run/motd.new':0,CLONE,A8E5658E-BC69-5C52-9068-F91062882401,b'run-parts --lsbsysinit /etc/update-motd.d':0,ta1-theia-1
1557757057.167:31,240953AE-17C4-5DF0-9D47-BB665C99F53A:b'run-parts --lsbsysinit /etc/update-motd.d':0,CLONE,9CE642A4-456B-5AF3-A79A-035934559D89,b'/bin/sh /etc/update-motd.d/00-header':0,ta1-theia-1
1557757057.166:27,240953AE-17C4-5DF0-9D47-BB665C99F53A:b'run-parts --lsbsysinit /etc/update-motd.d':0,CLONE,050AEBF6-F2E9-5CD9-9B5E-14FD2296EE56,b'/bin/sh /etc/update-motd.d/00-header':0,ta1-theia-1
1557757057.155:23,240953AE-17C4-5DF0-9D47-BB665C99F53A:b'run-parts --lsbsysinit /etc/update-motd.d':0,CLONE,7E571AF1-3EE7-5BCD-8389-A4ED71C8FFAD,b'/bin/sh /etc/update-motd.d/00-header':0,ta1-theia-1
1557757057.153:27,DC38F6C2-289F-51EE-95AA-0BB437459775:b'sh -c /usr/bin/env -i PATH=/usr/local/sbin:/usr/local/bin:/usr/sbin:/usr/bin:/sbin:/bin run-parts --lsbsysinit /etc/update-motd.d > /var/run/motd.new':0,CLONE,240953AE-17C4-5DF0-9D47-BB665C99F53A,b'run-parts --lsbsysinit /etc/update-motd.d':0,ta1-theia-1
1557757057.150:16,88E62E6C-AED7-5F75-A464-B2A970338C12:b'sshd: admin [priv]  ':0,CLONE,DC38F6C2-289F-51EE-95AA-0BB437459775,b'sh -c /usr/bin/env -i PATH=/usr/local/sbin:/usr/local/bin:/usr/sbin:/usr/bin:/sbin:/bin run-parts --lsbsysinit /etc/update-motd.d > /var/run/motd.new':0,ta1-theia-1
1557757057.144:582,90E23935-9416-53E1-8EF7-DBE991E0494F:b'/usr/sbin/sshd -D':0,CLONE,88E62E6C-AED7-5F75-A464-B2A970338C12,b'sshd: admin [priv]  ':0,ta1-theia-1
1557757055.449:524241,CC7C9A7F-4BD4-5E0F-88B4-3EA111554703:null:null,READ,0100D00F-0B00-5800-0000-0000678E005A,/etc/hosts:0,ta1-theia-1
1557757055.449:524240,CC7C9A7F-4BD4-5E0F-88B4-3EA111554703:null:null,READ,0100D00F-0B00-5800-0000-0000678E005A,/etc/hosts:0,ta1-theia-1
1557757051.999:300,90E23935-9416-53E1-8EF7-DBE991E0494F:b'/usr/sbin/sshd -D':0,READ,0100D00F-0B00-5800-0000-0000678E005A,/etc/hosts:0,ta1-theia-1
1557757051.999:299,90E23935-9416-53E1-8EF7-DBE991E0494F:b'/usr/sbin/sshd -D':0,READ,0100D00F-0B00-5800-0000-0000678E005A,/etc/hosts:0,ta1-theia-1
1557757051.913:274,90E23935-9416-53E1-8EF7-DBE991E0494F:b'/usr/sbin/sshd -D':0,CLONE,BDE98D80-52CB-574B-86BC-78DF4B913A00,b'sshd: [accepted]    ':0,ta1-theia-1
1557757051.891:5331,84053D48-9767-59AE-A797-BAC5E4ED3368:null:null,CLONE,90E23935-9416-53E1-8EF7-DBE991E0494F,b'/usr/sbin/sshd -D':0,ta1-theia-1
1557757046.448:524200,CC7C9A7F-4BD4-5E0F-88B4-3EA111554703:null:null,READ,0100D00F-0B00-5800-0000-0000678E005A,/etc/hosts:0,ta1-theia-1
1557757046.448:524199,CC7C9A7F-4BD4-5E0F-88B4-3EA111554703:null:null,READ,0100D00F-0B00-5800-0000-0000678E005A,/etc/hosts:0,ta1-theia-1
1557757037.450:524155,CC7C9A7F-4BD4-5E0F-88B4-3EA111554703:null:null,READ,0100D00F-0B00-5800-0000-0000678E005A,/etc/hosts:0,ta1-theia-1
1557757037.450:524154,CC7C9A7F-4BD4-5E0F-88B4-3EA111554703:null:null,READ,0100D00F-0B00-5800-0000-0000678E005A,/etc/hosts:0,ta1-theia-1
1557757028.429:524114,CC7C9A7F-4BD4-5E0F-88B4-3EA111554703:null:null,READ,0100D00F-0B00-5800-0000-0000678E005A,/etc/hosts:0,ta1-theia-1
1557757028.429:524113,CC7C9A7F-4BD4-5E0F-88B4-3EA111554703:null:null,READ,0100D00F-0B00-5800-0000-0000678E005A,/etc/hosts:0,ta1-theia-1
1557757024.898:524078,CC7C9A7F-4BD4-5E0F-88B4-3EA111554703:null:null,READ,0100D00F-0B00-5800-0000-0000678E005A,/etc/hosts:0,ta1-theia-1
1557757024.898:524077,CC7C9A7F-4BD4-5E0F-88B4-3EA111554703:null:null,READ,0100D00F-0B00-5800-0000-0000678E005A,/etc/hosts:0,ta1-theia-1
1557757021.334:26,66B7941D-FB56-5B56-96EA-7003F6F953BA:b'CRON':0,CLONE,F2EDDE09-5969-556E-9C93-7A83F2077BB4,b'/bin/sh -c    cd / && run-parts --report /etc/cron.hourly':0,ta1-theia-1
1557757021.333:234,7D537E2D-7CF8-54D5-925B-BF54E5F27DF0:b'cron':0,CLONE,66B7941D-FB56-5B56-96EA-7003F6F953BA,b'CRON':0,ta1-theia-1
1557757021.326:67,33A72DDD-EF04-5285-AEFF-6DB2970260A8:null:null,CLONE,7D537E2D-7CF8-54D5-925B-BF54E5F27DF0,b'cron':0,ta1-theia-1
1557757013.435:15672,94E4DFBD-838C-514F-903B-19CAECEF6F62:null:null,READ,0100D00F-0B00-5800-0000-0000678E005A,/etc/hosts:0,ta1-theia-1
1557757013.435:15671,94E4DFBD-838C-514F-903B-19CAECEF6F62:null:null,READ,0100D00F-0B00-5800-0000-0000678E005A,/etc/hosts:0,ta1-theia-1
1557757013.435:15667,94E4DFBD-838C-514F-903B-19CAECEF6F62:null:null,READ,0100D00F-0B00-5800-0000-0000678E005A,/etc/hosts:0,ta1-theia-1
1557757007.429:524048,CC7C9A7F-4BD4-5E0F-88B4-3EA111554703:null:null,READ,0100D00F-0B00-5800-0000-0000678E005A,/etc/hosts:0,ta1-theia-1
1557757007.429:524047,CC7C9A7F-4BD4-5E0F-88B4-3EA111554703:null:null,READ,0100D00F-0B00-5800-0000-0000678E005A,/etc/hosts:0,ta1-theia-1
1557756998.413:524007,CC7C9A7F-4BD4-5E0F-88B4-3EA111554703:null:null,READ,0100D00F-0B00-5800-0000-0000678E005A,/etc/hosts:0,ta1-theia-1
1557756998.413:524006,CC7C9A7F-4BD4-5E0F-88B4-3EA111554703:null:null,READ,0100D00F-0B00-5800-0000-0000678E005A,/etc/hosts:0,ta1-theia-1
1557756994.945:523970,CC7C9A7F-4BD4-5E0F-88B4-3EA111554703:null:null,READ,0100D00F-0B00-5800-0000-0000678E005A,/etc/hosts:0,ta1-theia-1
1557756994.945:523969,CC7C9A7F-4BD4-5E0F-88B4-3EA111554703:null:null,READ,0100D00F-0B00-5800-0000-0000678E005A,/etc/hosts:0,ta1-theia-1
1557756977.419:523945,CC7C9A7F-4BD4-5E0F-88B4-3EA111554703:null:null,READ,0100D00F-0B00-5800-0000-0000678E005A,/etc/hosts:0,ta1-theia-1
1557756977.419:523944,CC7C9A7F-4BD4-5E0F-88B4-3EA111554703:null:null,READ,0100D00F-0B00-5800-0000-0000678E005A,/etc/hosts:0,ta1-theia-1
1557756968.400:523904,CC7C9A7F-4BD4-5E0F-88B4-3EA111554703:null:null,READ,0100D00F-0B00-5800-0000-0000678E005A,/etc/hosts:0,ta1-theia-1
1557756968.400:523903,CC7C9A7F-4BD4-5E0F-88B4-3EA111554703:null:null,READ,0100D00F-0B00-5800-0000-0000678E005A,/etc/hosts:0,ta1-theia-1
1557756964.866:523867,CC7C9A7F-4BD4-5E0F-88B4-3EA111554703:null:null,READ,0100D00F-0B00-5800-0000-0000678E005A,/etc/hosts:0,ta1-theia-1
1557756964.866:523866,CC7C9A7F-4BD4-5E0F-88B4-3EA111554703:null:null,READ,0100D00F-0B00-5800-0000-0000678E005A,/etc/hosts:0,ta1-theia-1
1557756944.154:523842,CC7C9A7F-4BD4-5E0F-88B4-3EA111554703:null:null,READ,0100D00F-0B00-5800-0000-0000678E005A,/etc/hosts:0,ta1-theia-1
1557756944.154:523841,CC7C9A7F-4BD4-5E0F-88B4-3EA111554703:null:null,READ,0100D00F-0B00-5800-0000-0000678E005A,/etc/hosts:0,ta1-theia-1
1557756934.914:523796,CC7C9A7F-4BD4-5E0F-88B4-3EA111554703:null:null,READ,0100D00F-0B00-5800-0000-0000678E005A,/etc/hosts:0,ta1-theia-1
1557756934.914:523795,CC7C9A7F-4BD4-5E0F-88B4-3EA111554703:null:null,READ,0100D00F-0B00-5800-0000-0000678E005A,/etc/hosts:0,ta1-theia-1
1557756896.232:523766,CC7C9A7F-4BD4-5E0F-88B4-3EA111554703:null:null,READ,0100D00F-0B00-5800-0000-0000678E005A,/etc/hosts:0,ta1-theia-1
1557756896.232:523765,CC7C9A7F-4BD4-5E0F-88B4-3EA111554703:null:null,READ,0100D00F-0B00-5800-0000-0000678E005A,/etc/hosts:0,ta1-theia-1
1557756859.734:15660,94E4DFBD-838C-514F-903B-19CAECEF6F62:null:null,READ,0100D00F-0B00-5800-0000-0000678E005A,/etc/hosts:0,ta1-theia-1
1557756859.733:15659,94E4DFBD-838C-514F-903B-19CAECEF6F62:null:null,READ,0100D00F-0B00-5800-0000-0000678E005A,/etc/hosts:0,ta1-theia-1
1557756859.733:15655,94E4DFBD-838C-514F-903B-19CAECEF6F62:null:null,READ,0100D00F-0B00-5800-0000-0000678E005A,/etc/hosts:0,ta1-theia-1
1557756852.346:523710,CC7C9A7F-4BD4-5E0F-88B4-3EA111554703:null:null,READ,0100D00F-0B00-5800-0000-0000678E005A,/etc/hosts:0,ta1-theia-1
1557756852.346:523709,CC7C9A7F-4BD4-5E0F-88B4-3EA111554703:null:null,READ,0100D00F-0B00-5800-0000-0000678E005A,/etc/hosts:0,ta1-theia-1
1557756844.930:523673,CC7C9A7F-4BD4-5E0F-88B4-3EA111554703:null:null,READ,0100D00F-0B00-5800-0000-0000678E005A,/etc/hosts:0,ta1-theia-1
1557756844.930:523672,CC7C9A7F-4BD4-5E0F-88B4-3EA111554703:null:null,READ,0100D00F-0B00-5800-0000-0000678E005A,/etc/hosts:0,ta1-theia-1
1557756832.465:15648,94E4DFBD-838C-514F-903B-19CAECEF6F62:null:null,READ,0100D00F-0B00-5800-0000-0000678E005A,/etc/hosts:0,ta1-theia-1
1557756832.465:15647,94E4DFBD-838C-514F-903B-19CAECEF6F62:null:null,READ,0100D00F-0B00-5800-0000-0000678E005A,/etc/hosts:0,ta1-theia-1
1557756832.465:15643,94E4DFBD-838C-514F-903B-19CAECEF6F62:null:null,READ,0100D00F-0B00-5800-0000-0000678E005A,/etc/hosts:0,ta1-theia-1
1557756805.557:523648,CC7C9A7F-4BD4-5E0F-88B4-3EA111554703:null:null,READ,0100D00F-0B00-5800-0000-0000678E005A,/etc/hosts:0,ta1-theia-1
1557756805.557:523647,CC7C9A7F-4BD4-5E0F-88B4-3EA111554703:null:null,READ,0100D00F-0B00-5800-0000-0000678E005A,/etc/hosts:0,ta1-theia-1
1557756731.333:523607,CC7C9A7F-4BD4-5E0F-88B4-3EA111554703:null:null,READ,0100D00F-0B00-5800-0000-0000678E005A,/etc/hosts:0,ta1-theia-1
1557756731.333:523606,CC7C9A7F-4BD4-5E0F-88B4-3EA111554703:null:null,READ,0100D00F-0B00-5800-0000-0000678E005A,/etc/hosts:0,ta1-theia-1
1557756724.866:523571,CC7C9A7F-4BD4-5E0F-88B4-3EA111554703:null:null,READ,0100D00F-0B00-5800-0000-0000678E005A,/etc/hosts:0,ta1-theia-1
1557756724.866:523570,CC7C9A7F-4BD4-5E0F-88B4-3EA111554703:null:null,READ,0100D00F-0B00-5800-0000-0000678E005A,/etc/hosts:0,ta1-theia-1
1557756701.329:523541,CC7C9A7F-4BD4-5E0F-88B4-3EA111554703:null:null,READ,0100D00F-0B00-5800-0000-0000678E005A,/etc/hosts:0,ta1-theia-1
1557756701.329:523540,CC7C9A7F-4BD4-5E0F-88B4-3EA111554703:null:null,READ,0100D00F-0B00-5800-0000-0000678E005A,/etc/hosts:0,ta1-theia-1
1557756694.914:523505,CC7C9A7F-4BD4-5E0F-88B4-3EA111554703:null:null,READ,0100D00F-0B00-5800-0000-0000678E005A,/etc/hosts:0,ta1-theia-1
1557756694.914:523504,CC7C9A7F-4BD4-5E0F-88B4-3EA111554703:null:null,READ,0100D00F-0B00-5800-0000-0000678E005A,/etc/hosts:0,ta1-theia-1
1557756689.529:523465,CC7C9A7F-4BD4-5E0F-88B4-3EA111554703:null:null,READ,0100D00F-0B00-5800-0000-0000678E005A,/etc/hosts:0,ta1-theia-1
1557756689.529:523464,CC7C9A7F-4BD4-5E0F-88B4-3EA111554703:null:null,READ,0100D00F-0B00-5800-0000-0000678E005A,/etc/hosts:0,ta1-theia-1
1557756680.298:523424,CC7C9A7F-4BD4-5E0F-88B4-3EA111554703:null:null,READ,0100D00F-0B00-5800-0000-0000678E005A,/etc/hosts:0,ta1-theia-1
1557756680.298:523423,CC7C9A7F-4BD4-5E0F-88B4-3EA111554703:null:null,READ,0100D00F-0B00-5800-0000-0000678E005A,/etc/hosts:0,ta1-theia-1
1557756671.294:523382,CC7C9A7F-4BD4-5E0F-88B4-3EA111554703:null:null,READ,0100D00F-0B00-5800-0000-0000678E005A,/etc/hosts:0,ta1-theia-1
1557756671.294:523381,CC7C9A7F-4BD4-5E0F-88B4-3EA111554703:null:null,READ,0100D00F-0B00-5800-0000-0000678E005A,/etc/hosts:0,ta1-theia-1
1557756663.679:523357,CC7C9A7F-4BD4-5E0F-88B4-3EA111554703:null:null,READ,0100D00F-0B00-5800-0000-0000678E005A,/etc/hosts:0,ta1-theia-1
1557756663.679:523356,CC7C9A7F-4BD4-5E0F-88B4-3EA111554703:null:null,READ,0100D00F-0B00-5800-0000-0000678E005A,/etc/hosts:0,ta1-theia-1
1557756657.872:523316,CC7C9A7F-4BD4-5E0F-88B4-3EA111554703:null:null,READ,0100D00F-0B00-5800-0000-0000678E005A,/etc/hosts:0,ta1-theia-1
1557756657.872:523315,CC7C9A7F-4BD4-5E0F-88B4-3EA111554703:null:null,READ,0100D00F-0B00-5800-0000-0000678E005A,/etc/hosts:0,ta1-theia-1
1557756649.298:523270,CC7C9A7F-4BD4-5E0F-88B4-3EA111554703:null:null,READ,0100D00F-0B00-5800-0000-0000678E005A,/etc/hosts:0,ta1-theia-1
1557756649.298:523269,CC7C9A7F-4BD4-5E0F-88B4-3EA111554703:null:null,READ,0100D00F-0B00-5800-0000-0000678E005A,/etc/hosts:0,ta1-theia-1
1557756649.150:127208,D2254D75-B9E0-55BB-A06C-FF862E97E769:null:null,CLONE,3AF3CAF5-F0B7-554F-B8F8-B495BE35D4E5,b'xscreensaver -no-splash':1003,ta1-theia-1
1557756649.131:139,42615EE7-7101-59FF-B39E-FA5768FED996:b'/usr/bin/python /usr/share/apport/apport 189589 11 0':1003,CLONE,E4B42391-B0E8-5E4B-9405-01FFD545C786,b'/usr/bin/gdbus call -e -d org.gnome.SessionManager -o /org/gnome/SessionManager -m org.gnome.SessionManager.IsSessionRunning':1003,ta1-theia-1
1557756649.124:1214,F44F43F9-6E49-5D67-BAB8-BE0FA2F3E1F3:b'/usr/bin/python /usr/share/apport/apport 189589 11 0':0,CLONE,42615EE7-7101-59FF-B39E-FA5768FED996,b'/usr/bin/python /usr/share/apport/apport 189589 11 0':1003,ta1-theia-1
1557756649.073:127183,D2254D75-B9E0-55BB-A06C-FF862E97E769:null:null,CLONE,5ABFB8E7-2B36-5FB5-864C-7236E299A922,b'xscreensaver -no-splash':1003,ta1-theia-1
1557756649.051:139,27A42E9F-1DDD-5026-B50C-D91814FBBED4:b'/usr/bin/python /usr/share/apport/apport 189585 11 0':1003,CLONE,1FB4F364-11F5-5BDC-B967-E48685E75331,b'/usr/bin/gdbus call -e -d org.gnome.SessionManager -o /org/gnome/SessionManager -m org.gnome.SessionManager.IsSessionRunning':1003,ta1-theia-1
1557756649.044:1214,DD985F69-C59F-576E-A83E-3B34461E163A:b'/usr/bin/python /usr/share/apport/apport 189585 11 0':0,CLONE,27A42E9F-1DDD-5026-B50C-D91814FBBED4,b'/usr/bin/python /usr/share/apport/apport 189585 11 0':1003,ta1-theia-1
1557756648.984:127174,D2254D75-B9E0-55BB-A06C-FF862E97E769:null:null,CLONE,50E5866C-4E40-55D9-8964-3625B02C891A,b'xscreensaver -no-splash':1003,ta1-theia-1
1557756640.292:523210,CC7C9A7F-4BD4-5E0F-88B4-3EA111554703:null:null,READ,0100D00F-0B00-5800-0000-0000678E005A,/etc/hosts:0,ta1-theia-1
1557756640.292:523209,CC7C9A7F-4BD4-5E0F-88B4-3EA111554703:null:null,READ,0100D00F-0B00-5800-0000-0000678E005A,/etc/hosts:0,ta1-theia-1
1557756633.445:523185,CC7C9A7F-4BD4-5E0F-88B4-3EA111554703:null:null,READ,0100D00F-0B00-5800-0000-0000678E005A,/etc/hosts:0,ta1-theia-1
1557756633.445:523184,CC7C9A7F-4BD4-5E0F-88B4-3EA111554703:null:null,READ,0100D00F-0B00-5800-0000-0000678E005A,/etc/hosts:0,ta1-theia-1
1557756628.932:523144,CC7C9A7F-4BD4-5E0F-88B4-3EA111554703:null:null,READ,0100D00F-0B00-5800-0000-0000678E005A,/etc/hosts:0,ta1-theia-1
1557756628.932:523143,CC7C9A7F-4BD4-5E0F-88B4-3EA111554703:null:null,READ,0100D00F-0B00-5800-0000-0000678E005A,/etc/hosts:0,ta1-theia-1
1557756610.294:523103,CC7C9A7F-4BD4-5E0F-88B4-3EA111554703:null:null,READ,0100D00F-0B00-5800-0000-0000678E005A,/etc/hosts:0,ta1-theia-1
1557756610.294:523102,CC7C9A7F-4BD4-5E0F-88B4-3EA111554703:null:null,READ,0100D00F-0B00-5800-0000-0000678E005A,/etc/hosts:0,ta1-theia-1
1557756604.930:523067,CC7C9A7F-4BD4-5E0F-88B4-3EA111554703:null:null,READ,0100D00F-0B00-5800-0000-0000678E005A,/etc/hosts:0,ta1-theia-1
1557756604.930:523066,CC7C9A7F-4BD4-5E0F-88B4-3EA111554703:null:null,READ,0100D00F-0B00-5800-0000-0000678E005A,/etc/hosts:0,ta1-theia-1
1557756550.379:523027,CC7C9A7F-4BD4-5E0F-88B4-3EA111554703:null:null,READ,0100D00F-0B00-5800-0000-0000678E005A,/etc/hosts:0,ta1-theia-1
1557756550.379:523026,CC7C9A7F-4BD4-5E0F-88B4-3EA111554703:null:null,READ,0100D00F-0B00-5800-0000-0000678E005A,/etc/hosts:0,ta1-theia-1
1557756544.898:522981,CC7C9A7F-4BD4-5E0F-88B4-3EA111554703:null:null,READ,0100D00F-0B00-5800-0000-0000678E005A,/etc/hosts:0,ta1-theia-1
1557756544.898:522980,CC7C9A7F-4BD4-5E0F-88B4-3EA111554703:null:null,READ,0100D00F-0B00-5800-0000-0000678E005A,/etc/hosts:0,ta1-theia-1
1557756532.809:522946,CC7C9A7F-4BD4-5E0F-88B4-3EA111554703:null:null,READ,0100D00F-0B00-5800-0000-0000678E005A,/etc/hosts:0,ta1-theia-1
1557756532.809:522945,CC7C9A7F-4BD4-5E0F-88B4-3EA111554703:null:null,READ,0100D00F-0B00-5800-0000-0000678E005A,/etc/hosts:0,ta1-theia-1
1557756519.293:522905,CC7C9A7F-4BD4-5E0F-88B4-3EA111554703:null:null,READ,0100D00F-0B00-5800-0000-0000678E005A,/etc/hosts:0,ta1-theia-1
1557756519.293:522904,CC7C9A7F-4BD4-5E0F-88B4-3EA111554703:null:null,READ,0100D00F-0B00-5800-0000-0000678E005A,/etc/hosts:0,ta1-theia-1
1557756514.946:522869,CC7C9A7F-4BD4-5E0F-88B4-3EA111554703:null:null,READ,0100D00F-0B00-5800-0000-0000678E005A,/etc/hosts:0,ta1-theia-1
1557756514.946:522868,CC7C9A7F-4BD4-5E0F-88B4-3EA111554703:null:null,READ,0100D00F-0B00-5800-0000-0000678E005A,/etc/hosts:0,ta1-theia-1
1557756501.216:522839,CC7C9A7F-4BD4-5E0F-88B4-3EA111554703:null:null,READ,0100D00F-0B00-5800-0000-0000678E005A,/etc/hosts:0,ta1-theia-1
1557756501.216:522838,CC7C9A7F-4BD4-5E0F-88B4-3EA111554703:null:null,READ,0100D00F-0B00-5800-0000-0000678E005A,/etc/hosts:0,ta1-theia-1
1557756489.291:522793,CC7C9A7F-4BD4-5E0F-88B4-3EA111554703:null:null,READ,0100D00F-0B00-5800-0000-0000678E005A,/etc/hosts:0,ta1-theia-1
1557756489.291:522792,CC7C9A7F-4BD4-5E0F-88B4-3EA111554703:null:null,READ,0100D00F-0B00-5800-0000-0000678E005A,/etc/hosts:0,ta1-theia-1
1557756484.866:522757,CC7C9A7F-4BD4-5E0F-88B4-3EA111554703:null:null,READ,0100D00F-0B00-5800-0000-0000678E005A,/etc/hosts:0,ta1-theia-1
1557756484.866:522756,CC7C9A7F-4BD4-5E0F-88B4-3EA111554703:null:null,READ,0100D00F-0B00-5800-0000-0000678E005A,/etc/hosts:0,ta1-theia-1
1557756468.483:12289,AEA76405-5C70-579A-8601-95A6089BA400:b'sshd: admin@pts/0   ':1003,CLONE,3E416256-2D44-5D8A-BB0A-46CBE1889440,b'-bash':1003,ta1-theia-1
1557756468.293:522727,CC7C9A7F-4BD4-5E0F-88B4-3EA111554703:null:null,READ,0100D00F-0B00-5800-0000-0000678E005A,/etc/hosts:0,ta1-theia-1
1557756468.293:522726,CC7C9A7F-4BD4-5E0F-88B4-3EA111554703:null:null,READ,0100D00F-0B00-5800-0000-0000678E005A,/etc/hosts:0,ta1-theia-1
1557756465.522:12262,AEA76405-5C70-579A-8601-95A6089BA400:b'sshd: admin@pts/0   ':1003,CLONE,CF6A0478-A684-5B29-B586-99E0F91A3CC6,b'-bash':1003,ta1-theia-1
1557756465.213:23,7738647C-6DE4-5E76-B919-DFAF1F7D98BA:b'-bash':1003,READ,0100D00F-FA0B-5800-0000-00002EE8C15C,/etc/passwd:0,ta1-theia-1
1557756465.211:21,7738647C-6DE4-5E76-B919-DFAF1F7D98BA:b'-bash':1003,READ,0100D00F-FA0B-5800-0000-00002EE8C15C,/etc/passwd:0,ta1-theia-1
1557756465.208:2,7738647C-6DE4-5E76-B919-DFAF1F7D98BA:b'-bash':1003,EXECUTE,0100D00F-9E00-3200-0000-0000B790005A,/bin/cat:0,ta1-theia-1
1557756465.207:12242,AEA76405-5C70-579A-8601-95A6089BA400:b'sshd: admin@pts/0   ':1003,CLONE,7738647C-6DE4-5E76-B919-DFAF1F7D98BA,b'-bash':1003,ta1-theia-1
1557756462.175:12196,AEA76405-5C70-579A-8601-95A6089BA400:b'sshd: admin@pts/0   ':1003,CLONE,BB9A87AF-A56D-50DC-84C1-1019AC674074,b'-bash':1003,ta1-theia-1
1557756460.291:522682,CC7C9A7F-4BD4-5E0F-88B4-3EA111554703:null:null,READ,0100D00F-0B00-5800-0000-0000678E005A,/etc/hosts:0,ta1-theia-1
1557756460.291:522681,CC7C9A7F-4BD4-5E0F-88B4-3EA111554703:null:null,READ,0100D00F-0B00-5800-0000-0000678E005A,/etc/hosts:0,ta1-theia-1
1557756458.177:23,10451F07-37FE-554D-971D-D5336D0AB1A9:b'-bash':1003,READ,0100D00F-FA0B-5800-0000-00002EE8C15C,/etc/passwd:0,ta1-theia-1
1557756458.175:21,10451F07-37FE-554D-971D-D5336D0AB1A9:b'-bash':1003,READ,0100D00F-FA0B-5800-0000-00002EE8C15C,/etc/passwd:0,ta1-theia-1
1557756458.073:2,10451F07-37FE-554D-971D-D5336D0AB1A9:b'-bash':1003,EXECUTE,0100D00F-9E00-3200-0000-0000B790005A,/bin/cat:0,ta1-theia-1
1557756458.071:12158,AEA76405-5C70-579A-8601-95A6089BA400:b'sshd: admin@pts/0   ':1003,CLONE,10451F07-37FE-554D-971D-D5336D0AB1A9,b'-bash':1003,ta1-theia-1
1557756455.974:23,C7F9CC27-1AFB-5891-BD78-534C95BEE3CE:b'-bash':1003,READ,0100D00F-0B00-5800-0000-0000678E005A,/etc/hosts:0,ta1-theia-1
1557756455.973:21,C7F9CC27-1AFB-5891-BD78-534C95BEE3CE:b'-bash':1003,READ,0100D00F-0B00-5800-0000-0000678E005A,/etc/hosts:0,ta1-theia-1
1557756455.970:2,C7F9CC27-1AFB-5891-BD78-534C95BEE3CE:b'-bash':1003,EXECUTE,0100D00F-9E00-3200-0000-0000B790005A,/bin/cat:0,ta1-theia-1
1557756455.969:12112,AEA76405-5C70-579A-8601-95A6089BA400:b'sshd: admin@pts/0   ':1003,CLONE,C7F9CC27-1AFB-5891-BD78-534C95BEE3CE,b'-bash':1003,ta1-theia-1
1557756454.914:522641,CC7C9A7F-4BD4-5E0F-88B4-3EA111554703:null:null,READ,0100D00F-0B00-5800-0000-0000678E005A,/etc/hosts:0,ta1-theia-1
1557756454.914:522640,CC7C9A7F-4BD4-5E0F-88B4-3EA111554703:null:null,READ,0100D00F-0B00-5800-0000-0000678E005A,/etc/hosts:0,ta1-theia-1
1557756453.873:23,73143001-F662-5C41-847F-C517B4BD212E:b'-bash':1003,READ,0100D00F-0B00-5800-0000-0000678E005A,/etc/hosts:0,ta1-theia-1
1557756453.871:21,73143001-F662-5C41-847F-C517B4BD212E:b'-bash':1003,READ,0100D00F-0B00-5800-0000-0000678E005A,/etc/hosts:0,ta1-theia-1
1557756453.865:2,73143001-F662-5C41-847F-C517B4BD212E:b'-bash':1003,EXECUTE,0100D00F-9E00-3200-0000-0000B790005A,/bin/cat:0,ta1-theia-1
1557756453.863:12068,AEA76405-5C70-579A-8601-95A6089BA400:b'sshd: admin@pts/0   ':1003,CLONE,73143001-F662-5C41-847F-C517B4BD212E,b'-bash':1003,ta1-theia-1
1557756449.591:2,21159979-D2A5-5017-BACD-97D98882694B:b'-bash':1003,EXECUTE,0100D00F-2C00-3200-0000-0000BD90005A,/bin/ps:0,ta1-theia-1
1557756449.590:12024,AEA76405-5C70-579A-8601-95A6089BA400:b'sshd: admin@pts/0   ':1003,CLONE,21159979-D2A5-5017-BACD-97D98882694B,b'-bash':1003,ta1-theia-1
1557756449.482:2,1133D1EC-FB45-510B-A2AA-FAE2EB74EA7F:b'-bash':1003,CLONE,12356698-B7A5-5D62-9B90-F2F64C76796E,b'-bash':1003,ta1-theia-1
1557756449.482:1,1133D1EC-FB45-510B-A2AA-FAE2EB74EA7F:b'-bash':1003,CLONE,4D183FFE-9EDF-5E52-BFE3-0847AFB4B771,b'-bash':1003,ta1-theia-1
1557756449.481:8229,AEA76405-5C70-579A-8601-95A6089BA400:b'sshd: admin@pts/0   ':1003,CLONE,1133D1EC-FB45-510B-A2AA-FAE2EB74EA7F,b'-bash':1003,ta1-theia-1
1557756449.466:2,17A05D4E-6F3E-53FD-AD8B-E5CC84CF0F43:b'-bash':1003,CLONE,11E10334-39B1-5671-8717-ADCF1EA4D724,b'-bash':1003,ta1-theia-1
1557756449.466:1,17A05D4E-6F3E-53FD-AD8B-E5CC84CF0F43:b'-bash':1003,CLONE,695360E1-046F-59F7-9296-D1EBB9DDF326,b'-bash':1003,ta1-theia-1
1557756449.465:8214,AEA76405-5C70-579A-8601-95A6089BA400:b'sshd: admin@pts/0   ':1003,CLONE,17A05D4E-6F3E-53FD-AD8B-E5CC84CF0F43,b'-bash':1003,ta1-theia-1
1557756449.454:2,55B087CE-B4BE-55D8-827B-DDFA4990E3EC:b'-bash':1003,CLONE,09578224-AD2F-5656-9405-0011D39205E1,b'-bash':1003,ta1-theia-1
1557756449.454:1,55B087CE-B4BE-55D8-827B-DDFA4990E3EC:b'-bash':1003,CLONE,F1E4FEBA-CAB4-5E1A-B177-677B3201A23B,b'-bash':1003,ta1-theia-1
1557756449.454:8199,AEA76405-5C70-579A-8601-95A6089BA400:b'sshd: admin@pts/0   ':1003,CLONE,55B087CE-B4BE-55D8-827B-DDFA4990E3EC,b'-bash':1003,ta1-theia-1
1557756449.442:2,B3963BDE-856B-5DFC-AFBD-A2199FD4F112:b'-bash':1003,CLONE,2CA7D56B-7BE1-5A22-837F-0B37D3851D0E,b'-bash':1003,ta1-theia-1
1557756449.442:1,B3963BDE-856B-5DFC-AFBD-A2199FD4F112:b'-bash':1003,CLONE,F5A804B8-F7D9-583F-9A38-9C72B5488AE2,b'-bash':1003,ta1-theia-1
1557756449.442:8184,AEA76405-5C70-579A-8601-95A6089BA400:b'sshd: admin@pts/0   ':1003,CLONE,B3963BDE-856B-5DFC-AFBD-A2199FD4F112,b'-bash':1003,ta1-theia-1
1557756449.426:2,47FFC25E-1118-5656-B388-B43815B16E29:b'-bash':1003,CLONE,9EF89249-54CC-5FB4-A4BD-D883D9AF3E98,b'-bash':1003,ta1-theia-1
1557756449.426:1,47FFC25E-1118-5656-B388-B43815B16E29:b'-bash':1003,CLONE,03C0815C-F0F4-5E3A-B204-6CCC805F79B0,b'-bash':1003,ta1-theia-1
1557756449.425:8169,AEA76405-5C70-579A-8601-95A6089BA400:b'sshd: admin@pts/0   ':1003,CLONE,47FFC25E-1118-5656-B388-B43815B16E29,b'-bash':1003,ta1-theia-1
1557756449.417:2,78FFB1B1-5EAF-58EB-B55F-C1305057BBA1:b'-bash':1003,CLONE,7186DB59-8CC9-54DE-92E0-48AEC528E4CA,b'-bash':1003,ta1-theia-1
1557756449.416:1,78FFB1B1-5EAF-58EB-B55F-C1305057BBA1:b'-bash':1003,CLONE,746B7254-9BEB-55AE-9E9D-D612F2B854B8,b'-bash':1003,ta1-theia-1
1557756449.415:8154,AEA76405-5C70-579A-8601-95A6089BA400:b'sshd: admin@pts/0   ':1003,CLONE,78FFB1B1-5EAF-58EB-B55F-C1305057BBA1,b'-bash':1003,ta1-theia-1
1557756449.400:2,B830D68D-D441-54A5-8C2C-E6E26F60BCD1:b'-bash':1003,CLONE,220DCDD1-7176-5A94-B07A-CF691362FAC0,b'-bash':1003,ta1-theia-1
1557756449.399:1,B830D68D-D441-54A5-8C2C-E6E26F60BCD1:b'-bash':1003,CLONE,7FA44746-9F97-593D-8DB9-34CEB59538A0,b'-bash':1003,ta1-theia-1
1557756449.398:8139,AEA76405-5C70-579A-8601-95A6089BA400:b'sshd: admin@pts/0   ':1003,CLONE,B830D68D-D441-54A5-8C2C-E6E26F60BCD1,b'-bash':1003,ta1-theia-1
1557756449.380:2,A207B694-F923-5F49-ADFD-C24039DB8EAC:b'-bash':1003,CLONE,EF0DADD2-C615-5F9C-A52C-7262F63EC1EF,b'-bash':1003,ta1-theia-1
1557756449.380:1,A207B694-F923-5F49-ADFD-C24039DB8EAC:b'-bash':1003,CLONE,5F396CFF-CE7E-58D1-8A54-03812925E536,b'-bash':1003,ta1-theia-1
1557756449.379:8124,AEA76405-5C70-579A-8601-95A6089BA400:b'sshd: admin@pts/0   ':1003,CLONE,A207B694-F923-5F49-ADFD-C24039DB8EAC,b'-bash':1003,ta1-theia-1
1557756449.371:2,4E2BDC80-C651-5E96-83C8-DABCAB8C70EC:b'-bash':1003,CLONE,98C8A673-4BD0-5DDA-B3FB-3B4417FDC43A,b'-bash':1003,ta1-theia-1
1557756449.371:1,4E2BDC80-C651-5E96-83C8-DABCAB8C70EC:b'-bash':1003,CLONE,1FDE1B51-15C1-599D-8BFE-B58C208822C6,b'-bash':1003,ta1-theia-1
1557756449.370:8109,AEA76405-5C70-579A-8601-95A6089BA400:b'sshd: admin@pts/0   ':1003,CLONE,4E2BDC80-C651-5E96-83C8-DABCAB8C70EC,b'-bash':1003,ta1-theia-1
1557756449.356:2,B76921E2-A780-5F18-9DFB-6CAAF0BABF4D:b'-bash':1003,CLONE,107502D6-CB63-5C03-A61C-AD87EEC249FC,b'-bash':1003,ta1-theia-1
1557756449.355:1,B76921E2-A780-5F18-9DFB-6CAAF0BABF4D:b'-bash':1003,CLONE,11E6558D-1F95-583F-A043-422E5FF52B8A,b'-bash':1003,ta1-theia-1
1557756449.354:8094,AEA76405-5C70-579A-8601-95A6089BA400:b'sshd: admin@pts/0   ':1003,CLONE,B76921E2-A780-5F18-9DFB-6CAAF0BABF4D,b'-bash':1003,ta1-theia-1
1557756449.190:2,559260FF-DDC1-52B7-BA04-D2A6D9D31074:b'-bash':1003,CLONE,06A163F2-472C-5864-A410-5430963AD529,b'-bash':1003,ta1-theia-1
1557756449.190:1,559260FF-DDC1-52B7-BA04-D2A6D9D31074:b'-bash':1003,CLONE,810608A4-E776-5AB8-A3EB-C1E8F104D874,b'-bash':1003,ta1-theia-1
1557756449.189:8079,AEA76405-5C70-579A-8601-95A6089BA400:b'sshd: admin@pts/0   ':1003,CLONE,559260FF-DDC1-52B7-BA04-D2A6D9D31074,b'-bash':1003,ta1-theia-1
1557756449.187:2,A1F61F1F-70D2-510F-B6E2-EDB95562CD70:b'-bash':1003,CLONE,5281C823-3F66-5C8F-8885-96EB26AA125D,b'-bash':1003,ta1-theia-1
1557756449.187:1,A1F61F1F-70D2-510F-B6E2-EDB95562CD70:b'-bash':1003,CLONE,D16F7C35-658B-58F9-89F4-35A7D8B72257,b'-bash':1003,ta1-theia-1
1557756449.187:8064,AEA76405-5C70-579A-8601-95A6089BA400:b'sshd: admin@pts/0   ':1003,CLONE,A1F61F1F-70D2-510F-B6E2-EDB95562CD70,b'-bash':1003,ta1-theia-1
1557756449.184:7980,AEA76405-5C70-579A-8601-95A6089BA400:b'sshd: admin@pts/0   ':1003,CLONE,79CD77BB-BCE7-5C13-A852-DCF910997DAE,b'-bash':1003,ta1-theia-1
1557756449.157:0,C9388743-1D86-5965-82AE-272CDEB914E7:b'-bash':1003,CLONE,D5053C9C-094B-57EE-A43D-3A2ADBC85ED3,b'-bash':1003,ta1-theia-1
1557756449.156:6943,AEA76405-5C70-579A-8601-95A6089BA400:b'sshd: admin@pts/0   ':1003,CLONE,C9388743-1D86-5965-82AE-272CDEB914E7,b'-bash':1003,ta1-theia-1
1557756449.110:2,928ED2A1-906F-560C-9BAF-EE2E8FAC5CCB:b'-bash':1003,CLONE,2CECD569-7392-532D-A6A5-55FE1FB7C020,b'-bash':1003,ta1-theia-1
1557756449.110:1,928ED2A1-906F-560C-9BAF-EE2E8FAC5CCB:b'-bash':1003,CLONE,8692806B-8810-5F58-82E8-C426D2832D15,b'-bash':1003,ta1-theia-1
1557756449.110:6932,AEA76405-5C70-579A-8601-95A6089BA400:b'sshd: admin@pts/0   ':1003,CLONE,928ED2A1-906F-560C-9BAF-EE2E8FAC5CCB,b'-bash':1003,ta1-theia-1
1557756449.086:0,6CA4EF8A-F1E9-5D4F-95FE-F0CDA9530DD5:b'-bash':1003,CLONE,A3946ED1-503F-5E41-BCB4-0CC5A3BB44DA,b'-bash':1003,ta1-theia-1
1557756449.085:6070,AEA76405-5C70-579A-8601-95A6089BA400:b'sshd: admin@pts/0   ':1003,CLONE,6CA4EF8A-F1E9-5D4F-95FE-F0CDA9530DD5,b'-bash':1003,ta1-theia-1
1557756449.071:0,58838208-7FAD-5883-8E9C-FE1EA356A429:b'-bash':1003,CLONE,955F31DE-CECC-5342-BD18-3276D15EDFA3,b'-bash':1003,ta1-theia-1
1557756449.071:6054,AEA76405-5C70-579A-8601-95A6089BA400:b'sshd: admin@pts/0   ':1003,CLONE,58838208-7FAD-5883-8E9C-FE1EA356A429,b'-bash':1003,ta1-theia-1
1557756449.069:1,A0A83065-91DA-5A3E-9818-44A9A9769690:b'/bin/sh /usr/bin/lesspipe':1003,CLONE,34825D03-97F1-584F-B5AE-3A16768A049A,b'/bin/sh /usr/bin/lesspipe':1003,ta1-theia-1
1557756449.069:22,C32A820E-B233-529A-8243-A950CC913A74:b'-bash':1003,CLONE,A0A83065-91DA-5A3E-9818-44A9A9769690,b'/bin/sh /usr/bin/lesspipe':1003,ta1-theia-1
1557756449.057:18,C32A820E-B233-529A-8243-A950CC913A74:b'-bash':1003,CLONE,2B1766FD-F166-5FED-9888-622A5F8A2CD3,b'/bin/sh /usr/bin/lesspipe':1003,ta1-theia-1
1557756449.056:0,EEABE8E5-AD73-55E6-BF5C-A9A5D6894A03:b'-bash':1003,CLONE,C32A820E-B233-529A-8243-A950CC913A74,b'-bash':1003,ta1-theia-1
1557756449.056:6050,AEA76405-5C70-579A-8601-95A6089BA400:b'sshd: admin@pts/0   ':1003,CLONE,EEABE8E5-AD73-55E6-BF5C-A9A5D6894A03,b'-bash':1003,ta1-theia-1
1557756448.962:2,BE6BBB36-F4E3-533C-B849-5B1EEB36314E:b'-bash':1003,CLONE,16DD3AC1-00BA-56E5-ACB7-7125172A93C4,b'-bash':1003,ta1-theia-1
1557756448.961:1,BE6BBB36-F4E3-533C-B849-5B1EEB36314E:b'-bash':1003,CLONE,FE08CD6B-882B-5FD2-BB99-810D823AE12C,b'-bash':1003,ta1-theia-1
1557756448.961:2287,AEA76405-5C70-579A-8601-95A6089BA400:b'sshd: admin@pts/0   ':1003,CLONE,BE6BBB36-F4E3-533C-B849-5B1EEB36314E,b'-bash':1003,ta1-theia-1
1557756448.949:2,9ED6FAB1-5054-547E-9285-C033C1A72566:b'-bash':1003,CLONE,8CFF30A9-EB30-5772-A706-1B57E2838F20,b'-bash':1003,ta1-theia-1
1557756448.949:1,9ED6FAB1-5054-547E-9285-C033C1A72566:b'-bash':1003,CLONE,0D2ED64E-5116-573B-A143-006FE788C1B7,b'-bash':1003,ta1-theia-1
1557756448.948:2272,AEA76405-5C70-579A-8601-95A6089BA400:b'sshd: admin@pts/0   ':1003,CLONE,9ED6FAB1-5054-547E-9285-C033C1A72566,b'-bash':1003,ta1-theia-1
1557756448.946:2,BC471C2F-385D-52CC-B01A-CC4C4378084A:b'-bash':1003,CLONE,ABE6A0C4-0926-553D-AE59-39F6F1A5F392,b'-bash':1003,ta1-theia-1
1557756448.945:1,BC471C2F-385D-52CC-B01A-CC4C4378084A:b'-bash':1003,CLONE,EA1CC148-B702-5602-A8B8-DC24DD8E0F33,b'-bash':1003,ta1-theia-1
1557756448.945:2257,AEA76405-5C70-579A-8601-95A6089BA400:b'sshd: admin@pts/0   ':1003,CLONE,BC471C2F-385D-52CC-B01A-CC4C4378084A,b'-bash':1003,ta1-theia-1
1557756448.933:2,1D5E806F-3D8B-59C1-AFB4-C9159756D1D3:b'-bash':1003,CLONE,79FB3C92-A684-5C41-BE68-BCB73C52BF69,b'-bash':1003,ta1-theia-1
1557756448.933:1,1D5E806F-3D8B-59C1-AFB4-C9159756D1D3:b'-bash':1003,CLONE,12A2D895-7466-5BB2-967D-5850234A5D9C,b'-bash':1003,ta1-theia-1
1557756448.933:2242,AEA76405-5C70-579A-8601-95A6089BA400:b'sshd: admin@pts/0   ':1003,CLONE,1D5E806F-3D8B-59C1-AFB4-C9159756D1D3,b'-bash':1003,ta1-theia-1
1557756448.930:2,3B4D1288-0A96-5DBB-B28F-A9FECC4A97A7:b'-bash':1003,CLONE,AD902A32-F795-5406-9130-955D34B2F103,b'-bash':1003,ta1-theia-1
1557756448.929:1,3B4D1288-0A96-5DBB-B28F-A9FECC4A97A7:b'-bash':1003,CLONE,F637BB27-3A36-51C3-AC80-197B8B5C6516,b'-bash':1003,ta1-theia-1
1557756448.929:2227,AEA76405-5C70-579A-8601-95A6089BA400:b'sshd: admin@pts/0   ':1003,CLONE,3B4D1288-0A96-5DBB-B28F-A9FECC4A97A7,b'-bash':1003,ta1-theia-1
1557756448.917:2,43572BCC-14F4-5752-8112-B0F791C5D8E5:b'-bash':1003,CLONE,0F67F258-7CC4-5103-8498-EC703E211A54,b'-bash':1003,ta1-theia-1
1557756448.917:1,43572BCC-14F4-5752-8112-B0F791C5D8E5:b'-bash':1003,CLONE,34C512D9-AD00-587A-BA13-6737D4696CF0,b'-bash':1003,ta1-theia-1
1557756448.917:2212,AEA76405-5C70-579A-8601-95A6089BA400:b'sshd: admin@pts/0   ':1003,CLONE,43572BCC-14F4-5752-8112-B0F791C5D8E5,b'-bash':1003,ta1-theia-1
1557756448.914:2,DD7CDBF2-E694-5012-878A-B320A9A30323:b'-bash':1003,CLONE,465C1580-D24C-59F7-AB6E-62574AB308A6,b'-bash':1003,ta1-theia-1
1557756448.914:1,DD7CDBF2-E694-5012-878A-B320A9A30323:b'-bash':1003,CLONE,579D0483-CC66-5044-962C-FEF51533052E,b'-bash':1003,ta1-theia-1
1557756448.913:2197,AEA76405-5C70-579A-8601-95A6089BA400:b'sshd: admin@pts/0   ':1003,CLONE,DD7CDBF2-E694-5012-878A-B320A9A30323,b'-bash':1003,ta1-theia-1
1557756448.901:2,CB3FAEE3-B73D-5FB6-BF72-A62A45513B73:b'-bash':1003,CLONE,EF96FD3B-4B70-5BC4-AE10-C04E45DB8976,b'-bash':1003,ta1-theia-1
1557756448.901:1,CB3FAEE3-B73D-5FB6-BF72-A62A45513B73:b'-bash':1003,CLONE,BB0CDAEB-967B-55E8-8652-961AFC8E4D84,b'-bash':1003,ta1-theia-1
1557756448.901:2182,AEA76405-5C70-579A-8601-95A6089BA400:b'sshd: admin@pts/0   ':1003,CLONE,CB3FAEE3-B73D-5FB6-BF72-A62A45513B73,b'-bash':1003,ta1-theia-1
1557756448.894:2,D82CE05C-E66E-5306-B7FD-332466F58D05:b'-bash':1003,CLONE,057636DA-2CBA-5982-B8EF-8DAB5934EFBE,b'-bash':1003,ta1-theia-1
1557756448.893:1,D82CE05C-E66E-5306-B7FD-332466F58D05:b'-bash':1003,CLONE,4B9593C8-E757-54C9-B524-29D4E1C68564,b'-bash':1003,ta1-theia-1
1557756448.893:2167,AEA76405-5C70-579A-8601-95A6089BA400:b'sshd: admin@pts/0   ':1003,CLONE,D82CE05C-E66E-5306-B7FD-332466F58D05,b'-bash':1003,ta1-theia-1
1557756448.879:2,2465CD14-C8AB-5AB8-92F4-797F767C1987:b'-bash':1003,CLONE,5E764143-33C5-5CB1-B69F-567DF442FAEE,b'-bash':1003,ta1-theia-1
1557756448.878:1,2465CD14-C8AB-5AB8-92F4-797F767C1987:b'-bash':1003,CLONE,BED3BC5A-13AA-56BE-B242-C9A02C99BC18,b'-bash':1003,ta1-theia-1
1557756448.878:2152,AEA76405-5C70-579A-8601-95A6089BA400:b'sshd: admin@pts/0   ':1003,CLONE,2465CD14-C8AB-5AB8-92F4-797F767C1987,b'-bash':1003,ta1-theia-1
1557756448.874:2,D6D87B7C-EADF-5123-B1B5-85D0314F11DF:b'-bash':1003,CLONE,34854922-F82F-5668-A94C-754EE38FED76,b'-bash':1003,ta1-theia-1
1557756448.874:1,D6D87B7C-EADF-5123-B1B5-85D0314F11DF:b'-bash':1003,CLONE,9E6CD9E4-EA30-50AE-B193-9909C2F0C571,b'-bash':1003,ta1-theia-1
1557756448.874:2137,AEA76405-5C70-579A-8601-95A6089BA400:b'sshd: admin@pts/0   ':1003,CLONE,D6D87B7C-EADF-5123-B1B5-85D0314F11DF,b'-bash':1003,ta1-theia-1
1557756448.865:2,82F4F7B0-F21A-5A82-900A-682595604EF3:b'-bash':1003,CLONE,58CE79FB-33C9-58B0-8E82-A9691BBA80B5,b'-bash':1003,ta1-theia-1
1557756448.865:1,82F4F7B0-F21A-5A82-900A-682595604EF3:b'-bash':1003,CLONE,28A36C52-0B61-5AFC-9F10-F4410AD3A4B2,b'-bash':1003,ta1-theia-1
1557756448.865:2122,AEA76405-5C70-579A-8601-95A6089BA400:b'sshd: admin@pts/0   ':1003,CLONE,82F4F7B0-F21A-5A82-900A-682595604EF3,b'-bash':1003,ta1-theia-1
1557756448.858:2028,AEA76405-5C70-579A-8601-95A6089BA400:b'sshd: admin@pts/0   ':1003,CLONE,16F446CE-4106-5DA5-8AFD-EDBE509AB3A3,b'-bash':1003,ta1-theia-1
1557756448.554:0,E09FDB36-C14C-552C-92F3-A4385CD9AC6F:b'-bash':1003,CLONE,4DA3AE28-A984-5152-A947-CA6DC64F4470,b'-bash':1003,ta1-theia-1
1557756448.553:991,AEA76405-5C70-579A-8601-95A6089BA400:b'sshd: admin@pts/0   ':1003,CLONE,E09FDB36-C14C-552C-92F3-A4385CD9AC6F,b'-bash':1003,ta1-theia-1
1557756448.174:2,BF10FDE5-0718-5872-977D-2EE2E307BB79:b'-bash':1003,CLONE,31913468-6F90-5F9B-9BBB-79C30C609ADB,b'-bash':1003,ta1-theia-1
1557756448.173:1,BF10FDE5-0718-5872-977D-2EE2E307BB79:b'-bash':1003,CLONE,F4793D8F-90A8-56F1-A3A3-4AF2110DA2DC,b'-bash':1003,ta1-theia-1
1557756448.172:980,AEA76405-5C70-579A-8601-95A6089BA400:b'sshd: admin@pts/0   ':1003,CLONE,BF10FDE5-0718-5872-977D-2EE2E307BB79,b'-bash':1003,ta1-theia-1
1557756447.934:0,7E5F146A-C46D-51EF-9AEA-197540C04C85:b'-bash':1003,CLONE,A90E46F3-8108-5B49-934D-C68B9FBFA257,b'-bash':1003,ta1-theia-1
1557756447.933:118,AEA76405-5C70-579A-8601-95A6089BA400:b'sshd: admin@pts/0   ':1003,CLONE,7E5F146A-C46D-51EF-9AEA-197540C04C85,b'-bash':1003,ta1-theia-1
1557756447.882:34,468CA67A-1FAE-5E2C-B127-342F5C1FB052:b'sshd: admin [priv]  ':0,CLONE,AEA76405-5C70-579A-8601-95A6089BA400,b'sshd: admin@pts/0   ':1003,ta1-theia-1
1557756447.568:591,EC8DDE52-AD74-5650-A7F7-2A3CE4BB8BBF:b'/usr/sbin/sshd -D':0,CLONE,468CA67A-1FAE-5E2C-B127-342F5C1FB052,b'sshd: admin [priv]  ':0,ta1-theia-1
1557756447.421:35,04DD4AD6-88F2-5ED0-97F6-EACB2FE36ABD:b'sh -c /usr/bin/env -i PATH=/usr/local/sbin:/usr/local/bin:/usr/sbin:/usr/bin:/sbin:/bin run-parts --lsbsysinit /etc/update-motd.d > /var/run/motd.new':0,CLONE,D273579D-9BB2-5205-8538-41CD20F32A07,b'run-parts --lsbsysinit /etc/update-motd.d':0,ta1-theia-1
1557756447.357:34,04DD4AD6-88F2-5ED0-97F6-EACB2FE36ABD:b'sh -c /usr/bin/env -i PATH=/usr/local/sbin:/usr/local/bin:/usr/sbin:/usr/bin:/sbin:/bin run-parts --lsbsysinit /etc/update-motd.d > /var/run/motd.new':0,CLONE,D04659B8-32EB-5996-B154-5529890146BD,b'run-parts --lsbsysinit /etc/update-motd.d':0,ta1-theia-1
1557756447.242:0,3E7D28E6-C317-5D10-B99D-C08A819D7F1E:b'/bin/sh /usr/lib/update-notifier/update-motd-fsck-at-reboot':0,EXECUTE,0100D00F-9E00-3200-0000-0000B790005A,/bin/cat:0,ta1-theia-1
1557756447.241:43,851812CD-3154-5E4D-97CA-42E46558B1B7:b'run-parts --lsbsysinit /etc/update-motd.d':0,CLONE,3E7D28E6-C317-5D10-B99D-C08A819D7F1E,b'/bin/sh /usr/lib/update-notifier/update-motd-fsck-at-reboot':0,ta1-theia-1
1557756447.169:40,851812CD-3154-5E4D-97CA-42E46558B1B7:b'run-parts --lsbsysinit /etc/update-motd.d':0,CLONE,7BF5CE32-F535-565B-956B-36D11803F12D,b'/bin/sh /usr/lib/update-notifier/update-motd-fsck-at-reboot':0,ta1-theia-1
1557756447.114:36,851812CD-3154-5E4D-97CA-42E46558B1B7:b'run-parts --lsbsysinit /etc/update-motd.d':0,CLONE,00718EEB-9670-5B94-BBA2-D2C0015213CD,b'/bin/sh /usr/lib/update-notifier/update-motd-fsck-at-reboot':0,ta1-theia-1
1557756447.109:33,04DD4AD6-88F2-5ED0-97F6-EACB2FE36ABD:b'sh -c /usr/bin/env -i PATH=/usr/local/sbin:/usr/local/bin:/usr/sbin:/usr/bin:/sbin:/bin run-parts --lsbsysinit /etc/update-motd.d > /var/run/motd.new':0,CLONE,851812CD-3154-5E4D-97CA-42E46558B1B7,b'run-parts --lsbsysinit /etc/update-motd.d':0,ta1-theia-1
1557756446.994:0,8895CDF3-4E91-5724-A4D2-8D0239E70944:b'/bin/sh -e /usr/lib/update-notifier/update-motd-hwe-eol':0,EXECUTE,0100D00F-9E00-3200-0000-0000B790005A,/bin/cat:0,ta1-theia-1
1557756446.993:57,65BC5813-1F36-51E0-8CE5-3CC95AC794C8:b'run-parts --lsbsysinit /etc/update-motd.d':0,CLONE,8895CDF3-4E91-5724-A4D2-8D0239E70944,b'/bin/sh -e /usr/lib/update-notifier/update-motd-hwe-eol':0,ta1-theia-1
1557756446.817:55,65BC5813-1F36-51E0-8CE5-3CC95AC794C8:b'run-parts --lsbsysinit /etc/update-motd.d':0,CLONE,2A4D0520-42FE-545F-B412-6D935846D75E,b'/bin/sh -e /usr/lib/update-notifier/update-motd-hwe-eol':0,ta1-theia-1
1557756446.707:105,F60B127E-330F-5F07-B99F-1BF9C2AC2C1A:b'/bin/sh -e /usr/lib/update-notifier/update-motd-hwe-eol':0,CLONE,0EA4EFC1-675E-54F0-ACC5-103532EF9A99,b'apt-config shell DpkgStatusDir Dir::State::status':0,ta1-theia-1
1557756446.697:51,65BC5813-1F36-51E0-8CE5-3CC95AC794C8:b'run-parts --lsbsysinit /etc/update-motd.d':0,CLONE,F60B127E-330F-5F07-B99F-1BF9C2AC2C1A,b'/bin/sh -e /usr/lib/update-notifier/update-motd-hwe-eol':0,ta1-theia-1
1557756446.567:105,D2AC257F-DB9E-5113-8780-BC35EAE6EBB8:b'/bin/sh -e /usr/lib/update-notifier/update-motd-hwe-eol':0,CLONE,6446B0B1-0BAD-568A-A36A-7B7DD6477CE6,b'apt-config shell SourceList Dir::Etc::sourcelist':0,ta1-theia-1
1557756446.557:47,65BC5813-1F36-51E0-8CE5-3CC95AC794C8:b'run-parts --lsbsysinit /etc/update-motd.d':0,CLONE,D2AC257F-DB9E-5113-8780-BC35EAE6EBB8,b'/bin/sh -e /usr/lib/update-notifier/update-motd-hwe-eol':0,ta1-theia-1
1557756446.450:105,B4F6F2E1-D052-5FF3-871B-BEC9078C23B3:b'/bin/sh -e /usr/lib/update-notifier/update-motd-hwe-eol':0,CLONE,6ECE37E1-090C-5967-B438-C15E87762199,b'apt-config shell EtcDir Dir::Etc':0,ta1-theia-1
1557756446.441:43,65BC5813-1F36-51E0-8CE5-3CC95AC794C8:b'run-parts --lsbsysinit /etc/update-motd.d':0,CLONE,B4F6F2E1-D052-5FF3-871B-BEC9078C23B3,b'/bin/sh -e /usr/lib/update-notifier/update-motd-hwe-eol':0,ta1-theia-1
1557756446.331:105,46DA568F-2E0A-5961-8F87-65BD56EA6AEB:b'/bin/sh -e /usr/lib/update-notifier/update-motd-hwe-eol':0,CLONE,517BC75D-6833-5380-8A0D-E65170214783,b'apt-config shell ListDir Dir::State::Lists':0,ta1-theia-1
1557756446.321:39,65BC5813-1F36-51E0-8CE5-3CC95AC794C8:b'run-parts --lsbsysinit /etc/update-motd.d':0,CLONE,46DA568F-2E0A-5961-8F87-65BD56EA6AEB,b'/bin/sh -e /usr/lib/update-notifier/update-motd-hwe-eol':0,ta1-theia-1
1557756446.164:105,9DF50CBC-D890-52F9-9435-D101656FAB02:b'/bin/sh -e /usr/lib/update-notifier/update-motd-hwe-eol':0,CLONE,59823F65-60E6-5260-B84C-064BDE5AE99F,b'apt-config shell StateDir Dir::State':0,ta1-theia-1
1557756446.153:35,65BC5813-1F36-51E0-8CE5-3CC95AC794C8:b'run-parts --lsbsysinit /etc/update-motd.d':0,CLONE,9DF50CBC-D890-52F9-9435-D101656FAB02,b'/bin/sh -e /usr/lib/update-notifier/update-motd-hwe-eol':0,ta1-theia-1
1557756446.149:32,04DD4AD6-88F2-5ED0-97F6-EACB2FE36ABD:b'sh -c /usr/bin/env -i PATH=/usr/local/sbin:/usr/local/bin:/usr/sbin:/usr/bin:/sbin:/bin run-parts --lsbsysinit /etc/update-motd.d > /var/run/motd.new':0,CLONE,65BC5813-1F36-51E0-8CE5-3CC95AC794C8,b'run-parts --lsbsysinit /etc/update-motd.d':0,ta1-theia-1
1557756446.058:0,8C14BCED-1B30-569E-B751-22C74A9E1D0D:b'/bin/sh -e /usr/lib/update-manager/release-upgrade-motd':0,EXECUTE,0100D00F-9E00-3200-0000-0000B790005A,/bin/cat:0,ta1-theia-1
1557756446.057:34,8601870C-5D67-5D4E-85FC-737799E1F7CD:b'run-parts --lsbsysinit /etc/update-motd.d':0,CLONE,8C14BCED-1B30-569E-B751-22C74A9E1D0D,b'/bin/sh -e /usr/lib/update-manager/release-upgrade-motd':0,ta1-theia-1
1557756446.053:31,04DD4AD6-88F2-5ED0-97F6-EACB2FE36ABD:b'sh -c /usr/bin/env -i PATH=/usr/local/sbin:/usr/local/bin:/usr/sbin:/usr/bin:/sbin:/bin run-parts --lsbsysinit /etc/update-motd.d > /var/run/motd.new':0,CLONE,8601870C-5D67-5D4E-85FC-737799E1F7CD,b'run-parts --lsbsysinit /etc/update-motd.d':0,ta1-theia-1
1557756445.870:0,C0EB74FD-146E-5882-AB1D-5F5A1470EFD4:b'/bin/sh -e /usr/lib/update-notifier/update-motd-updates-available':0,EXECUTE,0100D00F-9E00-3200-0000-0000B790005A,/bin/cat:0,ta1-theia-1
1557756445.869:447,405FDC1D-01DF-5BA7-ABC3-8C9E9FB5F0A5:b'run-parts --lsbsysinit /etc/update-motd.d':0,CLONE,C0EB74FD-146E-5882-AB1D-5F5A1470EFD4,b'/bin/sh -e /usr/lib/update-notifier/update-motd-updates-available':0,ta1-theia-1
1557756445.813:444,405FDC1D-01DF-5BA7-ABC3-8C9E9FB5F0A5:b'run-parts --lsbsysinit /etc/update-motd.d':0,CLONE,A4FED31F-A1A0-5B7B-95C8-B430E6C39B49,b'/bin/sh -e /usr/lib/update-notifier/update-motd-updates-available':0,ta1-theia-1
1557756445.687:105,952F790D-D04D-58AA-BB1B-B716DA693A2A:b'/bin/sh -e /usr/lib/update-notifier/update-motd-updates-available':0,CLONE,A6F6F8EB-B54E-50CF-9250-479D2A340769,b'apt-config shell SourceList Dir::Etc::sourcelist':0,ta1-theia-1
1557756445.677:440,405FDC1D-01DF-5BA7-ABC3-8C9E9FB5F0A5:b'run-parts --lsbsysinit /etc/update-motd.d':0,CLONE,952F790D-D04D-58AA-BB1B-B716DA693A2A,b'/bin/sh -e /usr/lib/update-notifier/update-motd-updates-available':0,ta1-theia-1
1557756445.567:105,3BBB6DC8-5A39-5907-BD3E-6EBE1369A72E:b'/bin/sh -e /usr/lib/update-notifier/update-motd-updates-available':0,CLONE,23B8C3DC-0ADD-5D15-A3DB-6F2B25DC5CEA,b'apt-config shell EtcDir Dir::Etc':0,ta1-theia-1
1557756445.557:436,405FDC1D-01DF-5BA7-ABC3-8C9E9FB5F0A5:b'run-parts --lsbsysinit /etc/update-motd.d':0,CLONE,3BBB6DC8-5A39-5907-BD3E-6EBE1369A72E,b'/bin/sh -e /usr/lib/update-notifier/update-motd-updates-available':0,ta1-theia-1
1557756445.461:432,405FDC1D-01DF-5BA7-ABC3-8C9E9FB5F0A5:b'run-parts --lsbsysinit /etc/update-motd.d':0,CLONE,ECE5C2CE-11B2-585A-8438-2DC32F3CF120,b'/bin/sh -e /usr/lib/update-notifier/update-motd-updates-available':0,ta1-theia-1
1557756445.409:428,405FDC1D-01DF-5BA7-ABC3-8C9E9FB5F0A5:b'run-parts --lsbsysinit /etc/update-motd.d':0,CLONE,DAE709A5-CBCF-5C64-B784-DA73BB72CE69,b'/bin/sh -e /usr/lib/update-notifier/update-motd-updates-available':0,ta1-theia-1
1557756445.357:424,405FDC1D-01DF-5BA7-ABC3-8C9E9FB5F0A5:b'run-parts --lsbsysinit /etc/update-motd.d':0,CLONE,13FA30A8-DDAC-5071-B6E7-8C40FC8A943E,b'/bin/sh -e /usr/lib/update-notifier/update-motd-updates-available':0,ta1-theia-1
1557756445.305:420,405FDC1D-01DF-5BA7-ABC3-8C9E9FB5F0A5:b'run-parts --lsbsysinit /etc/update-motd.d':0,CLONE,D8BD9A87-1461-5620-9890-46A87C31014D,b'/bin/sh -e /usr/lib/update-notifier/update-motd-updates-available':0,ta1-theia-1
1557756445.257:416,405FDC1D-01DF-5BA7-ABC3-8C9E9FB5F0A5:b'run-parts --lsbsysinit /etc/update-motd.d':0,CLONE,577AC783-430D-5592-B638-9B9A68FC53E9,b'/bin/sh -e /usr/lib/update-notifier/update-motd-updates-available':0,ta1-theia-1
1557756445.205:412,405FDC1D-01DF-5BA7-ABC3-8C9E9FB5F0A5:b'run-parts --lsbsysinit /etc/update-motd.d':0,CLONE,186E2D57-A1A0-5B0A-BDA3-0303E72EC5B6,b'/bin/sh -e /usr/lib/update-notifier/update-motd-updates-available':0,ta1-theia-1
1557756445.153:408,405FDC1D-01DF-5BA7-ABC3-8C9E9FB5F0A5:b'run-parts --lsbsysinit /etc/update-motd.d':0,CLONE,096022F4-7546-554C-8FAD-4FD5CEAD1947,b'/bin/sh -e /usr/lib/update-notifier/update-motd-updates-available':0,ta1-theia-1
1557756445.105:404,405FDC1D-01DF-5BA7-ABC3-8C9E9FB5F0A5:b'run-parts --lsbsysinit /etc/update-motd.d':0,CLONE,9A037853-75B4-528C-AF4D-35F6E9F1D215,b'/bin/sh -e /usr/lib/update-notifier/update-motd-updates-available':0,ta1-theia-1
1557756445.057:400,405FDC1D-01DF-5BA7-ABC3-8C9E9FB5F0A5:b'run-parts --lsbsysinit /etc/update-motd.d':0,CLONE,1B77A9E9-954D-576E-92CB-236D7E3B444E,b'/bin/sh -e /usr/lib/update-notifier/update-motd-updates-available':0,ta1-theia-1
1557756445.009:396,405FDC1D-01DF-5BA7-ABC3-8C9E9FB5F0A5:b'run-parts --lsbsysinit /etc/update-motd.d':0,CLONE,FEBD0D95-6442-54C6-8725-116999E48380,b'/bin/sh -e /usr/lib/update-notifier/update-motd-updates-available':0,ta1-theia-1
1557756444.961:392,405FDC1D-01DF-5BA7-ABC3-8C9E9FB5F0A5:b'run-parts --lsbsysinit /etc/update-motd.d':0,CLONE,CE08C62C-6628-5E4E-B309-E0B099865240,b'/bin/sh -e /usr/lib/update-notifier/update-motd-updates-available':0,ta1-theia-1
1557756444.909:388,405FDC1D-01DF-5BA7-ABC3-8C9E9FB5F0A5:b'run-parts --lsbsysinit /etc/update-motd.d':0,CLONE,EEAD2E41-A8A7-5D68-85FC-8C3E9AC9AF3B,b'/bin/sh -e /usr/lib/update-notifier/update-motd-updates-available':0,ta1-theia-1
1557756444.857:384,405FDC1D-01DF-5BA7-ABC3-8C9E9FB5F0A5:b'run-parts --lsbsysinit /etc/update-motd.d':0,CLONE,4CB9636D-BB02-5481-B113-9E4669A9D8D5,b'/bin/sh -e /usr/lib/update-notifier/update-motd-updates-available':0,ta1-theia-1
1557756444.805:380,405FDC1D-01DF-5BA7-ABC3-8C9E9FB5F0A5:b'run-parts --lsbsysinit /etc/update-motd.d':0,CLONE,8D9F0728-5788-55F1-8744-944B9A619D37,b'/bin/sh -e /usr/lib/update-notifier/update-motd-updates-available':0,ta1-theia-1
1557756444.753:376,405FDC1D-01DF-5BA7-ABC3-8C9E9FB5F0A5:b'run-parts --lsbsysinit /etc/update-motd.d':0,CLONE,71E7C55E-0647-53BE-A861-B92E57505E70,b'/bin/sh -e /usr/lib/update-notifier/update-motd-updates-available':0,ta1-theia-1
1557756444.701:372,405FDC1D-01DF-5BA7-ABC3-8C9E9FB5F0A5:b'run-parts --lsbsysinit /etc/update-motd.d':0,CLONE,E1C0C08E-D9D8-5DB7-88B7-1896B07CCB50,b'/bin/sh -e /usr/lib/update-notifier/update-motd-updates-available':0,ta1-theia-1
1557756444.649:368,405FDC1D-01DF-5BA7-ABC3-8C9E9FB5F0A5:b'run-parts --lsbsysinit /etc/update-motd.d':0,CLONE,26F556F4-5979-50BD-995C-0D00B914CF4E,b'/bin/sh -e /usr/lib/update-notifier/update-motd-updates-available':0,ta1-theia-1
1557756444.553:364,405FDC1D-01DF-5BA7-ABC3-8C9E9FB5F0A5:b'run-parts --lsbsysinit /etc/update-motd.d':0,CLONE,3E9F16EC-C4DE-5BF9-8F24-7151EF710377,b'/bin/sh -e /usr/lib/update-notifier/update-motd-updates-available':0,ta1-theia-1
1557756444.497:360,405FDC1D-01DF-5BA7-ABC3-8C9E9FB5F0A5:b'run-parts --lsbsysinit /etc/update-motd.d':0,CLONE,F6454377-6142-5450-B777-F076CCDB1A82,b'/bin/sh -e /usr/lib/update-notifier/update-motd-updates-available':0,ta1-theia-1
1557756444.441:356,405FDC1D-01DF-5BA7-ABC3-8C9E9FB5F0A5:b'run-parts --lsbsysinit /etc/update-motd.d':0,CLONE,3903127C-C879-5244-B833-CAB7D9793D83,b'/bin/sh -e /usr/lib/update-notifier/update-motd-updates-available':0,ta1-theia-1
1557756444.385:352,405FDC1D-01DF-5BA7-ABC3-8C9E9FB5F0A5:b'run-parts --lsbsysinit /etc/update-motd.d':0,CLONE,34AB4C52-5190-5E67-8114-F376EEF37654,b'/bin/sh -e /usr/lib/update-notifier/update-motd-updates-available':0,ta1-theia-1
1557756444.337:348,405FDC1D-01DF-5BA7-ABC3-8C9E9FB5F0A5:b'run-parts --lsbsysinit /etc/update-motd.d':0,CLONE,FBA0486A-915F-51A0-9892-2D0F4C5BC326,b'/bin/sh -e /usr/lib/update-notifier/update-motd-updates-available':0,ta1-theia-1
1557756444.289:344,405FDC1D-01DF-5BA7-ABC3-8C9E9FB5F0A5:b'run-parts --lsbsysinit /etc/update-motd.d':0,CLONE,758D2F2E-858B-585C-AD54-50FFB2DB6D7D,b'/bin/sh -e /usr/lib/update-notifier/update-motd-updates-available':0,ta1-theia-1
1557756444.237:340,405FDC1D-01DF-5BA7-ABC3-8C9E9FB5F0A5:b'run-parts --lsbsysinit /etc/update-motd.d':0,CLONE,0A450309-6F17-52F0-9DC0-EE78554E0520,b'/bin/sh -e /usr/lib/update-notifier/update-motd-updates-available':0,ta1-theia-1
1557756444.185:336,405FDC1D-01DF-5BA7-ABC3-8C9E9FB5F0A5:b'run-parts --lsbsysinit /etc/update-motd.d':0,CLONE,9CD82E1F-D46A-54FE-95E0-A80235F6EF1F,b'/bin/sh -e /usr/lib/update-notifier/update-motd-updates-available':0,ta1-theia-1
1557756444.133:332,405FDC1D-01DF-5BA7-ABC3-8C9E9FB5F0A5:b'run-parts --lsbsysinit /etc/update-motd.d':0,CLONE,6B1B0F33-1395-5D44-BBE4-F5924D531B24,b'/bin/sh -e /usr/lib/update-notifier/update-motd-updates-available':0,ta1-theia-1
1557756444.081:328,405FDC1D-01DF-5BA7-ABC3-8C9E9FB5F0A5:b'run-parts --lsbsysinit /etc/update-motd.d':0,CLONE,3AB18C33-97E2-5223-9669-EDC0188B72A2,b'/bin/sh -e /usr/lib/update-notifier/update-motd-updates-available':0,ta1-theia-1
1557756444.029:324,405FDC1D-01DF-5BA7-ABC3-8C9E9FB5F0A5:b'run-parts --lsbsysinit /etc/update-motd.d':0,CLONE,62C07CF7-C1FD-5FF6-B581-53930EB53271,b'/bin/sh -e /usr/lib/update-notifier/update-motd-updates-available':0,ta1-theia-1
1557756443.977:320,405FDC1D-01DF-5BA7-ABC3-8C9E9FB5F0A5:b'run-parts --lsbsysinit /etc/update-motd.d':0,CLONE,4912F9C7-21EE-56A2-BE2E-386FE5F7F93F,b'/bin/sh -e /usr/lib/update-notifier/update-motd-updates-available':0,ta1-theia-1
1557756443.925:316,405FDC1D-01DF-5BA7-ABC3-8C9E9FB5F0A5:b'run-parts --lsbsysinit /etc/update-motd.d':0,CLONE,ECA54934-3DC6-58CF-88B0-FF6284F16566,b'/bin/sh -e /usr/lib/update-notifier/update-motd-updates-available':0,ta1-theia-1
1557756443.877:312,405FDC1D-01DF-5BA7-ABC3-8C9E9FB5F0A5:b'run-parts --lsbsysinit /etc/update-motd.d':0,CLONE,86601847-1632-54F9-BFBA-5609B0CB6ED0,b'/bin/sh -e /usr/lib/update-notifier/update-motd-updates-available':0,ta1-theia-1
1557756443.825:308,405FDC1D-01DF-5BA7-ABC3-8C9E9FB5F0A5:b'run-parts --lsbsysinit /etc/update-motd.d':0,CLONE,B0C1EEB9-8907-5D5C-AA91-58672036D3F5,b'/bin/sh -e /usr/lib/update-notifier/update-motd-updates-available':0,ta1-theia-1
1557756443.773:304,405FDC1D-01DF-5BA7-ABC3-8C9E9FB5F0A5:b'run-parts --lsbsysinit /etc/update-motd.d':0,CLONE,E7E892FB-EBB6-5964-99EE-7F1CBBB32C73,b'/bin/sh -e /usr/lib/update-notifier/update-motd-updates-available':0,ta1-theia-1
1557756443.721:300,405FDC1D-01DF-5BA7-ABC3-8C9E9FB5F0A5:b'run-parts --lsbsysinit /etc/update-motd.d':0,CLONE,121189C1-99B9-58D6-A70A-76A5E9BBBAD8,b'/bin/sh -e /usr/lib/update-notifier/update-motd-updates-available':0,ta1-theia-1
1557756443.625:296,405FDC1D-01DF-5BA7-ABC3-8C9E9FB5F0A5:b'run-parts --lsbsysinit /etc/update-motd.d':0,CLONE,64E81891-92C5-5784-A54D-38AF8CB86389,b'/bin/sh -e /usr/lib/update-notifier/update-motd-updates-available':0,ta1-theia-1
1557756443.577:292,405FDC1D-01DF-5BA7-ABC3-8C9E9FB5F0A5:b'run-parts --lsbsysinit /etc/update-motd.d':0,CLONE,AE65FFFF-0B78-5CF6-9BB9-81A888293219,b'/bin/sh -e /usr/lib/update-notifier/update-motd-updates-available':0,ta1-theia-1
1557756443.525:288,405FDC1D-01DF-5BA7-ABC3-8C9E9FB5F0A5:b'run-parts --lsbsysinit /etc/update-motd.d':0,CLONE,A38CCBDD-3312-514F-828B-954B8F02B59F,b'/bin/sh -e /usr/lib/update-notifier/update-motd-updates-available':0,ta1-theia-1
1557756443.473:284,405FDC1D-01DF-5BA7-ABC3-8C9E9FB5F0A5:b'run-parts --lsbsysinit /etc/update-motd.d':0,CLONE,84D53D33-BF24-58B8-B9EE-6E95F4F07698,b'/bin/sh -e /usr/lib/update-notifier/update-motd-updates-available':0,ta1-theia-1
1557756443.421:280,405FDC1D-01DF-5BA7-ABC3-8C9E9FB5F0A5:b'run-parts --lsbsysinit /etc/update-motd.d':0,CLONE,6E4DA553-AC38-5183-86A4-D9567133CBDD,b'/bin/sh -e /usr/lib/update-notifier/update-motd-updates-available':0,ta1-theia-1
1557756443.369:276,405FDC1D-01DF-5BA7-ABC3-8C9E9FB5F0A5:b'run-parts --lsbsysinit /etc/update-motd.d':0,CLONE,A761E60A-FB7C-5D87-B947-31B68F132617,b'/bin/sh -e /usr/lib/update-notifier/update-motd-updates-available':0,ta1-theia-1
1557756443.313:272,405FDC1D-01DF-5BA7-ABC3-8C9E9FB5F0A5:b'run-parts --lsbsysinit /etc/update-motd.d':0,CLONE,E1D9BECD-4E33-562F-B4D2-41926E5A53D3,b'/bin/sh -e /usr/lib/update-notifier/update-motd-updates-available':0,ta1-theia-1
1557756443.257:268,405FDC1D-01DF-5BA7-ABC3-8C9E9FB5F0A5:b'run-parts --lsbsysinit /etc/update-motd.d':0,CLONE,FAF9863A-41F7-5C28-9F18-FE464CC86433,b'/bin/sh -e /usr/lib/update-notifier/update-motd-updates-available':0,ta1-theia-1
1557756443.201:264,405FDC1D-01DF-5BA7-ABC3-8C9E9FB5F0A5:b'run-parts --lsbsysinit /etc/update-motd.d':0,CLONE,3FD3A788-91A1-5D06-938B-005DCFFAAD65,b'/bin/sh -e /usr/lib/update-notifier/update-motd-updates-available':0,ta1-theia-1
1557756443.145:260,405FDC1D-01DF-5BA7-ABC3-8C9E9FB5F0A5:b'run-parts --lsbsysinit /etc/update-motd.d':0,CLONE,E65DF738-C013-5C10-8C32-CD2B22946C68,b'/bin/sh -e /usr/lib/update-notifier/update-motd-updates-available':0,ta1-theia-1
1557756443.093:256,405FDC1D-01DF-5BA7-ABC3-8C9E9FB5F0A5:b'run-parts --lsbsysinit /etc/update-motd.d':0,CLONE,AABC5367-D813-50F2-9EE7-199EB45BED49,b'/bin/sh -e /usr/lib/update-notifier/update-motd-updates-available':0,ta1-theia-1
1557756443.041:252,405FDC1D-01DF-5BA7-ABC3-8C9E9FB5F0A5:b'run-parts --lsbsysinit /etc/update-motd.d':0,CLONE,1E9E45C1-8F84-5AF7-9714-69C5B3CE2503,b'/bin/sh -e /usr/lib/update-notifier/update-motd-updates-available':0,ta1-theia-1
1557756442.989:248,405FDC1D-01DF-5BA7-ABC3-8C9E9FB5F0A5:b'run-parts --lsbsysinit /etc/update-motd.d':0,CLONE,98462C7E-2426-53F8-B406-3E9417C2348A,b'/bin/sh -e /usr/lib/update-notifier/update-motd-updates-available':0,ta1-theia-1
1557756442.941:244,405FDC1D-01DF-5BA7-ABC3-8C9E9FB5F0A5:b'run-parts --lsbsysinit /etc/update-motd.d':0,CLONE,673182EF-BEE7-5700-8E39-5C97F79050DE,b'/bin/sh -e /usr/lib/update-notifier/update-motd-updates-available':0,ta1-theia-1
1557756442.893:240,405FDC1D-01DF-5BA7-ABC3-8C9E9FB5F0A5:b'run-parts --lsbsysinit /etc/update-motd.d':0,CLONE,2D1843B3-0668-5818-BB72-37130E52A171,b'/bin/sh -e /usr/lib/update-notifier/update-motd-updates-available':0,ta1-theia-1
1557756442.841:236,405FDC1D-01DF-5BA7-ABC3-8C9E9FB5F0A5:b'run-parts --lsbsysinit /etc/update-motd.d':0,CLONE,0CEF8273-68EA-5D22-98F0-AA5772B436A1,b'/bin/sh -e /usr/lib/update-notifier/update-motd-updates-available':0,ta1-theia-1
1557756442.789:232,405FDC1D-01DF-5BA7-ABC3-8C9E9FB5F0A5:b'run-parts --lsbsysinit /etc/update-motd.d':0,CLONE,67E6039F-D450-5880-B90D-775EA6A00566,b'/bin/sh -e /usr/lib/update-notifier/update-motd-updates-available':0,ta1-theia-1
1557756442.693:228,405FDC1D-01DF-5BA7-ABC3-8C9E9FB5F0A5:b'run-parts --lsbsysinit /etc/update-motd.d':0,CLONE,949B0494-CF0F-50E4-92F9-EB341CA7AF93,b'/bin/sh -e /usr/lib/update-notifier/update-motd-updates-available':0,ta1-theia-1
1557756442.641:224,405FDC1D-01DF-5BA7-ABC3-8C9E9FB5F0A5:b'run-parts --lsbsysinit /etc/update-motd.d':0,CLONE,C89AC3AE-CB5E-5CCE-A704-2C7EDC1F5E31,b'/bin/sh -e /usr/lib/update-notifier/update-motd-updates-available':0,ta1-theia-1
1557756442.589:220,405FDC1D-01DF-5BA7-ABC3-8C9E9FB5F0A5:b'run-parts --lsbsysinit /etc/update-motd.d':0,CLONE,055010BD-6998-559C-B6ED-B4001BD45CFE,b'/bin/sh -e /usr/lib/update-notifier/update-motd-updates-available':0,ta1-theia-1
1557756442.537:216,405FDC1D-01DF-5BA7-ABC3-8C9E9FB5F0A5:b'run-parts --lsbsysinit /etc/update-motd.d':0,CLONE,F1FA96B1-0B80-588E-81FB-C5290850D253,b'/bin/sh -e /usr/lib/update-notifier/update-motd-updates-available':0,ta1-theia-1
1557756442.485:212,405FDC1D-01DF-5BA7-ABC3-8C9E9FB5F0A5:b'run-parts --lsbsysinit /etc/update-motd.d':0,CLONE,084EAEAD-55E6-5B70-B692-9FD93BD21A55,b'/bin/sh -e /usr/lib/update-notifier/update-motd-updates-available':0,ta1-theia-1
1557756442.433:208,405FDC1D-01DF-5BA7-ABC3-8C9E9FB5F0A5:b'run-parts --lsbsysinit /etc/update-motd.d':0,CLONE,074675E3-3001-5872-8857-1330C3089E8C,b'/bin/sh -e /usr/lib/update-notifier/update-motd-updates-available':0,ta1-theia-1
1557756442.381:204,405FDC1D-01DF-5BA7-ABC3-8C9E9FB5F0A5:b'run-parts --lsbsysinit /etc/update-motd.d':0,CLONE,5450354D-8581-5142-9328-A0D26FECEE1B,b'/bin/sh -e /usr/lib/update-notifier/update-motd-updates-available':0,ta1-theia-1
1557756442.329:200,405FDC1D-01DF-5BA7-ABC3-8C9E9FB5F0A5:b'run-parts --lsbsysinit /etc/update-motd.d':0,CLONE,F152BF15-BFD1-5B36-AEF2-E588EFE754FB,b'/bin/sh -e /usr/lib/update-notifier/update-motd-updates-available':0,ta1-theia-1
1557756442.281:196,405FDC1D-01DF-5BA7-ABC3-8C9E9FB5F0A5:b'run-parts --lsbsysinit /etc/update-motd.d':0,CLONE,5708F3AB-2023-55CA-9E42-0E15242640E6,b'/bin/sh -e /usr/lib/update-notifier/update-motd-updates-available':0,ta1-theia-1
1557756442.233:192,405FDC1D-01DF-5BA7-ABC3-8C9E9FB5F0A5:b'run-parts --lsbsysinit /etc/update-motd.d':0,CLONE,4B30499C-DA8A-5F28-9974-A0EBF63CC234,b'/bin/sh -e /usr/lib/update-notifier/update-motd-updates-available':0,ta1-theia-1
1557756442.185:188,405FDC1D-01DF-5BA7-ABC3-8C9E9FB5F0A5:b'run-parts --lsbsysinit /etc/update-motd.d':0,CLONE,C5E3981A-67FA-5372-AF08-530DE1647456,b'/bin/sh -e /usr/lib/update-notifier/update-motd-updates-available':0,ta1-theia-1
1557756442.133:184,405FDC1D-01DF-5BA7-ABC3-8C9E9FB5F0A5:b'run-parts --lsbsysinit /etc/update-motd.d':0,CLONE,18A87CE6-1D61-555E-B6A0-5CEB528917F7,b'/bin/sh -e /usr/lib/update-notifier/update-motd-updates-available':0,ta1-theia-1
1557756442.077:180,405FDC1D-01DF-5BA7-ABC3-8C9E9FB5F0A5:b'run-parts --lsbsysinit /etc/update-motd.d':0,CLONE,42A1C322-454E-50E2-9DEF-C236C4B6560D,b'/bin/sh -e /usr/lib/update-notifier/update-motd-updates-available':0,ta1-theia-1
1557756442.021:176,405FDC1D-01DF-5BA7-ABC3-8C9E9FB5F0A5:b'run-parts --lsbsysinit /etc/update-motd.d':0,CLONE,BBFAF764-C7D6-5CCF-B50E-2ED365EA98CD,b'/bin/sh -e /usr/lib/update-notifier/update-motd-updates-available':0,ta1-theia-1
1557756441.965:172,405FDC1D-01DF-5BA7-ABC3-8C9E9FB5F0A5:b'run-parts --lsbsysinit /etc/update-motd.d':0,CLONE,792E5B00-D486-5EB0-BD64-12F5CF19D824,b'/bin/sh -e /usr/lib/update-notifier/update-motd-updates-available':0,ta1-theia-1
1557756441.909:168,405FDC1D-01DF-5BA7-ABC3-8C9E9FB5F0A5:b'run-parts --lsbsysinit /etc/update-motd.d':0,CLONE,33A9CC3C-7A12-5CDE-BAEE-FA7B331A4A3F,b'/bin/sh -e /usr/lib/update-notifier/update-motd-updates-available':0,ta1-theia-1
1557756441.805:164,405FDC1D-01DF-5BA7-ABC3-8C9E9FB5F0A5:b'run-parts --lsbsysinit /etc/update-motd.d':0,CLONE,2B77563D-D43D-580F-98D8-29763A43D0D8,b'/bin/sh -e /usr/lib/update-notifier/update-motd-updates-available':0,ta1-theia-1
1557756441.709:160,405FDC1D-01DF-5BA7-ABC3-8C9E9FB5F0A5:b'run-parts --lsbsysinit /etc/update-motd.d':0,CLONE,96B0962A-72ED-591E-953E-9C08F0E1B9CA,b'/bin/sh -e /usr/lib/update-notifier/update-motd-updates-available':0,ta1-theia-1
1557756441.657:156,405FDC1D-01DF-5BA7-ABC3-8C9E9FB5F0A5:b'run-parts --lsbsysinit /etc/update-motd.d':0,CLONE,80E86514-E4A9-5F4B-B508-D528D089EE2A,b'/bin/sh -e /usr/lib/update-notifier/update-motd-updates-available':0,ta1-theia-1
1557756441.605:152,405FDC1D-01DF-5BA7-ABC3-8C9E9FB5F0A5:b'run-parts --lsbsysinit /etc/update-motd.d':0,CLONE,AD1D5CBE-303C-5454-A387-418DB577B044,b'/bin/sh -e /usr/lib/update-notifier/update-motd-updates-available':0,ta1-theia-1
1557756441.557:148,405FDC1D-01DF-5BA7-ABC3-8C9E9FB5F0A5:b'run-parts --lsbsysinit /etc/update-motd.d':0,CLONE,43537D10-809F-5DCC-9B8F-D6503CEC51E5,b'/bin/sh -e /usr/lib/update-notifier/update-motd-updates-available':0,ta1-theia-1
1557756441.509:144,405FDC1D-01DF-5BA7-ABC3-8C9E9FB5F0A5:b'run-parts --lsbsysinit /etc/update-motd.d':0,CLONE,4CBF2AFA-689B-5A64-8971-FDE66D741357,b'/bin/sh -e /usr/lib/update-notifier/update-motd-updates-available':0,ta1-theia-1
1557756441.457:140,405FDC1D-01DF-5BA7-ABC3-8C9E9FB5F0A5:b'run-parts --lsbsysinit /etc/update-motd.d':0,CLONE,C5EEFCB0-196E-53D6-8C95-5EB03270F9AE,b'/bin/sh -e /usr/lib/update-notifier/update-motd-updates-available':0,ta1-theia-1
1557756441.409:136,405FDC1D-01DF-5BA7-ABC3-8C9E9FB5F0A5:b'run-parts --lsbsysinit /etc/update-motd.d':0,CLONE,41118965-A02F-57CA-9D81-36B5EE32BC9B,b'/bin/sh -e /usr/lib/update-notifier/update-motd-updates-available':0,ta1-theia-1
1557756441.357:132,405FDC1D-01DF-5BA7-ABC3-8C9E9FB5F0A5:b'run-parts --lsbsysinit /etc/update-motd.d':0,CLONE,D449D793-0A85-55CB-A2D4-7E471CBB5C3A,b'/bin/sh -e /usr/lib/update-notifier/update-motd-updates-available':0,ta1-theia-1
1557756441.305:128,405FDC1D-01DF-5BA7-ABC3-8C9E9FB5F0A5:b'run-parts --lsbsysinit /etc/update-motd.d':0,CLONE,310216DE-1A5F-5F98-9FED-A55371C3965C,b'/bin/sh -e /usr/lib/update-notifier/update-motd-updates-available':0,ta1-theia-1
1557756441.253:124,405FDC1D-01DF-5BA7-ABC3-8C9E9FB5F0A5:b'run-parts --lsbsysinit /etc/update-motd.d':0,CLONE,88F80467-ADC3-5196-99BF-A7A2843E6DA2,b'/bin/sh -e /usr/lib/update-notifier/update-motd-updates-available':0,ta1-theia-1
1557756441.201:120,405FDC1D-01DF-5BA7-ABC3-8C9E9FB5F0A5:b'run-parts --lsbsysinit /etc/update-motd.d':0,CLONE,39D1FA47-9853-51F9-B0D5-53C44AA20DE1,b'/bin/sh -e /usr/lib/update-notifier/update-motd-updates-available':0,ta1-theia-1
1557756441.149:116,405FDC1D-01DF-5BA7-ABC3-8C9E9FB5F0A5:b'run-parts --lsbsysinit /etc/update-motd.d':0,CLONE,5C2E7D2A-2512-5E50-A95A-A3B851679C4C,b'/bin/sh -e /usr/lib/update-notifier/update-motd-updates-available':0,ta1-theia-1
1557756441.097:112,405FDC1D-01DF-5BA7-ABC3-8C9E9FB5F0A5:b'run-parts --lsbsysinit /etc/update-motd.d':0,CLONE,538383C9-3E71-5FD3-AD5D-28D6D8199374,b'/bin/sh -e /usr/lib/update-notifier/update-motd-updates-available':0,ta1-theia-1
1557756441.049:108,405FDC1D-01DF-5BA7-ABC3-8C9E9FB5F0A5:b'run-parts --lsbsysinit /etc/update-motd.d':0,CLONE,813276C2-2AA5-5E5C-9501-92E202BD30F6,b'/bin/sh -e /usr/lib/update-notifier/update-motd-updates-available':0,ta1-theia-1
1557756440.997:104,405FDC1D-01DF-5BA7-ABC3-8C9E9FB5F0A5:b'run-parts --lsbsysinit /etc/update-motd.d':0,CLONE,656D7C31-3775-5B10-AFD2-3F1E41E38098,b'/bin/sh -e /usr/lib/update-notifier/update-motd-updates-available':0,ta1-theia-1
1557756440.949:100,405FDC1D-01DF-5BA7-ABC3-8C9E9FB5F0A5:b'run-parts --lsbsysinit /etc/update-motd.d':0,CLONE,9942412C-F1BB-5B78-A72D-73F7A52D3554,b'/bin/sh -e /usr/lib/update-notifier/update-motd-updates-available':0,ta1-theia-1
1557756440.897:96,405FDC1D-01DF-5BA7-ABC3-8C9E9FB5F0A5:b'run-parts --lsbsysinit /etc/update-motd.d':0,CLONE,0791A175-CA43-5101-BDB2-2044CC5B6882,b'/bin/sh -e /usr/lib/update-notifier/update-motd-updates-available':0,ta1-theia-1
1557756440.801:92,405FDC1D-01DF-5BA7-ABC3-8C9E9FB5F0A5:b'run-parts --lsbsysinit /etc/update-motd.d':0,CLONE,B068CB27-3D79-552D-A44B-F25F6F66EB06,b'/bin/sh -e /usr/lib/update-notifier/update-motd-updates-available':0,ta1-theia-1
1557756440.753:88,405FDC1D-01DF-5BA7-ABC3-8C9E9FB5F0A5:b'run-parts --lsbsysinit /etc/update-motd.d':0,CLONE,E9222113-FBD6-5AE2-92E1-B2AC35A9695D,b'/bin/sh -e /usr/lib/update-notifier/update-motd-updates-available':0,ta1-theia-1
1557756440.705:84,405FDC1D-01DF-5BA7-ABC3-8C9E9FB5F0A5:b'run-parts --lsbsysinit /etc/update-motd.d':0,CLONE,BB4D4938-8556-5D00-A156-6DDFCBCC0C49,b'/bin/sh -e /usr/lib/update-notifier/update-motd-updates-available':0,ta1-theia-1
1557756440.649:80,405FDC1D-01DF-5BA7-ABC3-8C9E9FB5F0A5:b'run-parts --lsbsysinit /etc/update-motd.d':0,CLONE,42FB9B89-4F0E-52B8-BEB6-E7BE807E4AA3,b'/bin/sh -e /usr/lib/update-notifier/update-motd-updates-available':0,ta1-theia-1
1557756440.593:76,405FDC1D-01DF-5BA7-ABC3-8C9E9FB5F0A5:b'run-parts --lsbsysinit /etc/update-motd.d':0,CLONE,D315E4AE-F9B3-5670-A891-633A8C1720E4,b'/bin/sh -e /usr/lib/update-notifier/update-motd-updates-available':0,ta1-theia-1
1557756440.541:72,405FDC1D-01DF-5BA7-ABC3-8C9E9FB5F0A5:b'run-parts --lsbsysinit /etc/update-motd.d':0,CLONE,FB50B39B-956C-5198-8D35-11C7F846EE7C,b'/bin/sh -e /usr/lib/update-notifier/update-motd-updates-available':0,ta1-theia-1
1557756440.489:68,405FDC1D-01DF-5BA7-ABC3-8C9E9FB5F0A5:b'run-parts --lsbsysinit /etc/update-motd.d':0,CLONE,B9111B8B-027D-5EB5-8A29-2FCCCB332BC8,b'/bin/sh -e /usr/lib/update-notifier/update-motd-updates-available':0,ta1-theia-1
1557756440.437:64,405FDC1D-01DF-5BA7-ABC3-8C9E9FB5F0A5:b'run-parts --lsbsysinit /etc/update-motd.d':0,CLONE,831AF11B-DD65-5225-AD45-1F5BC69ED730,b'/bin/sh -e /usr/lib/update-notifier/update-motd-updates-available':0,ta1-theia-1
1557756440.385:60,405FDC1D-01DF-5BA7-ABC3-8C9E9FB5F0A5:b'run-parts --lsbsysinit /etc/update-motd.d':0,CLONE,FADCA58F-D986-5FF3-A6F5-8DA5E12FAA23,b'/bin/sh -e /usr/lib/update-notifier/update-motd-updates-available':0,ta1-theia-1
1557756440.333:56,405FDC1D-01DF-5BA7-ABC3-8C9E9FB5F0A5:b'run-parts --lsbsysinit /etc/update-motd.d':0,CLONE,F706ED5F-9C4C-51B5-B828-B4D71A06F3CD,b'/bin/sh -e /usr/lib/update-notifier/update-motd-updates-available':0,ta1-theia-1
1557756440.285:52,405FDC1D-01DF-5BA7-ABC3-8C9E9FB5F0A5:b'run-parts --lsbsysinit /etc/update-motd.d':0,CLONE,53129292-76D1-5E46-AC85-18B66590DB52,b'/bin/sh -e /usr/lib/update-notifier/update-motd-updates-available':0,ta1-theia-1
1557756440.234:48,405FDC1D-01DF-5BA7-ABC3-8C9E9FB5F0A5:b'run-parts --lsbsysinit /etc/update-motd.d':0,CLONE,5F7FC519-C4FA-54D2-81CD-33F646391D27,b'/bin/sh -e /usr/lib/update-notifier/update-motd-updates-available':0,ta1-theia-1
1557756440.126:105,300EADFF-F838-51D6-9D19-E16B6F945ED6:b'/bin/sh -e /usr/lib/update-notifier/update-motd-updates-available':0,CLONE,97EFC556-B65A-5E1A-9111-907134AADC4E,b'apt-config shell ListDir Dir::State::Lists':0,ta1-theia-1
1557756440.117:43,405FDC1D-01DF-5BA7-ABC3-8C9E9FB5F0A5:b'run-parts --lsbsysinit /etc/update-motd.d':0,CLONE,300EADFF-F838-51D6-9D19-E16B6F945ED6,b'/bin/sh -e /usr/lib/update-notifier/update-motd-updates-available':0,ta1-theia-1
1557756440.008:105,8BB50114-9DE0-5709-A176-D11696733CD4:b'/bin/sh -e /usr/lib/update-notifier/update-motd-updates-available':0,CLONE,7D57C915-9817-5102-A9E6-31CF5F9B2DA4,b'apt-config shell StateDir Dir::State':0,ta1-theia-1
1557756439.997:39,405FDC1D-01DF-5BA7-ABC3-8C9E9FB5F0A5:b'run-parts --lsbsysinit /etc/update-motd.d':0,CLONE,8BB50114-9DE0-5709-A176-D11696733CD4,b'/bin/sh -e /usr/lib/update-notifier/update-motd-updates-available':0,ta1-theia-1
1557756439.948:35,405FDC1D-01DF-5BA7-ABC3-8C9E9FB5F0A5:b'run-parts --lsbsysinit /etc/update-motd.d':0,CLONE,BDBA38B6-8424-506A-9A7C-8ED3FE135FE2,b'/bin/sh -e /usr/lib/update-notifier/update-motd-updates-available':0,ta1-theia-1
1557756439.873:30,04DD4AD6-88F2-5ED0-97F6-EACB2FE36ABD:b'sh -c /usr/bin/env -i PATH=/usr/local/sbin:/usr/local/bin:/usr/sbin:/usr/bin:/sbin:/bin run-parts --lsbsysinit /etc/update-motd.d > /var/run/motd.new':0,CLONE,405FDC1D-01DF-5BA7-ABC3-8C9E9FB5F0A5,b'run-parts --lsbsysinit /etc/update-motd.d':0,ta1-theia-1
1557756439.306:4,B853309D-5A15-5425-8938-558BD513A3FD:b'/usr/bin/python /usr/bin/landscape-sysinfo':0,EXECUTE,0100D00F-C326-0C00-0000-0000B790005A,/usr/bin/who:0,ta1-theia-1
1557756439.251:5035,C0016AE4-E24C-51D4-8431-469411CBE42A:b'/bin/sh /etc/update-motd.d/50-landscape-sysinfo':0,CLONE,B853309D-5A15-5425-8938-558BD513A3FD,b'/usr/bin/python /usr/bin/landscape-sysinfo':0,ta1-theia-1
1557756438.769:1903,C0016AE4-E24C-51D4-8431-469411CBE42A:b'/bin/sh /etc/update-motd.d/50-landscape-sysinfo':0,CLONE,93B99833-BFBA-5200-9715-F2A6A78C6AF7,b'/usr/bin/python /usr/bin/landscape-sysinfo':0,ta1-theia-1
1557756438.726:16,E82F74A5-2C63-51A0-B723-B6929E1E1DCD:b'/usr/bin/python /usr/bin/landscape-sysinfo':0,CLONE,2CD4D86E-C205-592B-9C19-0C64D851FAC0,b'sh -c /sbin/ldconfig -p 2>/dev/null':0,ta1-theia-1
1557756438.726:1732,C0016AE4-E24C-51D4-8431-469411CBE42A:b'/bin/sh /etc/update-motd.d/50-landscape-sysinfo':0,CLONE,E82F74A5-2C63-51A0-B723-B6929E1E1DCD,b'/usr/bin/python /usr/bin/landscape-sysinfo':0,ta1-theia-1
1557756438.713:16,74590174-AD28-526A-A2E6-16C68E87AB3E:b'/usr/bin/python /usr/bin/landscape-sysinfo':0,CLONE,0A2CB8D3-1356-5B50-8B34-E76B7EE52CA3,b'sh -c /sbin/ldconfig -p 2>/dev/null':0,ta1-theia-1
1557756438.712:1707,C0016AE4-E24C-51D4-8431-469411CBE42A:b'/bin/sh /etc/update-motd.d/50-landscape-sysinfo':0,CLONE,74590174-AD28-526A-A2E6-16C68E87AB3E,b'/usr/bin/python /usr/bin/landscape-sysinfo':0,ta1-theia-1
1557756438.548:29,5A6C12EC-B6DB-596D-8CBD-84A55AC31E0B:b'run-parts --lsbsysinit /etc/update-motd.d':0,CLONE,C0016AE4-E24C-51D4-8431-469411CBE42A,b'/bin/sh /etc/update-motd.d/50-landscape-sysinfo':0,ta1-theia-1
1557756438.546:27,5A6C12EC-B6DB-596D-8CBD-84A55AC31E0B:b'run-parts --lsbsysinit /etc/update-motd.d':0,CLONE,691449AE-034B-5F5B-BD63-F4FB3BED8DD6,b'/bin/sh /etc/update-motd.d/50-landscape-sysinfo':0,ta1-theia-1
1557756438.534:1,7A40560A-0C57-58D7-82AC-7A65E1BC9C9F:b'/bin/sh /etc/update-motd.d/50-landscape-sysinfo':0,CLONE,CFEB8CFE-94B0-5804-8E09-0513D0071D2E,b'/bin/sh /etc/update-motd.d/50-landscape-sysinfo':0,ta1-theia-1
1557756438.530:2,9EC1FFDC-CB8C-5FF9-BCBA-5390E13C9C16:b'/bin/sh /etc/update-motd.d/50-landscape-sysinfo':0,CLONE,0F16645D-0CCA-5E2C-BA99-7A377A227DB3,b'/bin/sh /etc/update-motd.d/50-landscape-sysinfo':0,ta1-theia-1
1557756438.530:1,9EC1FFDC-CB8C-5FF9-BCBA-5390E13C9C16:b'/bin/sh /etc/update-motd.d/50-landscape-sysinfo':0,CLONE,7A40560A-0C57-58D7-82AC-7A65E1BC9C9F,b'/bin/sh /etc/update-motd.d/50-landscape-sysinfo':0,ta1-theia-1
1557756438.529:22,5A6C12EC-B6DB-596D-8CBD-84A55AC31E0B:b'run-parts --lsbsysinit /etc/update-motd.d':0,CLONE,9EC1FFDC-CB8C-5FF9-BCBA-5390E13C9C16,b'/bin/sh /etc/update-motd.d/50-landscape-sysinfo':0,ta1-theia-1
1557756438.517:18,5A6C12EC-B6DB-596D-8CBD-84A55AC31E0B:b'run-parts --lsbsysinit /etc/update-motd.d':0,CLONE,1E68AD98-403F-51A1-ABFD-9F6F795B8F01,b'/bin/sh /etc/update-motd.d/50-landscape-sysinfo':0,ta1-theia-1
1557756438.514:29,04DD4AD6-88F2-5ED0-97F6-EACB2FE36ABD:b'sh -c /usr/bin/env -i PATH=/usr/local/sbin:/usr/local/bin:/usr/sbin:/usr/bin:/sbin:/bin run-parts --lsbsysinit /etc/update-motd.d > /var/run/motd.new':0,CLONE,5A6C12EC-B6DB-596D-8CBD-84A55AC31E0B,b'run-parts --lsbsysinit /etc/update-motd.d':0,ta1-theia-1
1557756438.501:24,87A15455-10AD-5C65-AA76-6F3AED922D73:b'run-parts --lsbsysinit /etc/update-motd.d':0,CLONE,3A3BE65F-2D50-5D84-9422-03F356E9BBF6,b'/bin/sh /etc/update-motd.d/10-help-text':0,ta1-theia-1
1557756438.500:23,87A15455-10AD-5C65-AA76-6F3AED922D73:b'run-parts --lsbsysinit /etc/update-motd.d':0,CLONE,27A65AD1-B750-51CD-A1B6-62B8ED2F1056,b'/bin/sh /etc/update-motd.d/10-help-text':0,ta1-theia-1
1557756438.497:28,04DD4AD6-88F2-5ED0-97F6-EACB2FE36ABD:b'sh -c /usr/bin/env -i PATH=/usr/local/sbin:/usr/local/bin:/usr/sbin:/usr/bin:/sbin:/bin run-parts --lsbsysinit /etc/update-motd.d > /var/run/motd.new':0,CLONE,87A15455-10AD-5C65-AA76-6F3AED922D73,b'run-parts --lsbsysinit /etc/update-motd.d':0,ta1-theia-1
1557756438.487:31,6EAE0992-F21E-5C7C-BA6A-EC6AEF595CC4:b'run-parts --lsbsysinit /etc/update-motd.d':0,CLONE,6A216A92-BABB-575D-B6B2-634DA8D3297D,b'/bin/sh /etc/update-motd.d/00-header':0,ta1-theia-1
1557756438.478:27,6EAE0992-F21E-5C7C-BA6A-EC6AEF595CC4:b'run-parts --lsbsysinit /etc/update-motd.d':0,CLONE,61E3FC96-B32E-505A-8AFB-96509D0C9E21,b'/bin/sh /etc/update-motd.d/00-header':0,ta1-theia-1
1557756438.475:23,6EAE0992-F21E-5C7C-BA6A-EC6AEF595CC4:b'run-parts --lsbsysinit /etc/update-motd.d':0,CLONE,87058660-D371-5020-8E10-75FACED11482,b'/bin/sh /etc/update-motd.d/00-header':0,ta1-theia-1
1557756438.454:27,04DD4AD6-88F2-5ED0-97F6-EACB2FE36ABD:b'sh -c /usr/bin/env -i PATH=/usr/local/sbin:/usr/local/bin:/usr/sbin:/usr/bin:/sbin:/bin run-parts --lsbsysinit /etc/update-motd.d > /var/run/motd.new':0,CLONE,6EAE0992-F21E-5C7C-BA6A-EC6AEF595CC4,b'run-parts --lsbsysinit /etc/update-motd.d':0,ta1-theia-1
1557756438.450:16,38BB9821-475B-59C5-AF8F-4D7F59FF4E7B:b'sshd: admin [priv]  ':0,CLONE,04DD4AD6-88F2-5ED0-97F6-EACB2FE36ABD,b'sh -c /usr/bin/env -i PATH=/usr/local/sbin:/usr/local/bin:/usr/sbin:/usr/bin:/sbin:/bin run-parts --lsbsysinit /etc/update-motd.d > /var/run/motd.new':0,ta1-theia-1
1557756438.447:538,EC8DDE52-AD74-5650-A7F7-2A3CE4BB8BBF:b'/usr/sbin/sshd -D':0,CLONE,38BB9821-475B-59C5-AF8F-4D7F59FF4E7B,b'sshd: admin [priv]  ':0,ta1-theia-1
1557756438.053:293,EC8DDE52-AD74-5650-A7F7-2A3CE4BB8BBF:b'/usr/sbin/sshd -D':0,READ,0100D00F-0B00-5800-0000-0000678E005A,/etc/hosts:0,ta1-theia-1
1557756438.052:292,EC8DDE52-AD74-5650-A7F7-2A3CE4BB8BBF:b'/usr/sbin/sshd -D':0,READ,0100D00F-0B00-5800-0000-0000678E005A,/etc/hosts:0,ta1-theia-1
1557756438.052:283,EC8DDE52-AD74-5650-A7F7-2A3CE4BB8BBF:b'/usr/sbin/sshd -D':0,READ,0100D00F-0B00-5800-0000-0000678E005A,/etc/hosts:0,ta1-theia-1
1557756437.985:258,EC8DDE52-AD74-5650-A7F7-2A3CE4BB8BBF:b'/usr/sbin/sshd -D':0,CLONE,0F4E5E8E-9011-59C4-9BFD-9BCBEED459F4,b'sshd: [accepted]    ':0,ta1-theia-1
1557756437.766:5324,84053D48-9767-59AE-A797-BAC5E4ED3368:null:null,CLONE,EC8DDE52-AD74-5650-A7F7-2A3CE4BB8BBF,b'/usr/sbin/sshd -D':0,ta1-theia-1
1557756421.333:522611,CC7C9A7F-4BD4-5E0F-88B4-3EA111554703:null:null,READ,0100D00F-0B00-5800-0000-0000678E005A,/etc/hosts:0,ta1-theia-1
1557756421.333:522610,CC7C9A7F-4BD4-5E0F-88B4-3EA111554703:null:null,READ,0100D00F-0B00-5800-0000-0000678E005A,/etc/hosts:0,ta1-theia-1
1557756406.432:522570,CC7C9A7F-4BD4-5E0F-88B4-3EA111554703:null:null,READ,0100D00F-0B00-5800-0000-0000678E005A,/etc/hosts:0,ta1-theia-1
1557756406.432:522569,CC7C9A7F-4BD4-5E0F-88B4-3EA111554703:null:null,READ,0100D00F-0B00-5800-0000-0000678E005A,/etc/hosts:0,ta1-theia-1
1557756369.287:522514,CC7C9A7F-4BD4-5E0F-88B4-3EA111554703:null:null,READ,0100D00F-0B00-5800-0000-0000678E005A,/etc/hosts:0,ta1-theia-1
1557756369.287:522513,CC7C9A7F-4BD4-5E0F-88B4-3EA111554703:null:null,READ,0100D00F-0B00-5800-0000-0000678E005A,/etc/hosts:0,ta1-theia-1
1557756364.930:522478,CC7C9A7F-4BD4-5E0F-88B4-3EA111554703:null:null,READ,0100D00F-0B00-5800-0000-0000678E005A,/etc/hosts:0,ta1-theia-1
1557756364.930:522477,CC7C9A7F-4BD4-5E0F-88B4-3EA111554703:null:null,READ,0100D00F-0B00-5800-0000-0000678E005A,/etc/hosts:0,ta1-theia-1
1557756339.287:522443,CC7C9A7F-4BD4-5E0F-88B4-3EA111554703:null:null,READ,0100D00F-0B00-5800-0000-0000678E005A,/etc/hosts:0,ta1-theia-1
1557756339.287:522442,CC7C9A7F-4BD4-5E0F-88B4-3EA111554703:null:null,READ,0100D00F-0B00-5800-0000-0000678E005A,/etc/hosts:0,ta1-theia-1
1557756334.914:522407,CC7C9A7F-4BD4-5E0F-88B4-3EA111554703:null:null,READ,0100D00F-0B00-5800-0000-0000678E005A,/etc/hosts:0,ta1-theia-1
1557756334.914:522406,CC7C9A7F-4BD4-5E0F-88B4-3EA111554703:null:null,READ,0100D00F-0B00-5800-0000-0000678E005A,/etc/hosts:0,ta1-theia-1
1557756319.292:522377,CC7C9A7F-4BD4-5E0F-88B4-3EA111554703:null:null,READ,0100D00F-0B00-5800-0000-0000678E005A,/etc/hosts:0,ta1-theia-1
1557756319.292:522376,CC7C9A7F-4BD4-5E0F-88B4-3EA111554703:null:null,READ,0100D00F-0B00-5800-0000-0000678E005A,/etc/hosts:0,ta1-theia-1
1557756310.290:522327,CC7C9A7F-4BD4-5E0F-88B4-3EA111554703:null:null,READ,0100D00F-0B00-5800-0000-0000678E005A,/etc/hosts:0,ta1-theia-1
1557756310.290:522326,CC7C9A7F-4BD4-5E0F-88B4-3EA111554703:null:null,READ,0100D00F-0B00-5800-0000-0000678E005A,/etc/hosts:0,ta1-theia-1
1557756304.898:522291,CC7C9A7F-4BD4-5E0F-88B4-3EA111554703:null:null,READ,0100D00F-0B00-5800-0000-0000678E005A,/etc/hosts:0,ta1-theia-1
1557756304.898:522290,CC7C9A7F-4BD4-5E0F-88B4-3EA111554703:null:null,READ,0100D00F-0B00-5800-0000-0000678E005A,/etc/hosts:0,ta1-theia-1
1557756295.770:522256,CC7C9A7F-4BD4-5E0F-88B4-3EA111554703:null:null,READ,0100D00F-0B00-5800-0000-0000678E005A,/etc/hosts:0,ta1-theia-1
1557756295.770:522255,CC7C9A7F-4BD4-5E0F-88B4-3EA111554703:null:null,READ,0100D00F-0B00-5800-0000-0000678E005A,/etc/hosts:0,ta1-theia-1
1557756289.920:522215,CC7C9A7F-4BD4-5E0F-88B4-3EA111554703:null:null,READ,0100D00F-0B00-5800-0000-0000678E005A,/etc/hosts:0,ta1-theia-1
1557756289.920:522214,CC7C9A7F-4BD4-5E0F-88B4-3EA111554703:null:null,READ,0100D00F-0B00-5800-0000-0000678E005A,/etc/hosts:0,ta1-theia-1
1557756279.287:522174,CC7C9A7F-4BD4-5E0F-88B4-3EA111554703:null:null,READ,0100D00F-0B00-5800-0000-0000678E005A,/etc/hosts:0,ta1-theia-1
1557756279.287:522173,CC7C9A7F-4BD4-5E0F-88B4-3EA111554703:null:null,READ,0100D00F-0B00-5800-0000-0000678E005A,/etc/hosts:0,ta1-theia-1
1557756274.946:522138,CC7C9A7F-4BD4-5E0F-88B4-3EA111554703:null:null,READ,0100D00F-0B00-5800-0000-0000678E005A,/etc/hosts:0,ta1-theia-1
1557756274.946:522137,CC7C9A7F-4BD4-5E0F-88B4-3EA111554703:null:null,READ,0100D00F-0B00-5800-0000-0000678E005A,/etc/hosts:0,ta1-theia-1
1557756255.265:522108,CC7C9A7F-4BD4-5E0F-88B4-3EA111554703:null:null,READ,0100D00F-0B00-5800-0000-0000678E005A,/etc/hosts:0,ta1-theia-1
1557756255.265:522107,CC7C9A7F-4BD4-5E0F-88B4-3EA111554703:null:null,READ,0100D00F-0B00-5800-0000-0000678E005A,/etc/hosts:0,ta1-theia-1
1557756236.552:522067,CC7C9A7F-4BD4-5E0F-88B4-3EA111554703:null:null,READ,0100D00F-0B00-5800-0000-0000678E005A,/etc/hosts:0,ta1-theia-1
1557756236.552:522066,CC7C9A7F-4BD4-5E0F-88B4-3EA111554703:null:null,READ,0100D00F-0B00-5800-0000-0000678E005A,/etc/hosts:0,ta1-theia-1
1557756219.285:522026,CC7C9A7F-4BD4-5E0F-88B4-3EA111554703:null:null,READ,0100D00F-0B00-5800-0000-0000678E005A,/etc/hosts:0,ta1-theia-1
1557756219.285:522025,CC7C9A7F-4BD4-5E0F-88B4-3EA111554703:null:null,READ,0100D00F-0B00-5800-0000-0000678E005A,/etc/hosts:0,ta1-theia-1
1557756214.914:521990,CC7C9A7F-4BD4-5E0F-88B4-3EA111554703:null:null,READ,0100D00F-0B00-5800-0000-0000678E005A,/etc/hosts:0,ta1-theia-1
1557756214.914:521989,CC7C9A7F-4BD4-5E0F-88B4-3EA111554703:null:null,READ,0100D00F-0B00-5800-0000-0000678E005A,/etc/hosts:0,ta1-theia-1
1557756186.943:521950,CC7C9A7F-4BD4-5E0F-88B4-3EA111554703:null:null,READ,0100D00F-0B00-5800-0000-0000678E005A,/etc/hosts:0,ta1-theia-1
1557756186.943:521949,CC7C9A7F-4BD4-5E0F-88B4-3EA111554703:null:null,READ,0100D00F-0B00-5800-0000-0000678E005A,/etc/hosts:0,ta1-theia-1
1557756171.322:521909,CC7C9A7F-4BD4-5E0F-88B4-3EA111554703:null:null,READ,0100D00F-0B00-5800-0000-0000678E005A,/etc/hosts:0,ta1-theia-1
1557756171.322:521908,CC7C9A7F-4BD4-5E0F-88B4-3EA111554703:null:null,READ,0100D00F-0B00-5800-0000-0000678E005A,/etc/hosts:0,ta1-theia-1
1557756162.282:521844,CC7C9A7F-4BD4-5E0F-88B4-3EA111554703:null:null,READ,0100D00F-0B00-5800-0000-0000678E005A,/etc/hosts:0,ta1-theia-1
1557756162.282:521843,CC7C9A7F-4BD4-5E0F-88B4-3EA111554703:null:null,READ,0100D00F-0B00-5800-0000-0000678E005A,/etc/hosts:0,ta1-theia-1
1557756154.883:521808,CC7C9A7F-4BD4-5E0F-88B4-3EA111554703:null:null,READ,0100D00F-0B00-5800-0000-0000678E005A,/etc/hosts:0,ta1-theia-1
1557756154.883:521807,CC7C9A7F-4BD4-5E0F-88B4-3EA111554703:null:null,READ,0100D00F-0B00-5800-0000-0000678E005A,/etc/hosts:0,ta1-theia-1
1557756146.792:521778,CC7C9A7F-4BD4-5E0F-88B4-3EA111554703:null:null,READ,0100D00F-0B00-5800-0000-0000678E005A,/etc/hosts:0,ta1-theia-1
1557756146.792:521777,CC7C9A7F-4BD4-5E0F-88B4-3EA111554703:null:null,READ,0100D00F-0B00-5800-0000-0000678E005A,/etc/hosts:0,ta1-theia-1
1557756132.284:521737,CC7C9A7F-4BD4-5E0F-88B4-3EA111554703:null:null,READ,0100D00F-0B00-5800-0000-0000678E005A,/etc/hosts:0,ta1-theia-1
1557756132.284:521736,CC7C9A7F-4BD4-5E0F-88B4-3EA111554703:null:null,READ,0100D00F-0B00-5800-0000-0000678E005A,/etc/hosts:0,ta1-theia-1
1557756124.930:521700,CC7C9A7F-4BD4-5E0F-88B4-3EA111554703:null:null,READ,0100D00F-0B00-5800-0000-0000678E005A,/etc/hosts:0,ta1-theia-1
1557756124.930:521699,CC7C9A7F-4BD4-5E0F-88B4-3EA111554703:null:null,READ,0100D00F-0B00-5800-0000-0000678E005A,/etc/hosts:0,ta1-theia-1
1557756109.527:521675,CC7C9A7F-4BD4-5E0F-88B4-3EA111554703:null:null,READ,0100D00F-0B00-5800-0000-0000678E005A,/etc/hosts:0,ta1-theia-1
1557756109.527:521674,CC7C9A7F-4BD4-5E0F-88B4-3EA111554703:null:null,READ,0100D00F-0B00-5800-0000-0000678E005A,/etc/hosts:0,ta1-theia-1
1557756103.285:521634,CC7C9A7F-4BD4-5E0F-88B4-3EA111554703:null:null,READ,0100D00F-0B00-5800-0000-0000678E005A,/etc/hosts:0,ta1-theia-1
1557756103.285:521633,CC7C9A7F-4BD4-5E0F-88B4-3EA111554703:null:null,READ,0100D00F-0B00-5800-0000-0000678E005A,/etc/hosts:0,ta1-theia-1
1557756094.914:521593,CC7C9A7F-4BD4-5E0F-88B4-3EA111554703:null:null,READ,0100D00F-0B00-5800-0000-0000678E005A,/etc/hosts:0,ta1-theia-1
1557756094.914:521592,CC7C9A7F-4BD4-5E0F-88B4-3EA111554703:null:null,READ,0100D00F-0B00-5800-0000-0000678E005A,/etc/hosts:0,ta1-theia-1
1557756088.853:607,3F057A19-9A43-5D14-9B5B-039F4B329D49:b'/usr/sbin/sshd -D':0,CLONE,26112038-F40C-57B6-A904-545AC65B3A4C,b'sshd: admin [priv]  ':0,ta1-theia-1
1557756088.793:35,2024C68A-F19D-513E-8949-33E486834CF2:b'sh -c /usr/bin/env -i PATH=/usr/local/sbin:/usr/local/bin:/usr/sbin:/usr/bin:/sbin:/bin run-parts --lsbsysinit /etc/update-motd.d > /var/run/motd.new':0,CLONE,E8DF926E-399A-53FE-BD77-EF0FE6F2AA6C,b'run-parts --lsbsysinit /etc/update-motd.d':0,ta1-theia-1
1557756088.729:34,2024C68A-F19D-513E-8949-33E486834CF2:b'sh -c /usr/bin/env -i PATH=/usr/local/sbin:/usr/local/bin:/usr/sbin:/usr/bin:/sbin:/bin run-parts --lsbsysinit /etc/update-motd.d > /var/run/motd.new':0,CLONE,88305A7C-7075-5D01-AE81-85296B8003D9,b'run-parts --lsbsysinit /etc/update-motd.d':0,ta1-theia-1
1557756088.614:0,3BB68E80-EECD-5B75-B3DA-8149654248C2:b'/bin/sh /usr/lib/update-notifier/update-motd-fsck-at-reboot':0,EXECUTE,0100D00F-9E00-3200-0000-0000B790005A,/bin/cat:0,ta1-theia-1
1557756088.613:43,F38A3BD9-90B4-5208-A4B3-8F39804CA255:b'run-parts --lsbsysinit /etc/update-motd.d':0,CLONE,3BB68E80-EECD-5B75-B3DA-8149654248C2,b'/bin/sh /usr/lib/update-notifier/update-motd-fsck-at-reboot':0,ta1-theia-1
1557756088.537:40,F38A3BD9-90B4-5208-A4B3-8F39804CA255:b'run-parts --lsbsysinit /etc/update-motd.d':0,CLONE,6BBEADA1-70E7-5F47-AAFE-FC1F50F6738D,b'/bin/sh /usr/lib/update-notifier/update-motd-fsck-at-reboot':0,ta1-theia-1
1557756088.481:36,F38A3BD9-90B4-5208-A4B3-8F39804CA255:b'run-parts --lsbsysinit /etc/update-motd.d':0,CLONE,C747CB2A-DED7-5C91-BCBB-128556E7F557,b'/bin/sh /usr/lib/update-notifier/update-motd-fsck-at-reboot':0,ta1-theia-1
1557756088.477:33,2024C68A-F19D-513E-8949-33E486834CF2:b'sh -c /usr/bin/env -i PATH=/usr/local/sbin:/usr/local/bin:/usr/sbin:/usr/bin:/sbin:/bin run-parts --lsbsysinit /etc/update-motd.d > /var/run/motd.new':0,CLONE,F38A3BD9-90B4-5208-A4B3-8F39804CA255,b'run-parts --lsbsysinit /etc/update-motd.d':0,ta1-theia-1
1557756088.362:0,1B513C0F-F4C6-5DAB-9DD3-D0E3C72B4F8B:b'/bin/sh -e /usr/lib/update-notifier/update-motd-hwe-eol':0,EXECUTE,0100D00F-9E00-3200-0000-0000B790005A,/bin/cat:0,ta1-theia-1
1557756088.361:57,B6977286-B7DD-5205-B1AF-22012F5D5208:b'run-parts --lsbsysinit /etc/update-motd.d':0,CLONE,1B513C0F-F4C6-5DAB-9DD3-D0E3C72B4F8B,b'/bin/sh -e /usr/lib/update-notifier/update-motd-hwe-eol':0,ta1-theia-1
1557756088.257:55,B6977286-B7DD-5205-B1AF-22012F5D5208:b'run-parts --lsbsysinit /etc/update-motd.d':0,CLONE,3D30F901-0AE0-5F9B-BD27-5C426627D99B,b'/bin/sh -e /usr/lib/update-notifier/update-motd-hwe-eol':0,ta1-theia-1
1557756088.150:105,EE631349-427F-5A57-B45D-7BB4C48861DA:b'/bin/sh -e /usr/lib/update-notifier/update-motd-hwe-eol':0,CLONE,0C65C51F-8A4E-5DA1-8A37-B42466F0099B,b'apt-config shell DpkgStatusDir Dir::State::status':0,ta1-theia-1
1557756088.141:51,B6977286-B7DD-5205-B1AF-22012F5D5208:b'run-parts --lsbsysinit /etc/update-motd.d':0,CLONE,EE631349-427F-5A57-B45D-7BB4C48861DA,b'/bin/sh -e /usr/lib/update-notifier/update-motd-hwe-eol':0,ta1-theia-1
1557756088.024:105,014DD377-0E79-5A63-8B27-E3F875351A32:b'/bin/sh -e /usr/lib/update-notifier/update-motd-hwe-eol':0,CLONE,48E3FC2D-0413-50A7-A456-6B9789368983,b'apt-config shell SourceList Dir::Etc::sourcelist':0,ta1-theia-1
1557756088.013:47,B6977286-B7DD-5205-B1AF-22012F5D5208:b'run-parts --lsbsysinit /etc/update-motd.d':0,CLONE,014DD377-0E79-5A63-8B27-E3F875351A32,b'/bin/sh -e /usr/lib/update-notifier/update-motd-hwe-eol':0,ta1-theia-1
1557756087.903:105,72C79A44-8761-5A8B-8A90-3E9AF3A6F5A5:b'/bin/sh -e /usr/lib/update-notifier/update-motd-hwe-eol':0,CLONE,596C81E2-6E50-501D-9B94-E15A2C5229B6,b'apt-config shell EtcDir Dir::Etc':0,ta1-theia-1
1557756087.893:43,B6977286-B7DD-5205-B1AF-22012F5D5208:b'run-parts --lsbsysinit /etc/update-motd.d':0,CLONE,72C79A44-8761-5A8B-8A90-3E9AF3A6F5A5,b'/bin/sh -e /usr/lib/update-notifier/update-motd-hwe-eol':0,ta1-theia-1
1557756087.787:105,CE862CEA-5FDA-56BB-AC5C-BD3111940C2C:b'/bin/sh -e /usr/lib/update-notifier/update-motd-hwe-eol':0,CLONE,EB703EAD-48A6-55BA-8571-12B35F79AD35,b'apt-config shell ListDir Dir::State::Lists':0,ta1-theia-1
1557756087.777:39,B6977286-B7DD-5205-B1AF-22012F5D5208:b'run-parts --lsbsysinit /etc/update-motd.d':0,CLONE,CE862CEA-5FDA-56BB-AC5C-BD3111940C2C,b'/bin/sh -e /usr/lib/update-notifier/update-motd-hwe-eol':0,ta1-theia-1
1557756087.622:105,8060E107-F9ED-5BBE-9AC7-CC6F5D2344D9:b'/bin/sh -e /usr/lib/update-notifier/update-motd-hwe-eol':0,CLONE,4030648D-109E-55B3-BA4B-12966A2DD44E,b'apt-config shell StateDir Dir::State':0,ta1-theia-1
1557756087.613:35,B6977286-B7DD-5205-B1AF-22012F5D5208:b'run-parts --lsbsysinit /etc/update-motd.d':0,CLONE,8060E107-F9ED-5BBE-9AC7-CC6F5D2344D9,b'/bin/sh -e /usr/lib/update-notifier/update-motd-hwe-eol':0,ta1-theia-1
1557756087.609:32,2024C68A-F19D-513E-8949-33E486834CF2:b'sh -c /usr/bin/env -i PATH=/usr/local/sbin:/usr/local/bin:/usr/sbin:/usr/bin:/sbin:/bin run-parts --lsbsysinit /etc/update-motd.d > /var/run/motd.new':0,CLONE,B6977286-B7DD-5205-B1AF-22012F5D5208,b'run-parts --lsbsysinit /etc/update-motd.d':0,ta1-theia-1
1557756087.517:0,5B571D4E-EFE6-54B4-A05D-23C38EBA784E:b'/bin/sh -e /usr/lib/update-manager/release-upgrade-motd':0,EXECUTE,0100D00F-9E00-3200-0000-0000B790005A,/bin/cat:0,ta1-theia-1
1557756087.517:34,4F597672-CBF7-5DA9-A724-C0E11A4CBF1F:b'run-parts --lsbsysinit /etc/update-motd.d':0,CLONE,5B571D4E-EFE6-54B4-A05D-23C38EBA784E,b'/bin/sh -e /usr/lib/update-manager/release-upgrade-motd':0,ta1-theia-1
1557756087.513:31,2024C68A-F19D-513E-8949-33E486834CF2:b'sh -c /usr/bin/env -i PATH=/usr/local/sbin:/usr/local/bin:/usr/sbin:/usr/bin:/sbin:/bin run-parts --lsbsysinit /etc/update-motd.d > /var/run/motd.new':0,CLONE,4F597672-CBF7-5DA9-A724-C0E11A4CBF1F,b'run-parts --lsbsysinit /etc/update-motd.d':0,ta1-theia-1
1557756087.330:0,612374DE-1327-5BD3-81E4-83861BE75B38:b'/bin/sh -e /usr/lib/update-notifier/update-motd-updates-available':0,EXECUTE,0100D00F-9E00-3200-0000-0000B790005A,/bin/cat:0,ta1-theia-1
1557756087.329:447,8C507477-73E2-5203-AF5C-330E4219A94A:b'run-parts --lsbsysinit /etc/update-motd.d':0,CLONE,612374DE-1327-5BD3-81E4-83861BE75B38,b'/bin/sh -e /usr/lib/update-notifier/update-motd-updates-available':0,ta1-theia-1
1557756087.277:444,8C507477-73E2-5203-AF5C-330E4219A94A:b'run-parts --lsbsysinit /etc/update-motd.d':0,CLONE,8AC74052-28AA-58D9-9CDE-4EB36E0C7E5E,b'/bin/sh -e /usr/lib/update-notifier/update-motd-updates-available':0,ta1-theia-1
1557756087.147:105,61024052-0091-50B1-9C6C-50E91ADD2573:b'/bin/sh -e /usr/lib/update-notifier/update-motd-updates-available':0,CLONE,E1B008BE-74A1-5DCF-9037-DCE5CEB924B0,b'apt-config shell SourceList Dir::Etc::sourcelist':0,ta1-theia-1
1557756087.137:440,8C507477-73E2-5203-AF5C-330E4219A94A:b'run-parts --lsbsysinit /etc/update-motd.d':0,CLONE,61024052-0091-50B1-9C6C-50E91ADD2573,b'/bin/sh -e /usr/lib/update-notifier/update-motd-updates-available':0,ta1-theia-1
1557756087.012:105,24FCE3BD-3842-5112-AFE8-EB62F72FD2D5:b'/bin/sh -e /usr/lib/update-notifier/update-motd-updates-available':0,CLONE,2799E746-95E7-576B-BB9F-B0FB2FDBDF6B,b'apt-config shell EtcDir Dir::Etc':0,ta1-theia-1
1557756087.005:436,8C507477-73E2-5203-AF5C-330E4219A94A:b'run-parts --lsbsysinit /etc/update-motd.d':0,CLONE,24FCE3BD-3842-5112-AFE8-EB62F72FD2D5,b'/bin/sh -e /usr/lib/update-notifier/update-motd-updates-available':0,ta1-theia-1
1557756086.909:432,8C507477-73E2-5203-AF5C-330E4219A94A:b'run-parts --lsbsysinit /etc/update-motd.d':0,CLONE,1681054E-047A-5D20-9343-37B3518D6D54,b'/bin/sh -e /usr/lib/update-notifier/update-motd-updates-available':0,ta1-theia-1
1557756086.853:428,8C507477-73E2-5203-AF5C-330E4219A94A:b'run-parts --lsbsysinit /etc/update-motd.d':0,CLONE,13F5A16B-AD7D-542F-98A3-DD633B39C8F7,b'/bin/sh -e /usr/lib/update-notifier/update-motd-updates-available':0,ta1-theia-1
1557756086.797:424,8C507477-73E2-5203-AF5C-330E4219A94A:b'run-parts --lsbsysinit /etc/update-motd.d':0,CLONE,598C3900-C4D4-5FEC-AAC1-DC7A2967A3CC,b'/bin/sh -e /usr/lib/update-notifier/update-motd-updates-available':0,ta1-theia-1
1557756086.741:420,8C507477-73E2-5203-AF5C-330E4219A94A:b'run-parts --lsbsysinit /etc/update-motd.d':0,CLONE,66AB16F1-E2A8-5248-BF56-78188A9BCA26,b'/bin/sh -e /usr/lib/update-notifier/update-motd-updates-available':0,ta1-theia-1
1557756086.693:416,8C507477-73E2-5203-AF5C-330E4219A94A:b'run-parts --lsbsysinit /etc/update-motd.d':0,CLONE,46DC21CB-64CC-5213-BBA3-77CCC7C36F15,b'/bin/sh -e /usr/lib/update-notifier/update-motd-updates-available':0,ta1-theia-1
1557756086.637:412,8C507477-73E2-5203-AF5C-330E4219A94A:b'run-parts --lsbsysinit /etc/update-motd.d':0,CLONE,E25EFA2A-D191-5568-B75E-D83C356B0824,b'/bin/sh -e /usr/lib/update-notifier/update-motd-updates-available':0,ta1-theia-1
1557756086.581:408,8C507477-73E2-5203-AF5C-330E4219A94A:b'run-parts --lsbsysinit /etc/update-motd.d':0,CLONE,136ECF77-04E4-5287-9A7B-99277F65BD74,b'/bin/sh -e /usr/lib/update-notifier/update-motd-updates-available':0,ta1-theia-1
1557756086.525:404,8C507477-73E2-5203-AF5C-330E4219A94A:b'run-parts --lsbsysinit /etc/update-motd.d':0,CLONE,26CE5D19-D436-515A-847C-5F16D7F7BAE1,b'/bin/sh -e /usr/lib/update-notifier/update-motd-updates-available':0,ta1-theia-1
1557756086.473:400,8C507477-73E2-5203-AF5C-330E4219A94A:b'run-parts --lsbsysinit /etc/update-motd.d':0,CLONE,3608E6AF-72D6-52D3-8FF8-5B460BC125DB,b'/bin/sh -e /usr/lib/update-notifier/update-motd-updates-available':0,ta1-theia-1
1557756086.421:396,8C507477-73E2-5203-AF5C-330E4219A94A:b'run-parts --lsbsysinit /etc/update-motd.d':0,CLONE,0131AF97-8171-5BF9-BDA5-FE18B96F4601,b'/bin/sh -e /usr/lib/update-notifier/update-motd-updates-available':0,ta1-theia-1
1557756086.369:392,8C507477-73E2-5203-AF5C-330E4219A94A:b'run-parts --lsbsysinit /etc/update-motd.d':0,CLONE,C808BAB6-2A67-59CE-BD76-F0754A5794F3,b'/bin/sh -e /usr/lib/update-notifier/update-motd-updates-available':0,ta1-theia-1
1557756086.321:388,8C507477-73E2-5203-AF5C-330E4219A94A:b'run-parts --lsbsysinit /etc/update-motd.d':0,CLONE,A148E322-6C0E-50FD-9E76-0214D112E9DB,b'/bin/sh -e /usr/lib/update-notifier/update-motd-updates-available':0,ta1-theia-1
1557756086.273:384,8C507477-73E2-5203-AF5C-330E4219A94A:b'run-parts --lsbsysinit /etc/update-motd.d':0,CLONE,F6F3E7F2-7044-5F13-9756-BFECFA40A5CF,b'/bin/sh -e /usr/lib/update-notifier/update-motd-updates-available':0,ta1-theia-1
1557756086.221:380,8C507477-73E2-5203-AF5C-330E4219A94A:b'run-parts --lsbsysinit /etc/update-motd.d':0,CLONE,0AC63E20-1448-5C49-BEFE-7E07E9BA5002,b'/bin/sh -e /usr/lib/update-notifier/update-motd-updates-available':0,ta1-theia-1
1557756086.169:376,8C507477-73E2-5203-AF5C-330E4219A94A:b'run-parts --lsbsysinit /etc/update-motd.d':0,CLONE,18CF3A6C-459C-57B5-ADEC-1124341FC623,b'/bin/sh -e /usr/lib/update-notifier/update-motd-updates-available':0,ta1-theia-1
1557756086.121:372,8C507477-73E2-5203-AF5C-330E4219A94A:b'run-parts --lsbsysinit /etc/update-motd.d':0,CLONE,60CF1F76-95E2-5524-8C8F-729D964F096D,b'/bin/sh -e /usr/lib/update-notifier/update-motd-updates-available':0,ta1-theia-1
1557756086.073:368,8C507477-73E2-5203-AF5C-330E4219A94A:b'run-parts --lsbsysinit /etc/update-motd.d':0,CLONE,2A911C5C-95E0-551D-B761-E9739D0C9C58,b'/bin/sh -e /usr/lib/update-notifier/update-motd-updates-available':0,ta1-theia-1
1557756085.977:364,8C507477-73E2-5203-AF5C-330E4219A94A:b'run-parts --lsbsysinit /etc/update-motd.d':0,CLONE,1D0BEEFE-137E-575A-BF6D-7C52C3A4FBB5,b'/bin/sh -e /usr/lib/update-notifier/update-motd-updates-available':0,ta1-theia-1
1557756085.925:360,8C507477-73E2-5203-AF5C-330E4219A94A:b'run-parts --lsbsysinit /etc/update-motd.d':0,CLONE,BC85B900-2D93-5249-AC3B-0C6E625083DB,b'/bin/sh -e /usr/lib/update-notifier/update-motd-updates-available':0,ta1-theia-1
1557756085.873:356,8C507477-73E2-5203-AF5C-330E4219A94A:b'run-parts --lsbsysinit /etc/update-motd.d':0,CLONE,FE4A6AAF-6279-57E1-81E4-3D87FFC3DB4A,b'/bin/sh -e /usr/lib/update-notifier/update-motd-updates-available':0,ta1-theia-1
1557756085.821:352,8C507477-73E2-5203-AF5C-330E4219A94A:b'run-parts --lsbsysinit /etc/update-motd.d':0,CLONE,924A9A6E-DBE5-55A5-B8A1-F9C2D87F84A1,b'/bin/sh -e /usr/lib/update-notifier/update-motd-updates-available':0,ta1-theia-1
1557756085.769:348,8C507477-73E2-5203-AF5C-330E4219A94A:b'run-parts --lsbsysinit /etc/update-motd.d':0,CLONE,6F5FB972-62F0-5ABA-AD75-D681AA0D8476,b'/bin/sh -e /usr/lib/update-notifier/update-motd-updates-available':0,ta1-theia-1
1557756085.717:344,8C507477-73E2-5203-AF5C-330E4219A94A:b'run-parts --lsbsysinit /etc/update-motd.d':0,CLONE,2F3E4A51-3179-5133-9DF7-941A078AE89F,b'/bin/sh -e /usr/lib/update-notifier/update-motd-updates-available':0,ta1-theia-1
1557756085.665:340,8C507477-73E2-5203-AF5C-330E4219A94A:b'run-parts --lsbsysinit /etc/update-motd.d':0,CLONE,6737A5C1-7333-5CDB-B609-D9096C5785FB,b'/bin/sh -e /usr/lib/update-notifier/update-motd-updates-available':0,ta1-theia-1
1557756085.617:336,8C507477-73E2-5203-AF5C-330E4219A94A:b'run-parts --lsbsysinit /etc/update-motd.d':0,CLONE,C67BE1E1-76E2-5502-9DB5-D32F21C84514,b'/bin/sh -e /usr/lib/update-notifier/update-motd-updates-available':0,ta1-theia-1
1557756085.565:332,8C507477-73E2-5203-AF5C-330E4219A94A:b'run-parts --lsbsysinit /etc/update-motd.d':0,CLONE,51F40A0A-31CF-5433-AC5F-2EC65158FFCD,b'/bin/sh -e /usr/lib/update-notifier/update-motd-updates-available':0,ta1-theia-1
1557756085.509:328,8C507477-73E2-5203-AF5C-330E4219A94A:b'run-parts --lsbsysinit /etc/update-motd.d':0,CLONE,BA66CFE0-15F7-5D6A-B827-58373A15BCA3,b'/bin/sh -e /usr/lib/update-notifier/update-motd-updates-available':0,ta1-theia-1
1557756085.453:324,8C507477-73E2-5203-AF5C-330E4219A94A:b'run-parts --lsbsysinit /etc/update-motd.d':0,CLONE,CC3B8AA6-8FD7-59DF-A350-6812CED63E3C,b'/bin/sh -e /usr/lib/update-notifier/update-motd-updates-available':0,ta1-theia-1
1557756085.397:320,8C507477-73E2-5203-AF5C-330E4219A94A:b'run-parts --lsbsysinit /etc/update-motd.d':0,CLONE,D78E92E8-A13D-55AF-A482-BBE9CECD2402,b'/bin/sh -e /usr/lib/update-notifier/update-motd-updates-available':0,ta1-theia-1
1557756085.266:316,8C507477-73E2-5203-AF5C-330E4219A94A:b'run-parts --lsbsysinit /etc/update-motd.d':0,CLONE,34937F07-2A9A-5A7F-9942-5440D8FEE131,b'/bin/sh -e /usr/lib/update-notifier/update-motd-updates-available':0,ta1-theia-1
1557756085.217:312,8C507477-73E2-5203-AF5C-330E4219A94A:b'run-parts --lsbsysinit /etc/update-motd.d':0,CLONE,B5611DDE-7489-5811-86CC-5FF4EE19ECB3,b'/bin/sh -e /usr/lib/update-notifier/update-motd-updates-available':0,ta1-theia-1
1557756085.165:308,8C507477-73E2-5203-AF5C-330E4219A94A:b'run-parts --lsbsysinit /etc/update-motd.d':0,CLONE,0F53CF23-C9AB-55E9-9B7E-F18971F5467E,b'/bin/sh -e /usr/lib/update-notifier/update-motd-updates-available':0,ta1-theia-1
1557756085.113:304,8C507477-73E2-5203-AF5C-330E4219A94A:b'run-parts --lsbsysinit /etc/update-motd.d':0,CLONE,CE251EB8-DDD9-569E-BAF6-2EFD4419B471,b'/bin/sh -e /usr/lib/update-notifier/update-motd-updates-available':0,ta1-theia-1
1557756085.061:300,8C507477-73E2-5203-AF5C-330E4219A94A:b'run-parts --lsbsysinit /etc/update-motd.d':0,CLONE,9CEC5843-5193-50BF-8D6C-EE3285654AF8,b'/bin/sh -e /usr/lib/update-notifier/update-motd-updates-available':0,ta1-theia-1
1557756084.965:296,8C507477-73E2-5203-AF5C-330E4219A94A:b'run-parts --lsbsysinit /etc/update-motd.d':0,CLONE,2ECBFAE0-2759-5DF4-8802-7675F110AFCC,b'/bin/sh -e /usr/lib/update-notifier/update-motd-updates-available':0,ta1-theia-1
1557756084.913:292,8C507477-73E2-5203-AF5C-330E4219A94A:b'run-parts --lsbsysinit /etc/update-motd.d':0,CLONE,E9E89CCA-D279-55A9-B176-E773752E9388,b'/bin/sh -e /usr/lib/update-notifier/update-motd-updates-available':0,ta1-theia-1
1557756084.861:288,8C507477-73E2-5203-AF5C-330E4219A94A:b'run-parts --lsbsysinit /etc/update-motd.d':0,CLONE,6768BD5F-8797-55A8-A31E-BEAA4AF707E4,b'/bin/sh -e /usr/lib/update-notifier/update-motd-updates-available':0,ta1-theia-1
1557756084.813:284,8C507477-73E2-5203-AF5C-330E4219A94A:b'run-parts --lsbsysinit /etc/update-motd.d':0,CLONE,0239E122-F5E5-5433-A795-E657B2CCD649,b'/bin/sh -e /usr/lib/update-notifier/update-motd-updates-available':0,ta1-theia-1
1557756084.761:280,8C507477-73E2-5203-AF5C-330E4219A94A:b'run-parts --lsbsysinit /etc/update-motd.d':0,CLONE,786ED622-5E20-591C-A7FA-2FE1B9E97798,b'/bin/sh -e /usr/lib/update-notifier/update-motd-updates-available':0,ta1-theia-1
1557756084.709:276,8C507477-73E2-5203-AF5C-330E4219A94A:b'run-parts --lsbsysinit /etc/update-motd.d':0,CLONE,7C420CA1-FA32-54D5-B075-8523544DD16F,b'/bin/sh -e /usr/lib/update-notifier/update-motd-updates-available':0,ta1-theia-1
1557756084.661:272,8C507477-73E2-5203-AF5C-330E4219A94A:b'run-parts --lsbsysinit /etc/update-motd.d':0,CLONE,5453F8E0-D504-5F23-9DBF-BD0FB4E2982E,b'/bin/sh -e /usr/lib/update-notifier/update-motd-updates-available':0,ta1-theia-1
1557756084.613:268,8C507477-73E2-5203-AF5C-330E4219A94A:b'run-parts --lsbsysinit /etc/update-motd.d':0,CLONE,93A9A856-AD90-5D9F-AA56-0F5677E64531,b'/bin/sh -e /usr/lib/update-notifier/update-motd-updates-available':0,ta1-theia-1
1557756084.565:264,8C507477-73E2-5203-AF5C-330E4219A94A:b'run-parts --lsbsysinit /etc/update-motd.d':0,CLONE,524F9B75-E038-5DA9-B567-2474024AD5E5,b'/bin/sh -e /usr/lib/update-notifier/update-motd-updates-available':0,ta1-theia-1
1557756084.517:260,8C507477-73E2-5203-AF5C-330E4219A94A:b'run-parts --lsbsysinit /etc/update-motd.d':0,CLONE,2A9769AC-81A9-5227-B9F4-4BA7B1B84DFA,b'/bin/sh -e /usr/lib/update-notifier/update-motd-updates-available':0,ta1-theia-1
1557756084.465:256,8C507477-73E2-5203-AF5C-330E4219A94A:b'run-parts --lsbsysinit /etc/update-motd.d':0,CLONE,9B2BEEF1-7460-5DB1-A6C2-C76F154FABE3,b'/bin/sh -e /usr/lib/update-notifier/update-motd-updates-available':0,ta1-theia-1
1557756084.413:252,8C507477-73E2-5203-AF5C-330E4219A94A:b'run-parts --lsbsysinit /etc/update-motd.d':0,CLONE,A72CF91F-EB1A-5F53-830F-D4512B15FF9B,b'/bin/sh -e /usr/lib/update-notifier/update-motd-updates-available':0,ta1-theia-1
1557756084.361:248,8C507477-73E2-5203-AF5C-330E4219A94A:b'run-parts --lsbsysinit /etc/update-motd.d':0,CLONE,A12FF636-4813-58CD-A9A9-EFD87BE9F4FF,b'/bin/sh -e /usr/lib/update-notifier/update-motd-updates-available':0,ta1-theia-1
1557756084.309:244,8C507477-73E2-5203-AF5C-330E4219A94A:b'run-parts --lsbsysinit /etc/update-motd.d':0,CLONE,EBA685B0-9337-54A8-9DB6-DD04466FB1E6,b'/bin/sh -e /usr/lib/update-notifier/update-motd-updates-available':0,ta1-theia-1
1557756084.253:240,8C507477-73E2-5203-AF5C-330E4219A94A:b'run-parts --lsbsysinit /etc/update-motd.d':0,CLONE,9929B45F-0BD4-5DE2-BFC7-2545447B9561,b'/bin/sh -e /usr/lib/update-notifier/update-motd-updates-available':0,ta1-theia-1
1557756084.197:236,8C507477-73E2-5203-AF5C-330E4219A94A:b'run-parts --lsbsysinit /etc/update-motd.d':0,CLONE,F14B39A6-501B-548C-8DCF-12117069F28C,b'/bin/sh -e /usr/lib/update-notifier/update-motd-updates-available':0,ta1-theia-1
1557756084.141:232,8C507477-73E2-5203-AF5C-330E4219A94A:b'run-parts --lsbsysinit /etc/update-motd.d':0,CLONE,FF1BE4D4-3802-53C1-9B93-18DF990B90B3,b'/bin/sh -e /usr/lib/update-notifier/update-motd-updates-available':0,ta1-theia-1
1557756084.045:228,8C507477-73E2-5203-AF5C-330E4219A94A:b'run-parts --lsbsysinit /etc/update-motd.d':0,CLONE,10BCCFD9-BD51-5945-B771-8BAF0C5D264F,b'/bin/sh -e /usr/lib/update-notifier/update-motd-updates-available':0,ta1-theia-1
1557756083.997:224,8C507477-73E2-5203-AF5C-330E4219A94A:b'run-parts --lsbsysinit /etc/update-motd.d':0,CLONE,DA4468BC-F888-582C-B39E-29C08C54338D,b'/bin/sh -e /usr/lib/update-notifier/update-motd-updates-available':0,ta1-theia-1
1557756083.945:220,8C507477-73E2-5203-AF5C-330E4219A94A:b'run-parts --lsbsysinit /etc/update-motd.d':0,CLONE,BA75B2EA-C6C5-52C3-99BF-4D5E70901CB7,b'/bin/sh -e /usr/lib/update-notifier/update-motd-updates-available':0,ta1-theia-1
1557756083.897:216,8C507477-73E2-5203-AF5C-330E4219A94A:b'run-parts --lsbsysinit /etc/update-motd.d':0,CLONE,D9985CF6-2CAE-5155-B6CF-D2D54DE2E363,b'/bin/sh -e /usr/lib/update-notifier/update-motd-updates-available':0,ta1-theia-1
1557756083.849:212,8C507477-73E2-5203-AF5C-330E4219A94A:b'run-parts --lsbsysinit /etc/update-motd.d':0,CLONE,C1B78C74-B6AB-5D4C-A69B-BE41C4C68F2F,b'/bin/sh -e /usr/lib/update-notifier/update-motd-updates-available':0,ta1-theia-1
1557756083.801:208,8C507477-73E2-5203-AF5C-330E4219A94A:b'run-parts --lsbsysinit /etc/update-motd.d':0,CLONE,CF48E1E4-6BCF-584D-AC32-DA35BF455098,b'/bin/sh -e /usr/lib/update-notifier/update-motd-updates-available':0,ta1-theia-1
1557756083.749:204,8C507477-73E2-5203-AF5C-330E4219A94A:b'run-parts --lsbsysinit /etc/update-motd.d':0,CLONE,39623901-72BB-5E5B-9DFC-B2F4EE020A27,b'/bin/sh -e /usr/lib/update-notifier/update-motd-updates-available':0,ta1-theia-1
1557756083.697:200,8C507477-73E2-5203-AF5C-330E4219A94A:b'run-parts --lsbsysinit /etc/update-motd.d':0,CLONE,C12FE312-0C2F-5F20-837E-345B3A7C6CCD,b'/bin/sh -e /usr/lib/update-notifier/update-motd-updates-available':0,ta1-theia-1
1557756083.645:196,8C507477-73E2-5203-AF5C-330E4219A94A:b'run-parts --lsbsysinit /etc/update-motd.d':0,CLONE,23C2BAA6-691C-52BD-B95E-D32F5EC81531,b'/bin/sh -e /usr/lib/update-notifier/update-motd-updates-available':0,ta1-theia-1
1557756083.593:192,8C507477-73E2-5203-AF5C-330E4219A94A:b'run-parts --lsbsysinit /etc/update-motd.d':0,CLONE,DA3CC1FF-146D-5C41-9831-DC0924056E9F,b'/bin/sh -e /usr/lib/update-notifier/update-motd-updates-available':0,ta1-theia-1
1557756083.541:188,8C507477-73E2-5203-AF5C-330E4219A94A:b'run-parts --lsbsysinit /etc/update-motd.d':0,CLONE,3A8927BF-CE95-5B76-8145-30479425DBF0,b'/bin/sh -e /usr/lib/update-notifier/update-motd-updates-available':0,ta1-theia-1
1557756083.489:184,8C507477-73E2-5203-AF5C-330E4219A94A:b'run-parts --lsbsysinit /etc/update-motd.d':0,CLONE,7259198B-2F94-5878-A47F-58B718DC4FAC,b'/bin/sh -e /usr/lib/update-notifier/update-motd-updates-available':0,ta1-theia-1
1557756083.447:15607,94E4DFBD-838C-514F-903B-19CAECEF6F62:null:null,READ,0100D00F-0B00-5800-0000-0000678E005A,/etc/hosts:0,ta1-theia-1
1557756083.447:15606,94E4DFBD-838C-514F-903B-19CAECEF6F62:null:null,READ,0100D00F-0B00-5800-0000-0000678E005A,/etc/hosts:0,ta1-theia-1
1557756083.447:15602,94E4DFBD-838C-514F-903B-19CAECEF6F62:null:null,READ,0100D00F-0B00-5800-0000-0000678E005A,/etc/hosts:0,ta1-theia-1
1557756083.441:180,8C507477-73E2-5203-AF5C-330E4219A94A:b'run-parts --lsbsysinit /etc/update-motd.d':0,CLONE,59E122E1-BA96-5409-8D4A-149A8E171906,b'/bin/sh -e /usr/lib/update-notifier/update-motd-updates-available':0,ta1-theia-1
1557756083.393:176,8C507477-73E2-5203-AF5C-330E4219A94A:b'run-parts --lsbsysinit /etc/update-motd.d':0,CLONE,D8836F49-194C-5621-9189-A190A5E0F952,b'/bin/sh -e /usr/lib/update-notifier/update-motd-updates-available':0,ta1-theia-1
1557756083.341:172,8C507477-73E2-5203-AF5C-330E4219A94A:b'run-parts --lsbsysinit /etc/update-motd.d':0,CLONE,0F79C19D-9E42-5224-B316-0D4456A2FDB4,b'/bin/sh -e /usr/lib/update-notifier/update-motd-updates-available':0,ta1-theia-1
1557756083.293:168,8C507477-73E2-5203-AF5C-330E4219A94A:b'run-parts --lsbsysinit /etc/update-motd.d':0,CLONE,37A89431-4DD7-5837-96FC-B6DB5536FB13,b'/bin/sh -e /usr/lib/update-notifier/update-motd-updates-available':0,ta1-theia-1
1557756083.245:164,8C507477-73E2-5203-AF5C-330E4219A94A:b'run-parts --lsbsysinit /etc/update-motd.d':0,CLONE,8CD5136F-05F9-5F62-AAB8-72D4BBDEB3AF,b'/bin/sh -e /usr/lib/update-notifier/update-motd-updates-available':0,ta1-theia-1
1557756083.149:160,8C507477-73E2-5203-AF5C-330E4219A94A:b'run-parts --lsbsysinit /etc/update-motd.d':0,CLONE,A6E87AF1-F77E-5ABA-9207-DE2504E71C16,b'/bin/sh -e /usr/lib/update-notifier/update-motd-updates-available':0,ta1-theia-1
1557756083.098:156,8C507477-73E2-5203-AF5C-330E4219A94A:b'run-parts --lsbsysinit /etc/update-motd.d':0,CLONE,66019408-1537-5C18-81A0-0C756A319D7C,b'/bin/sh -e /usr/lib/update-notifier/update-motd-updates-available':0,ta1-theia-1
1557756083.041:152,8C507477-73E2-5203-AF5C-330E4219A94A:b'run-parts --lsbsysinit /etc/update-motd.d':0,CLONE,30E4BFAD-97A9-5668-A51B-94B376C18726,b'/bin/sh -e /usr/lib/update-notifier/update-motd-updates-available':0,ta1-theia-1
1557756082.985:148,8C507477-73E2-5203-AF5C-330E4219A94A:b'run-parts --lsbsysinit /etc/update-motd.d':0,CLONE,CD9B42D0-CE36-5E16-95F8-49528C09934F,b'/bin/sh -e /usr/lib/update-notifier/update-motd-updates-available':0,ta1-theia-1
1557756082.929:144,8C507477-73E2-5203-AF5C-330E4219A94A:b'run-parts --lsbsysinit /etc/update-motd.d':0,CLONE,40A13ABC-52BB-5160-B82D-68FAEE7516F9,b'/bin/sh -e /usr/lib/update-notifier/update-motd-updates-available':0,ta1-theia-1
1557756082.873:140,8C507477-73E2-5203-AF5C-330E4219A94A:b'run-parts --lsbsysinit /etc/update-motd.d':0,CLONE,C69A71E7-1865-5115-8822-358FAC37A8AC,b'/bin/sh -e /usr/lib/update-notifier/update-motd-updates-available':0,ta1-theia-1
1557756082.817:136,8C507477-73E2-5203-AF5C-330E4219A94A:b'run-parts --lsbsysinit /etc/update-motd.d':0,CLONE,5F7FCAC3-CE60-565C-B3CD-55D177344BF4,b'/bin/sh -e /usr/lib/update-notifier/update-motd-updates-available':0,ta1-theia-1
1557756082.765:132,8C507477-73E2-5203-AF5C-330E4219A94A:b'run-parts --lsbsysinit /etc/update-motd.d':0,CLONE,5543660D-AD71-5E06-8E71-391937383FDF,b'/bin/sh -e /usr/lib/update-notifier/update-motd-updates-available':0,ta1-theia-1
1557756082.713:128,8C507477-73E2-5203-AF5C-330E4219A94A:b'run-parts --lsbsysinit /etc/update-motd.d':0,CLONE,438F4FBB-DD74-57F1-92E8-B897DA96855C,b'/bin/sh -e /usr/lib/update-notifier/update-motd-updates-available':0,ta1-theia-1
1557756082.661:124,8C507477-73E2-5203-AF5C-330E4219A94A:b'run-parts --lsbsysinit /etc/update-motd.d':0,CLONE,40F44187-F18B-52BE-B87B-5BB46C004195,b'/bin/sh -e /usr/lib/update-notifier/update-motd-updates-available':0,ta1-theia-1
1557756082.613:120,8C507477-73E2-5203-AF5C-330E4219A94A:b'run-parts --lsbsysinit /etc/update-motd.d':0,CLONE,ACCEA390-C4D6-5E84-B7E5-622FA934C1FE,b'/bin/sh -e /usr/lib/update-notifier/update-motd-updates-available':0,ta1-theia-1
1557756082.565:116,8C507477-73E2-5203-AF5C-330E4219A94A:b'run-parts --lsbsysinit /etc/update-motd.d':0,CLONE,E7D59AEF-4F8C-593B-8731-B0A5EF477BA7,b'/bin/sh -e /usr/lib/update-notifier/update-motd-updates-available':0,ta1-theia-1
1557756082.517:112,8C507477-73E2-5203-AF5C-330E4219A94A:b'run-parts --lsbsysinit /etc/update-motd.d':0,CLONE,43C8A5BD-2B90-57F6-AC8D-1F23C305ADE3,b'/bin/sh -e /usr/lib/update-notifier/update-motd-updates-available':0,ta1-theia-1
1557756082.465:108,8C507477-73E2-5203-AF5C-330E4219A94A:b'run-parts --lsbsysinit /etc/update-motd.d':0,CLONE,570EA05B-B1AC-5C01-8BA8-E8D7E17256AB,b'/bin/sh -e /usr/lib/update-notifier/update-motd-updates-available':0,ta1-theia-1
1557756082.409:104,8C507477-73E2-5203-AF5C-330E4219A94A:b'run-parts --lsbsysinit /etc/update-motd.d':0,CLONE,996B2281-4CED-50C3-8C0C-57382D178A2B,b'/bin/sh -e /usr/lib/update-notifier/update-motd-updates-available':0,ta1-theia-1
1557756082.353:100,8C507477-73E2-5203-AF5C-330E4219A94A:b'run-parts --lsbsysinit /etc/update-motd.d':0,CLONE,9D663208-D75A-5B4E-9436-CF9E419145EF,b'/bin/sh -e /usr/lib/update-notifier/update-motd-updates-available':0,ta1-theia-1
1557756082.297:96,8C507477-73E2-5203-AF5C-330E4219A94A:b'run-parts --lsbsysinit /etc/update-motd.d':0,CLONE,DF47899D-5A0B-554E-A705-06E59DB25120,b'/bin/sh -e /usr/lib/update-notifier/update-motd-updates-available':0,ta1-theia-1
1557756082.197:92,8C507477-73E2-5203-AF5C-330E4219A94A:b'run-parts --lsbsysinit /etc/update-motd.d':0,CLONE,45A56DED-8298-5435-A44E-80C9C51F0381,b'/bin/sh -e /usr/lib/update-notifier/update-motd-updates-available':0,ta1-theia-1
1557756082.141:88,8C507477-73E2-5203-AF5C-330E4219A94A:b'run-parts --lsbsysinit /etc/update-motd.d':0,CLONE,1DD83B4A-1155-544F-803C-F1A49725F5A0,b'/bin/sh -e /usr/lib/update-notifier/update-motd-updates-available':0,ta1-theia-1
1557756082.085:84,8C507477-73E2-5203-AF5C-330E4219A94A:b'run-parts --lsbsysinit /etc/update-motd.d':0,CLONE,585551B7-B541-57AC-9340-A3494F306192,b'/bin/sh -e /usr/lib/update-notifier/update-motd-updates-available':0,ta1-theia-1
1557756082.029:80,8C507477-73E2-5203-AF5C-330E4219A94A:b'run-parts --lsbsysinit /etc/update-motd.d':0,CLONE,0A72FEF3-BB5D-520E-B6B4-ADF814CEC8A6,b'/bin/sh -e /usr/lib/update-notifier/update-motd-updates-available':0,ta1-theia-1
1557756081.977:76,8C507477-73E2-5203-AF5C-330E4219A94A:b'run-parts --lsbsysinit /etc/update-motd.d':0,CLONE,3621DEF6-DCB2-5071-99A0-8538C9E9D387,b'/bin/sh -e /usr/lib/update-notifier/update-motd-updates-available':0,ta1-theia-1
1557756081.921:72,8C507477-73E2-5203-AF5C-330E4219A94A:b'run-parts --lsbsysinit /etc/update-motd.d':0,CLONE,BAE3BCE5-C7BE-5024-98B1-46AFA4DF4A82,b'/bin/sh -e /usr/lib/update-notifier/update-motd-updates-available':0,ta1-theia-1
1557756081.869:68,8C507477-73E2-5203-AF5C-330E4219A94A:b'run-parts --lsbsysinit /etc/update-motd.d':0,CLONE,D3642258-A4FE-5D40-815E-91221BAF96C2,b'/bin/sh -e /usr/lib/update-notifier/update-motd-updates-available':0,ta1-theia-1
1557756081.817:64,8C507477-73E2-5203-AF5C-330E4219A94A:b'run-parts --lsbsysinit /etc/update-motd.d':0,CLONE,5FCF2770-3622-5B13-8F74-B9794069D2FE,b'/bin/sh -e /usr/lib/update-notifier/update-motd-updates-available':0,ta1-theia-1
1557756081.765:60,8C507477-73E2-5203-AF5C-330E4219A94A:b'run-parts --lsbsysinit /etc/update-motd.d':0,CLONE,29E6E779-E7F0-532D-BD83-33FAA8D3BC37,b'/bin/sh -e /usr/lib/update-notifier/update-motd-updates-available':0,ta1-theia-1
1557756081.713:56,8C507477-73E2-5203-AF5C-330E4219A94A:b'run-parts --lsbsysinit /etc/update-motd.d':0,CLONE,E97BB3B6-2AD1-527A-84D1-6889AB377EF3,b'/bin/sh -e /usr/lib/update-notifier/update-motd-updates-available':0,ta1-theia-1
1557756081.658:52,8C507477-73E2-5203-AF5C-330E4219A94A:b'run-parts --lsbsysinit /etc/update-motd.d':0,CLONE,D1318742-96B5-59AD-AFA8-004DFD4E7D5D,b'/bin/sh -e /usr/lib/update-notifier/update-motd-updates-available':0,ta1-theia-1
1557756081.602:48,8C507477-73E2-5203-AF5C-330E4219A94A:b'run-parts --lsbsysinit /etc/update-motd.d':0,CLONE,25818518-D378-5DCF-90AF-708526A9E086,b'/bin/sh -e /usr/lib/update-notifier/update-motd-updates-available':0,ta1-theia-1
1557756081.491:105,1A58BFFA-7A7B-5327-A725-9DC42CAC75AC:b'/bin/sh -e /usr/lib/update-notifier/update-motd-updates-available':0,CLONE,2A4C0900-03EE-501C-BD2F-3C5F0A908BA0,b'apt-config shell ListDir Dir::State::Lists':0,ta1-theia-1
1557756081.481:43,8C507477-73E2-5203-AF5C-330E4219A94A:b'run-parts --lsbsysinit /etc/update-motd.d':0,CLONE,1A58BFFA-7A7B-5327-A725-9DC42CAC75AC,b'/bin/sh -e /usr/lib/update-notifier/update-motd-updates-available':0,ta1-theia-1
1557756081.375:105,BA69EF81-CCE0-5DAE-994D-3A8EFC060637:b'/bin/sh -e /usr/lib/update-notifier/update-motd-updates-available':0,CLONE,CC5FEDFA-4E5B-5FEA-AF1F-4EE8B4D4B1FE,b'apt-config shell StateDir Dir::State':0,ta1-theia-1
1557756081.365:39,8C507477-73E2-5203-AF5C-330E4219A94A:b'run-parts --lsbsysinit /etc/update-motd.d':0,CLONE,BA69EF81-CCE0-5DAE-994D-3A8EFC060637,b'/bin/sh -e /usr/lib/update-notifier/update-motd-updates-available':0,ta1-theia-1
1557756081.333:35,8C507477-73E2-5203-AF5C-330E4219A94A:b'run-parts --lsbsysinit /etc/update-motd.d':0,CLONE,361676B6-093F-5960-858D-79180A7F1D3A,b'/bin/sh -e /usr/lib/update-notifier/update-motd-updates-available':0,ta1-theia-1
1557756081.329:30,2024C68A-F19D-513E-8949-33E486834CF2:b'sh -c /usr/bin/env -i PATH=/usr/local/sbin:/usr/local/bin:/usr/sbin:/usr/bin:/sbin:/bin run-parts --lsbsysinit /etc/update-motd.d > /var/run/motd.new':0,CLONE,8C507477-73E2-5203-AF5C-330E4219A94A,b'run-parts --lsbsysinit /etc/update-motd.d':0,ta1-theia-1
1557756080.766:4,74328D9D-9908-5777-B9CF-11D647BC931F:b'/usr/bin/python /usr/bin/landscape-sysinfo':0,EXECUTE,0100D00F-C326-0C00-0000-0000B790005A,/usr/bin/who:0,ta1-theia-1
1557756080.718:5035,8EC34F43-18F7-5833-B8E9-5A0F3958563A:b'/bin/sh /etc/update-motd.d/50-landscape-sysinfo':0,CLONE,74328D9D-9908-5777-B9CF-11D647BC931F,b'/usr/bin/python /usr/bin/landscape-sysinfo':0,ta1-theia-1
1557756079.653:1903,8EC34F43-18F7-5833-B8E9-5A0F3958563A:b'/bin/sh /etc/update-motd.d/50-landscape-sysinfo':0,CLONE,072F0F17-62A1-5ED5-8500-D11F337C24E5,b'/usr/bin/python /usr/bin/landscape-sysinfo':0,ta1-theia-1
1557756079.287:16,F32316DE-D4D1-5B79-BEDA-DA7556C029B7:b'/usr/bin/python /usr/bin/landscape-sysinfo':0,CLONE,88EF9B03-65EB-5839-833D-067E78FD70AA,b'sh -c /sbin/ldconfig -p 2>/dev/null':0,ta1-theia-1
1557756079.284:1732,8EC34F43-18F7-5833-B8E9-5A0F3958563A:b'/bin/sh /etc/update-motd.d/50-landscape-sysinfo':0,CLONE,F32316DE-D4D1-5B79-BEDA-DA7556C029B7,b'/usr/bin/python /usr/bin/landscape-sysinfo':0,ta1-theia-1
1557756079.168:16,600EE31D-388D-5507-BF30-D431368DD7AD:b'/usr/bin/python /usr/bin/landscape-sysinfo':0,CLONE,2BCBF6E3-9F91-5ECE-96D6-29BF61C5152E,b'sh -c /sbin/ldconfig -p 2>/dev/null':0,ta1-theia-1
1557756079.167:1707,8EC34F43-18F7-5833-B8E9-5A0F3958563A:b'/bin/sh /etc/update-motd.d/50-landscape-sysinfo':0,CLONE,600EE31D-388D-5507-BF30-D431368DD7AD,b'/usr/bin/python /usr/bin/landscape-sysinfo':0,ta1-theia-1
1557756078.678:29,6F077E9F-774B-5674-9EF9-FEAE07344A9A:b'run-parts --lsbsysinit /etc/update-motd.d':0,CLONE,8EC34F43-18F7-5833-B8E9-5A0F3958563A,b'/bin/sh /etc/update-motd.d/50-landscape-sysinfo':0,ta1-theia-1
1557756078.674:27,6F077E9F-774B-5674-9EF9-FEAE07344A9A:b'run-parts --lsbsysinit /etc/update-motd.d':0,CLONE,2AF88891-B3CE-56C9-9149-BAC9FCAFD6E6,b'/bin/sh /etc/update-motd.d/50-landscape-sysinfo':0,ta1-theia-1
1557756078.654:1,00B1A33F-5A72-5617-BFA2-77DE9E507789:b'/bin/sh /etc/update-motd.d/50-landscape-sysinfo':0,CLONE,F457C17F-DA77-5D1E-9F80-E4E06E9E4D86,b'/bin/sh /etc/update-motd.d/50-landscape-sysinfo':0,ta1-theia-1
1557756078.650:2,72958215-7EE8-52F3-BE10-92E43BD6A0BA:b'/bin/sh /etc/update-motd.d/50-landscape-sysinfo':0,CLONE,E4BC23E6-17E3-5FB4-AE15-C8F27E9DD155,b'/bin/sh /etc/update-motd.d/50-landscape-sysinfo':0,ta1-theia-1
1557756078.650:1,72958215-7EE8-52F3-BE10-92E43BD6A0BA:b'/bin/sh /etc/update-motd.d/50-landscape-sysinfo':0,CLONE,00B1A33F-5A72-5617-BFA2-77DE9E507789,b'/bin/sh /etc/update-motd.d/50-landscape-sysinfo':0,ta1-theia-1
1557756078.649:22,6F077E9F-774B-5674-9EF9-FEAE07344A9A:b'run-parts --lsbsysinit /etc/update-motd.d':0,CLONE,72958215-7EE8-52F3-BE10-92E43BD6A0BA,b'/bin/sh /etc/update-motd.d/50-landscape-sysinfo':0,ta1-theia-1
1557756078.624:18,6F077E9F-774B-5674-9EF9-FEAE07344A9A:b'run-parts --lsbsysinit /etc/update-motd.d':0,CLONE,CD9AA4ED-E67E-5A82-A63E-52BD19A1533B,b'/bin/sh /etc/update-motd.d/50-landscape-sysinfo':0,ta1-theia-1
1557756078.622:29,2024C68A-F19D-513E-8949-33E486834CF2:b'sh -c /usr/bin/env -i PATH=/usr/local/sbin:/usr/local/bin:/usr/sbin:/usr/bin:/sbin:/bin run-parts --lsbsysinit /etc/update-motd.d > /var/run/motd.new':0,CLONE,6F077E9F-774B-5674-9EF9-FEAE07344A9A,b'run-parts --lsbsysinit /etc/update-motd.d':0,ta1-theia-1
1557756078.596:24,992C4FFD-D3FD-5772-8012-39C3292294D9:b'run-parts --lsbsysinit /etc/update-motd.d':0,CLONE,53E4900A-757C-5F2D-9FCC-ABD8EA94FA9D,b'/bin/sh /etc/update-motd.d/10-help-text':0,ta1-theia-1
1557756078.596:23,992C4FFD-D3FD-5772-8012-39C3292294D9:b'run-parts --lsbsysinit /etc/update-motd.d':0,CLONE,A83C66B8-B81C-5EF0-A327-21E5B3F4D2B6,b'/bin/sh /etc/update-motd.d/10-help-text':0,ta1-theia-1
1557756078.593:28,2024C68A-F19D-513E-8949-33E486834CF2:b'sh -c /usr/bin/env -i PATH=/usr/local/sbin:/usr/local/bin:/usr/sbin:/usr/bin:/sbin:/bin run-parts --lsbsysinit /etc/update-motd.d > /var/run/motd.new':0,CLONE,992C4FFD-D3FD-5772-8012-39C3292294D9,b'run-parts --lsbsysinit /etc/update-motd.d':0,ta1-theia-1
1557756078.578:31,01E74FB5-9A0E-523A-8703-DC9F34F39EC8:b'run-parts --lsbsysinit /etc/update-motd.d':0,CLONE,FFC2936D-C6AA-5AFA-891B-C005051A845E,b'/bin/sh /etc/update-motd.d/00-header':0,ta1-theia-1
1557756078.563:27,01E74FB5-9A0E-523A-8703-DC9F34F39EC8:b'run-parts --lsbsysinit /etc/update-motd.d':0,CLONE,F0940DB5-8970-5B73-AD94-C79BA0743FBB,b'/bin/sh /etc/update-motd.d/00-header':0,ta1-theia-1
1557756078.561:23,01E74FB5-9A0E-523A-8703-DC9F34F39EC8:b'run-parts --lsbsysinit /etc/update-motd.d':0,CLONE,7129007E-9E0E-54E0-B9EE-B30109CBD11F,b'/bin/sh /etc/update-motd.d/00-header':0,ta1-theia-1
1557756078.537:27,2024C68A-F19D-513E-8949-33E486834CF2:b'sh -c /usr/bin/env -i PATH=/usr/local/sbin:/usr/local/bin:/usr/sbin:/usr/bin:/sbin:/bin run-parts --lsbsysinit /etc/update-motd.d > /var/run/motd.new':0,CLONE,01E74FB5-9A0E-523A-8703-DC9F34F39EC8,b'run-parts --lsbsysinit /etc/update-motd.d':0,ta1-theia-1
1557756078.536:16,9F5A5C52-1785-56EE-AD33-36DEA74FCF2E:b'sshd: admin [priv]  ':0,CLONE,2024C68A-F19D-513E-8949-33E486834CF2,b'sh -c /usr/bin/env -i PATH=/usr/local/sbin:/usr/local/bin:/usr/sbin:/usr/bin:/sbin:/bin run-parts --lsbsysinit /etc/update-motd.d > /var/run/motd.new':0,ta1-theia-1
1557756078.535:554,3F057A19-9A43-5D14-9B5B-039F4B329D49:b'/usr/sbin/sshd -D':0,CLONE,9F5A5C52-1785-56EE-AD33-36DEA74FCF2E,b'sshd: admin [priv]  ':0,ta1-theia-1
1557756078.120:309,3F057A19-9A43-5D14-9B5B-039F4B329D49:b'/usr/sbin/sshd -D':0,READ,0100D00F-0B00-5800-0000-0000678E005A,/etc/hosts:0,ta1-theia-1
1557756078.120:308,3F057A19-9A43-5D14-9B5B-039F4B329D49:b'/usr/sbin/sshd -D':0,READ,0100D00F-0B00-5800-0000-0000678E005A,/etc/hosts:0,ta1-theia-1
1557756078.120:299,3F057A19-9A43-5D14-9B5B-039F4B329D49:b'/usr/sbin/sshd -D':0,READ,0100D00F-0B00-5800-0000-0000678E005A,/etc/hosts:0,ta1-theia-1
1557756078.073:274,3F057A19-9A43-5D14-9B5B-039F4B329D49:b'/usr/sbin/sshd -D':0,CLONE,41A5DDB1-2B89-5072-B4C4-C25C4F7351B1,b'sshd: [accepted]    ':0,ta1-theia-1
1557756077.527:5317,84053D48-9767-59AE-A797-BAC5E4ED3368:null:null,CLONE,3F057A19-9A43-5D14-9B5B-039F4B329D49,b'/usr/sbin/sshd -D':0,ta1-theia-1
1557756070.284:521558,CC7C9A7F-4BD4-5E0F-88B4-3EA111554703:null:null,READ,0100D00F-0B00-5800-0000-0000678E005A,/etc/hosts:0,ta1-theia-1
1557756070.284:521557,CC7C9A7F-4BD4-5E0F-88B4-3EA111554703:null:null,READ,0100D00F-0B00-5800-0000-0000678E005A,/etc/hosts:0,ta1-theia-1
1557756064.898:521521,CC7C9A7F-4BD4-5E0F-88B4-3EA111554703:null:null,READ,0100D00F-0B00-5800-0000-0000678E005A,/etc/hosts:0,ta1-theia-1
1557756064.898:521520,CC7C9A7F-4BD4-5E0F-88B4-3EA111554703:null:null,READ,0100D00F-0B00-5800-0000-0000678E005A,/etc/hosts:0,ta1-theia-1
1557756048.970:126732,D2254D75-B9E0-55BB-A06C-FF862E97E769:null:null,CLONE,C1F463A1-EE11-5CB0-A0C6-77ADE8AC49A5,b'xscreensaver -no-splash':1003,ta1-theia-1
1557756048.943:139,BAF3C7E5-F177-5889-B9F3-D15E6F626E4B:b'/usr/bin/python /usr/share/apport/apport 189124 11 0':1003,CLONE,767BB278-B17D-5424-BC08-191EBFB849EC,b'/usr/bin/gdbus call -e -d org.gnome.SessionManager -o /org/gnome/SessionManager -m org.gnome.SessionManager.IsSessionRunning':1003,ta1-theia-1
1557756048.936:1214,B4F651AD-7FF2-5BE6-A2F3-151DA2D0602D:b'/usr/bin/python /usr/share/apport/apport 189124 11 0':0,CLONE,BAF3C7E5-F177-5889-B9F3-D15E6F626E4B,b'/usr/bin/python /usr/share/apport/apport 189124 11 0':1003,ta1-theia-1
1557756048.850:126707,D2254D75-B9E0-55BB-A06C-FF862E97E769:null:null,CLONE,78377D9F-ED6A-56ED-8F65-EF6EF649D55C,b'xscreensaver -no-splash':1003,ta1-theia-1
1557756048.728:139,421A99D1-F935-5AE9-8DF2-C517CB59BED4:b'/usr/bin/python /usr/share/apport/apport 189120 11 0':1003,CLONE,021F824E-85A7-56C5-A83F-5B066F6CC5D6,b'/usr/bin/gdbus call -e -d org.gnome.SessionManager -o /org/gnome/SessionManager -m org.gnome.SessionManager.IsSessionRunning':1003,ta1-theia-1
1557756048.721:1214,9A395900-30F8-57BD-92A7-AA0F774F2D13:b'/usr/bin/python /usr/share/apport/apport 189120 11 0':0,CLONE,421A99D1-F935-5AE9-8DF2-C517CB59BED4,b'/usr/bin/python /usr/share/apport/apport 189120 11 0':1003,ta1-theia-1
1557756048.644:126698,D2254D75-B9E0-55BB-A06C-FF862E97E769:null:null,CLONE,458FEE10-414A-5B30-AC46-F57D637E0CFC,b'xscreensaver -no-splash':1003,ta1-theia-1
1557756013.283:521478,CC7C9A7F-4BD4-5E0F-88B4-3EA111554703:null:null,READ,0100D00F-0B00-5800-0000-0000678E005A,/etc/hosts:0,ta1-theia-1
1557756013.283:521477,CC7C9A7F-4BD4-5E0F-88B4-3EA111554703:null:null,READ,0100D00F-0B00-5800-0000-0000678E005A,/etc/hosts:0,ta1-theia-1
1557756004.866:521428,CC7C9A7F-4BD4-5E0F-88B4-3EA111554703:null:null,READ,0100D00F-0B00-5800-0000-0000678E005A,/etc/hosts:0,ta1-theia-1
1557756004.866:521427,CC7C9A7F-4BD4-5E0F-88B4-3EA111554703:null:null,READ,0100D00F-0B00-5800-0000-0000678E005A,/etc/hosts:0,ta1-theia-1
1557755962.946:521388,CC7C9A7F-4BD4-5E0F-88B4-3EA111554703:null:null,READ,0100D00F-0B00-5800-0000-0000678E005A,/etc/hosts:0,ta1-theia-1
1557755962.946:521387,CC7C9A7F-4BD4-5E0F-88B4-3EA111554703:null:null,READ,0100D00F-0B00-5800-0000-0000678E005A,/etc/hosts:0,ta1-theia-1
1557755955.265:15587,94E4DFBD-838C-514F-903B-19CAECEF6F62:null:null,READ,0100D00F-0B00-5800-0000-0000678E005A,/etc/hosts:0,ta1-theia-1
1557755955.265:15586,94E4DFBD-838C-514F-903B-19CAECEF6F62:null:null,READ,0100D00F-0B00-5800-0000-0000678E005A,/etc/hosts:0,ta1-theia-1
1557755955.265:15582,94E4DFBD-838C-514F-903B-19CAECEF6F62:null:null,READ,0100D00F-0B00-5800-0000-0000678E005A,/etc/hosts:0,ta1-theia-1
1557755953.279:521347,CC7C9A7F-4BD4-5E0F-88B4-3EA111554703:null:null,READ,0100D00F-0B00-5800-0000-0000678E005A,/etc/hosts:0,ta1-theia-1
1557755953.279:521346,CC7C9A7F-4BD4-5E0F-88B4-3EA111554703:null:null,READ,0100D00F-0B00-5800-0000-0000678E005A,/etc/hosts:0,ta1-theia-1
1557755944.961:521305,CC7C9A7F-4BD4-5E0F-88B4-3EA111554703:null:null,READ,0100D00F-0B00-5800-0000-0000678E005A,/etc/hosts:0,ta1-theia-1
1557755944.961:521304,CC7C9A7F-4BD4-5E0F-88B4-3EA111554703:null:null,READ,0100D00F-0B00-5800-0000-0000678E005A,/etc/hosts:0,ta1-theia-1
1557755940.970:607,8352667E-8EEB-5818-936D-E34D8269820F:b'/usr/sbin/sshd -D':0,CLONE,70452D95-FDA3-5524-92B5-B97F19067B3B,b'sshd: admin [priv]  ':0,ta1-theia-1
1557755940.821:35,3EA3C73F-47E7-5908-97A8-5BF1DD7D5697:b'sh -c /usr/bin/env -i PATH=/usr/local/sbin:/usr/local/bin:/usr/sbin:/usr/bin:/sbin:/bin run-parts --lsbsysinit /etc/update-motd.d > /var/run/motd.new':0,CLONE,14AAD37F-FE69-5C0E-8E48-B1FAB8369C30,b'run-parts --lsbsysinit /etc/update-motd.d':0,ta1-theia-1
1557755940.757:34,3EA3C73F-47E7-5908-97A8-5BF1DD7D5697:b'sh -c /usr/bin/env -i PATH=/usr/local/sbin:/usr/local/bin:/usr/sbin:/usr/bin:/sbin:/bin run-parts --lsbsysinit /etc/update-motd.d > /var/run/motd.new':0,CLONE,FC834F2D-8748-51B6-8220-4767448FEE8A,b'run-parts --lsbsysinit /etc/update-motd.d':0,ta1-theia-1
1557755940.637:0,4DC25D7C-8169-575D-9EA6-5C440B3CAFCA:b'/bin/sh /usr/lib/update-notifier/update-motd-fsck-at-reboot':0,EXECUTE,0100D00F-9E00-3200-0000-0000B790005A,/bin/cat:0,ta1-theia-1
1557755940.637:43,32524458-FF34-5D2B-A73C-FCF6302558B0:b'run-parts --lsbsysinit /etc/update-motd.d':0,CLONE,4DC25D7C-8169-575D-9EA6-5C440B3CAFCA,b'/bin/sh /usr/lib/update-notifier/update-motd-fsck-at-reboot':0,ta1-theia-1
1557755940.561:40,32524458-FF34-5D2B-A73C-FCF6302558B0:b'run-parts --lsbsysinit /etc/update-motd.d':0,CLONE,76154E66-5123-5A40-B3F6-E8D5035FDCBF,b'/bin/sh /usr/lib/update-notifier/update-motd-fsck-at-reboot':0,ta1-theia-1
1557755940.504:36,32524458-FF34-5D2B-A73C-FCF6302558B0:b'run-parts --lsbsysinit /etc/update-motd.d':0,CLONE,4044C086-8924-52A8-A572-B7458897B20D,b'/bin/sh /usr/lib/update-notifier/update-motd-fsck-at-reboot':0,ta1-theia-1
1557755940.501:33,3EA3C73F-47E7-5908-97A8-5BF1DD7D5697:b'sh -c /usr/bin/env -i PATH=/usr/local/sbin:/usr/local/bin:/usr/sbin:/usr/bin:/sbin:/bin run-parts --lsbsysinit /etc/update-motd.d > /var/run/motd.new':0,CLONE,32524458-FF34-5D2B-A73C-FCF6302558B0,b'run-parts --lsbsysinit /etc/update-motd.d':0,ta1-theia-1
1557755940.338:0,F51A3903-505E-503E-858F-AEFB6DBB6867:b'/bin/sh -e /usr/lib/update-notifier/update-motd-hwe-eol':0,EXECUTE,0100D00F-9E00-3200-0000-0000B790005A,/bin/cat:0,ta1-theia-1
1557755940.337:57,8F7A5DD9-57E6-5374-A922-2EA0323FEAA4:b'run-parts --lsbsysinit /etc/update-motd.d':0,CLONE,F51A3903-505E-503E-858F-AEFB6DBB6867,b'/bin/sh -e /usr/lib/update-notifier/update-motd-hwe-eol':0,ta1-theia-1
1557755940.229:55,8F7A5DD9-57E6-5374-A922-2EA0323FEAA4:b'run-parts --lsbsysinit /etc/update-motd.d':0,CLONE,0F149D6C-04A2-533D-B936-79E13E0DC34D,b'/bin/sh -e /usr/lib/update-notifier/update-motd-hwe-eol':0,ta1-theia-1
1557755940.104:105,F2AE7F7C-FC3A-52C2-BF8D-BB16C96C6B16:b'/bin/sh -e /usr/lib/update-notifier/update-motd-hwe-eol':0,CLONE,AAE7D520-6CCA-5F70-8343-2D6907EC2BBA,b'apt-config shell DpkgStatusDir Dir::State::status':0,ta1-theia-1
1557755940.093:51,8F7A5DD9-57E6-5374-A922-2EA0323FEAA4:b'run-parts --lsbsysinit /etc/update-motd.d':0,CLONE,F2AE7F7C-FC3A-52C2-BF8D-BB16C96C6B16,b'/bin/sh -e /usr/lib/update-notifier/update-motd-hwe-eol':0,ta1-theia-1
1557755939.967:105,74CA3113-90F3-53FC-B077-EDA7EE0490B5:b'/bin/sh -e /usr/lib/update-notifier/update-motd-hwe-eol':0,CLONE,DDB18669-8DD0-5E74-95FA-6AE0D42392A8,b'apt-config shell SourceList Dir::Etc::sourcelist':0,ta1-theia-1
1557755939.961:47,8F7A5DD9-57E6-5374-A922-2EA0323FEAA4:b'run-parts --lsbsysinit /etc/update-motd.d':0,CLONE,74CA3113-90F3-53FC-B077-EDA7EE0490B5,b'/bin/sh -e /usr/lib/update-notifier/update-motd-hwe-eol':0,ta1-theia-1
1557755939.835:105,CA8470A4-F8CA-5D4D-AD97-4060815A0D64:b'/bin/sh -e /usr/lib/update-notifier/update-motd-hwe-eol':0,CLONE,089DFD00-6141-530C-B167-0A7CD9A847DE,b'apt-config shell EtcDir Dir::Etc':0,ta1-theia-1
1557755939.825:43,8F7A5DD9-57E6-5374-A922-2EA0323FEAA4:b'run-parts --lsbsysinit /etc/update-motd.d':0,CLONE,CA8470A4-F8CA-5D4D-AD97-4060815A0D64,b'/bin/sh -e /usr/lib/update-notifier/update-motd-hwe-eol':0,ta1-theia-1
1557755939.698:105,927A6E25-9BB9-5BBE-8115-E16781854BC1:b'/bin/sh -e /usr/lib/update-notifier/update-motd-hwe-eol':0,CLONE,6E6FC3EC-0175-5CE7-9613-FDB0F1BE2C6B,b'apt-config shell ListDir Dir::State::Lists':0,ta1-theia-1
1557755939.689:39,8F7A5DD9-57E6-5374-A922-2EA0323FEAA4:b'run-parts --lsbsysinit /etc/update-motd.d':0,CLONE,927A6E25-9BB9-5BBE-8115-E16781854BC1,b'/bin/sh -e /usr/lib/update-notifier/update-motd-hwe-eol':0,ta1-theia-1
1557755939.587:105,67B6A01F-68CE-5A3E-8202-610519B2D7CC:b'/bin/sh -e /usr/lib/update-notifier/update-motd-hwe-eol':0,CLONE,429E70DC-A4C9-5F19-8F7E-C275451ECFC1,b'apt-config shell StateDir Dir::State':0,ta1-theia-1
1557755939.579:35,8F7A5DD9-57E6-5374-A922-2EA0323FEAA4:b'run-parts --lsbsysinit /etc/update-motd.d':0,CLONE,67B6A01F-68CE-5A3E-8202-610519B2D7CC,b'/bin/sh -e /usr/lib/update-notifier/update-motd-hwe-eol':0,ta1-theia-1
1557755939.577:32,3EA3C73F-47E7-5908-97A8-5BF1DD7D5697:b'sh -c /usr/bin/env -i PATH=/usr/local/sbin:/usr/local/bin:/usr/sbin:/usr/bin:/sbin:/bin run-parts --lsbsysinit /etc/update-motd.d > /var/run/motd.new':0,CLONE,8F7A5DD9-57E6-5374-A922-2EA0323FEAA4,b'run-parts --lsbsysinit /etc/update-motd.d':0,ta1-theia-1
1557755939.465:0,C032A25B-B9BE-5BFB-B05F-98510DC45F48:b'/bin/sh -e /usr/lib/update-manager/release-upgrade-motd':0,EXECUTE,0100D00F-9E00-3200-0000-0000B790005A,/bin/cat:0,ta1-theia-1
1557755939.460:34,49CD7B16-E29A-5322-B915-04AC41FF6F43:b'run-parts --lsbsysinit /etc/update-motd.d':0,CLONE,C032A25B-B9BE-5BFB-B05F-98510DC45F48,b'/bin/sh -e /usr/lib/update-manager/release-upgrade-motd':0,ta1-theia-1
1557755939.457:31,3EA3C73F-47E7-5908-97A8-5BF1DD7D5697:b'sh -c /usr/bin/env -i PATH=/usr/local/sbin:/usr/local/bin:/usr/sbin:/usr/bin:/sbin:/bin run-parts --lsbsysinit /etc/update-motd.d > /var/run/motd.new':0,CLONE,49CD7B16-E29A-5322-B915-04AC41FF6F43,b'run-parts --lsbsysinit /etc/update-motd.d':0,ta1-theia-1
1557755939.197:0,6181C0F7-FAC3-558D-B4AE-2FE114009B51:b'/bin/sh -e /usr/lib/update-notifier/update-motd-updates-available':0,EXECUTE,0100D00F-9E00-3200-0000-0000B790005A,/bin/cat:0,ta1-theia-1
1557755939.197:447,D31AE51F-99E6-5C3D-BA91-DD541134E03B:b'run-parts --lsbsysinit /etc/update-motd.d':0,CLONE,6181C0F7-FAC3-558D-B4AE-2FE114009B51,b'/bin/sh -e /usr/lib/update-notifier/update-motd-updates-available':0,ta1-theia-1
1557755939.145:444,D31AE51F-99E6-5C3D-BA91-DD541134E03B:b'run-parts --lsbsysinit /etc/update-motd.d':0,CLONE,0B756682-70A9-5D0D-A7BB-E0DAB7E7F21D,b'/bin/sh -e /usr/lib/update-notifier/update-motd-updates-available':0,ta1-theia-1
1557755939.012:105,B529CB88-4C71-5D4D-9CD6-23F59A67322E:b'/bin/sh -e /usr/lib/update-notifier/update-motd-updates-available':0,CLONE,EBA01DFF-E3D4-5DF8-9B38-1F83D0E62DBD,b'apt-config shell SourceList Dir::Etc::sourcelist':0,ta1-theia-1
1557755939.005:440,D31AE51F-99E6-5C3D-BA91-DD541134E03B:b'run-parts --lsbsysinit /etc/update-motd.d':0,CLONE,B529CB88-4C71-5D4D-9CD6-23F59A67322E,b'/bin/sh -e /usr/lib/update-notifier/update-motd-updates-available':0,ta1-theia-1
1557755938.875:105,4BC89EB5-FC25-5382-A83D-087D3C1A1298:b'/bin/sh -e /usr/lib/update-notifier/update-motd-updates-available':0,CLONE,CE006665-E312-57C2-82AB-2AF1E32BCB17,b'apt-config shell EtcDir Dir::Etc':0,ta1-theia-1
1557755938.865:436,D31AE51F-99E6-5C3D-BA91-DD541134E03B:b'run-parts --lsbsysinit /etc/update-motd.d':0,CLONE,4BC89EB5-FC25-5382-A83D-087D3C1A1298,b'/bin/sh -e /usr/lib/update-notifier/update-motd-updates-available':0,ta1-theia-1
1557755938.809:432,D31AE51F-99E6-5C3D-BA91-DD541134E03B:b'run-parts --lsbsysinit /etc/update-motd.d':0,CLONE,5FE4C1AF-3E75-5331-BFFB-59AF0174C40D,b'/bin/sh -e /usr/lib/update-notifier/update-motd-updates-available':0,ta1-theia-1
1557755938.753:428,D31AE51F-99E6-5C3D-BA91-DD541134E03B:b'run-parts --lsbsysinit /etc/update-motd.d':0,CLONE,F15ABA6A-DCB1-5D83-9A41-1F1B9C20A618,b'/bin/sh -e /usr/lib/update-notifier/update-motd-updates-available':0,ta1-theia-1
1557755938.705:424,D31AE51F-99E6-5C3D-BA91-DD541134E03B:b'run-parts --lsbsysinit /etc/update-motd.d':0,CLONE,27CB28F2-B83A-583E-8FAF-846C47016AC8,b'/bin/sh -e /usr/lib/update-notifier/update-motd-updates-available':0,ta1-theia-1
1557755938.653:420,D31AE51F-99E6-5C3D-BA91-DD541134E03B:b'run-parts --lsbsysinit /etc/update-motd.d':0,CLONE,031D1936-D372-5988-8507-4EAD047ADFF7,b'/bin/sh -e /usr/lib/update-notifier/update-motd-updates-available':0,ta1-theia-1
1557755938.601:416,D31AE51F-99E6-5C3D-BA91-DD541134E03B:b'run-parts --lsbsysinit /etc/update-motd.d':0,CLONE,D7174CB0-5AB0-5C2C-AF74-4E61E1544DF6,b'/bin/sh -e /usr/lib/update-notifier/update-motd-updates-available':0,ta1-theia-1
1557755938.549:412,D31AE51F-99E6-5C3D-BA91-DD541134E03B:b'run-parts --lsbsysinit /etc/update-motd.d':0,CLONE,737580A8-2170-5B23-B03B-FCE24CDF6E4C,b'/bin/sh -e /usr/lib/update-notifier/update-motd-updates-available':0,ta1-theia-1
1557755938.497:408,D31AE51F-99E6-5C3D-BA91-DD541134E03B:b'run-parts --lsbsysinit /etc/update-motd.d':0,CLONE,42FAABB8-CD78-501C-814D-8628CC196773,b'/bin/sh -e /usr/lib/update-notifier/update-motd-updates-available':0,ta1-theia-1
1557755938.445:404,D31AE51F-99E6-5C3D-BA91-DD541134E03B:b'run-parts --lsbsysinit /etc/update-motd.d':0,CLONE,64C91FE1-40A1-5D2D-AA65-BD99F9FA94F0,b'/bin/sh -e /usr/lib/update-notifier/update-motd-updates-available':0,ta1-theia-1
1557755938.393:400,D31AE51F-99E6-5C3D-BA91-DD541134E03B:b'run-parts --lsbsysinit /etc/update-motd.d':0,CLONE,B1E7BFF6-B967-5CCF-9232-2FF3AAC12821,b'/bin/sh -e /usr/lib/update-notifier/update-motd-updates-available':0,ta1-theia-1
1557755938.341:396,D31AE51F-99E6-5C3D-BA91-DD541134E03B:b'run-parts --lsbsysinit /etc/update-motd.d':0,CLONE,F39C289B-67E7-544D-BECD-584CC0384F02,b'/bin/sh -e /usr/lib/update-notifier/update-motd-updates-available':0,ta1-theia-1
1557755938.289:392,D31AE51F-99E6-5C3D-BA91-DD541134E03B:b'run-parts --lsbsysinit /etc/update-motd.d':0,CLONE,8411AFE0-33EE-567F-A51B-10355EC7D344,b'/bin/sh -e /usr/lib/update-notifier/update-motd-updates-available':0,ta1-theia-1
1557755938.237:388,D31AE51F-99E6-5C3D-BA91-DD541134E03B:b'run-parts --lsbsysinit /etc/update-motd.d':0,CLONE,268D4566-5F85-57FB-BF05-901F29C798C8,b'/bin/sh -e /usr/lib/update-notifier/update-motd-updates-available':0,ta1-theia-1
1557755938.185:384,D31AE51F-99E6-5C3D-BA91-DD541134E03B:b'run-parts --lsbsysinit /etc/update-motd.d':0,CLONE,C81742B9-C1D9-5DC6-93C3-46C061765D95,b'/bin/sh -e /usr/lib/update-notifier/update-motd-updates-available':0,ta1-theia-1
1557755938.121:380,D31AE51F-99E6-5C3D-BA91-DD541134E03B:b'run-parts --lsbsysinit /etc/update-motd.d':0,CLONE,373F7398-5228-5173-9150-33E6EEF62826,b'/bin/sh -e /usr/lib/update-notifier/update-motd-updates-available':0,ta1-theia-1
1557755938.069:376,D31AE51F-99E6-5C3D-BA91-DD541134E03B:b'run-parts --lsbsysinit /etc/update-motd.d':0,CLONE,680C3505-AA6F-5A7A-A92F-A47E1C134DCB,b'/bin/sh -e /usr/lib/update-notifier/update-motd-updates-available':0,ta1-theia-1
1557755938.017:372,D31AE51F-99E6-5C3D-BA91-DD541134E03B:b'run-parts --lsbsysinit /etc/update-motd.d':0,CLONE,A88D19A9-175B-57AD-A848-F7C0E267F168,b'/bin/sh -e /usr/lib/update-notifier/update-motd-updates-available':0,ta1-theia-1
1557755937.965:368,D31AE51F-99E6-5C3D-BA91-DD541134E03B:b'run-parts --lsbsysinit /etc/update-motd.d':0,CLONE,3AE1E022-F769-5CDD-A0A6-CA7E7E0A27A6,b'/bin/sh -e /usr/lib/update-notifier/update-motd-updates-available':0,ta1-theia-1
1557755937.913:364,D31AE51F-99E6-5C3D-BA91-DD541134E03B:b'run-parts --lsbsysinit /etc/update-motd.d':0,CLONE,ACA9B14B-21C5-5CDE-B139-D117718DD395,b'/bin/sh -e /usr/lib/update-notifier/update-motd-updates-available':0,ta1-theia-1
1557755937.861:360,D31AE51F-99E6-5C3D-BA91-DD541134E03B:b'run-parts --lsbsysinit /etc/update-motd.d':0,CLONE,9F2C500C-9014-5AAB-9A76-65CC69D87D23,b'/bin/sh -e /usr/lib/update-notifier/update-motd-updates-available':0,ta1-theia-1
1557755937.809:356,D31AE51F-99E6-5C3D-BA91-DD541134E03B:b'run-parts --lsbsysinit /etc/update-motd.d':0,CLONE,3E6D20EB-5755-529E-A0E0-4DA563EC837B,b'/bin/sh -e /usr/lib/update-notifier/update-motd-updates-available':0,ta1-theia-1
1557755937.757:352,D31AE51F-99E6-5C3D-BA91-DD541134E03B:b'run-parts --lsbsysinit /etc/update-motd.d':0,CLONE,A36A97C6-F908-521A-B99C-7D5118BE536E,b'/bin/sh -e /usr/lib/update-notifier/update-motd-updates-available':0,ta1-theia-1
1557755937.705:348,D31AE51F-99E6-5C3D-BA91-DD541134E03B:b'run-parts --lsbsysinit /etc/update-motd.d':0,CLONE,EB53B804-8FAD-5D83-9692-E23B447017DB,b'/bin/sh -e /usr/lib/update-notifier/update-motd-updates-available':0,ta1-theia-1
1557755937.653:344,D31AE51F-99E6-5C3D-BA91-DD541134E03B:b'run-parts --lsbsysinit /etc/update-motd.d':0,CLONE,F94F7370-0718-5757-913C-5C48F0243E5D,b'/bin/sh -e /usr/lib/update-notifier/update-motd-updates-available':0,ta1-theia-1
1557755937.601:340,D31AE51F-99E6-5C3D-BA91-DD541134E03B:b'run-parts --lsbsysinit /etc/update-motd.d':0,CLONE,5CF4A94E-022D-517D-863F-CEE8CB49089B,b'/bin/sh -e /usr/lib/update-notifier/update-motd-updates-available':0,ta1-theia-1
1557755937.549:336,D31AE51F-99E6-5C3D-BA91-DD541134E03B:b'run-parts --lsbsysinit /etc/update-motd.d':0,CLONE,2C0AD9E2-3E21-572F-9891-CB73B33F18C9,b'/bin/sh -e /usr/lib/update-notifier/update-motd-updates-available':0,ta1-theia-1
1557755937.497:332,D31AE51F-99E6-5C3D-BA91-DD541134E03B:b'run-parts --lsbsysinit /etc/update-motd.d':0,CLONE,E407988A-C03D-58AF-94E3-CD22057BA57D,b'/bin/sh -e /usr/lib/update-notifier/update-motd-updates-available':0,ta1-theia-1
1557755937.445:328,D31AE51F-99E6-5C3D-BA91-DD541134E03B:b'run-parts --lsbsysinit /etc/update-motd.d':0,CLONE,7393972B-1CC7-5EF3-94F2-FDD509A21C05,b'/bin/sh -e /usr/lib/update-notifier/update-motd-updates-available':0,ta1-theia-1
1557755937.393:324,D31AE51F-99E6-5C3D-BA91-DD541134E03B:b'run-parts --lsbsysinit /etc/update-motd.d':0,CLONE,23F5853D-830D-5865-A956-C014A1E656B6,b'/bin/sh -e /usr/lib/update-notifier/update-motd-updates-available':0,ta1-theia-1
1557755937.337:320,D31AE51F-99E6-5C3D-BA91-DD541134E03B:b'run-parts --lsbsysinit /etc/update-motd.d':0,CLONE,9037E47D-1FD0-5E53-8F7D-DE1AE9A16702,b'/bin/sh -e /usr/lib/update-notifier/update-motd-updates-available':0,ta1-theia-1
1557755937.281:316,D31AE51F-99E6-5C3D-BA91-DD541134E03B:b'run-parts --lsbsysinit /etc/update-motd.d':0,CLONE,271B4FDF-695D-52D5-B50E-EB6D35214ACB,b'/bin/sh -e /usr/lib/update-notifier/update-motd-updates-available':0,ta1-theia-1
1557755937.209:312,D31AE51F-99E6-5C3D-BA91-DD541134E03B:b'run-parts --lsbsysinit /etc/update-motd.d':0,CLONE,ACD6C93D-873E-5A1D-8CC6-729AC4803E9B,b'/bin/sh -e /usr/lib/update-notifier/update-motd-updates-available':0,ta1-theia-1
1557755937.157:308,D31AE51F-99E6-5C3D-BA91-DD541134E03B:b'run-parts --lsbsysinit /etc/update-motd.d':0,CLONE,5A9AED5F-4F1A-56D7-8160-504C66FD474D,b'/bin/sh -e /usr/lib/update-notifier/update-motd-updates-available':0,ta1-theia-1
1557755937.105:304,D31AE51F-99E6-5C3D-BA91-DD541134E03B:b'run-parts --lsbsysinit /etc/update-motd.d':0,CLONE,04C321B1-4B72-5087-93F8-12C1943260EC,b'/bin/sh -e /usr/lib/update-notifier/update-motd-updates-available':0,ta1-theia-1
1557755937.053:300,D31AE51F-99E6-5C3D-BA91-DD541134E03B:b'run-parts --lsbsysinit /etc/update-motd.d':0,CLONE,B7B67D33-8DCA-53BA-A89F-F1259F0CC394,b'/bin/sh -e /usr/lib/update-notifier/update-motd-updates-available':0,ta1-theia-1
1557755937.001:296,D31AE51F-99E6-5C3D-BA91-DD541134E03B:b'run-parts --lsbsysinit /etc/update-motd.d':0,CLONE,EFB34764-2684-5F80-8460-358E7E82AF1C,b'/bin/sh -e /usr/lib/update-notifier/update-motd-updates-available':0,ta1-theia-1
1557755936.949:292,D31AE51F-99E6-5C3D-BA91-DD541134E03B:b'run-parts --lsbsysinit /etc/update-motd.d':0,CLONE,D1E52E0E-0258-58B3-8EAA-CE4E7AAAE261,b'/bin/sh -e /usr/lib/update-notifier/update-motd-updates-available':0,ta1-theia-1
1557755936.897:288,D31AE51F-99E6-5C3D-BA91-DD541134E03B:b'run-parts --lsbsysinit /etc/update-motd.d':0,CLONE,C07E285D-9063-503B-98A7-3F2A92D7E2F9,b'/bin/sh -e /usr/lib/update-notifier/update-motd-updates-available':0,ta1-theia-1
1557755936.845:284,D31AE51F-99E6-5C3D-BA91-DD541134E03B:b'run-parts --lsbsysinit /etc/update-motd.d':0,CLONE,60E60358-E593-5D47-A03B-3F76281BC94B,b'/bin/sh -e /usr/lib/update-notifier/update-motd-updates-available':0,ta1-theia-1
1557755936.793:280,D31AE51F-99E6-5C3D-BA91-DD541134E03B:b'run-parts --lsbsysinit /etc/update-motd.d':0,CLONE,2688E77A-CCA1-57F6-84FE-2FA4CA46ED78,b'/bin/sh -e /usr/lib/update-notifier/update-motd-updates-available':0,ta1-theia-1
1557755936.741:276,D31AE51F-99E6-5C3D-BA91-DD541134E03B:b'run-parts --lsbsysinit /etc/update-motd.d':0,CLONE,F79A85C1-D05E-5A82-B296-00E0EC3C7948,b'/bin/sh -e /usr/lib/update-notifier/update-motd-updates-available':0,ta1-theia-1
1557755936.689:272,D31AE51F-99E6-5C3D-BA91-DD541134E03B:b'run-parts --lsbsysinit /etc/update-motd.d':0,CLONE,C097958F-A172-5A5B-A340-6BBF9BF2554D,b'/bin/sh -e /usr/lib/update-notifier/update-motd-updates-available':0,ta1-theia-1
1557755936.637:268,D31AE51F-99E6-5C3D-BA91-DD541134E03B:b'run-parts --lsbsysinit /etc/update-motd.d':0,CLONE,AE1F8A00-15DC-5500-9B34-BF4BE1C01C28,b'/bin/sh -e /usr/lib/update-notifier/update-motd-updates-available':0,ta1-theia-1
1557755936.585:264,D31AE51F-99E6-5C3D-BA91-DD541134E03B:b'run-parts --lsbsysinit /etc/update-motd.d':0,CLONE,A54DAC71-33D0-515F-8E4B-A1274567536D,b'/bin/sh -e /usr/lib/update-notifier/update-motd-updates-available':0,ta1-theia-1
1557755936.533:260,D31AE51F-99E6-5C3D-BA91-DD541134E03B:b'run-parts --lsbsysinit /etc/update-motd.d':0,CLONE,5A77D947-FC51-5AAD-9A57-3D25ABC70CE1,b'/bin/sh -e /usr/lib/update-notifier/update-motd-updates-available':0,ta1-theia-1
1557755936.481:256,D31AE51F-99E6-5C3D-BA91-DD541134E03B:b'run-parts --lsbsysinit /etc/update-motd.d':0,CLONE,22137947-D355-5816-AA3F-89EC4990C54E,b'/bin/sh -e /usr/lib/update-notifier/update-motd-updates-available':0,ta1-theia-1
1557755936.429:252,D31AE51F-99E6-5C3D-BA91-DD541134E03B:b'run-parts --lsbsysinit /etc/update-motd.d':0,CLONE,09CAE148-E32B-568A-AE55-20E7FA9CACE0,b'/bin/sh -e /usr/lib/update-notifier/update-motd-updates-available':0,ta1-theia-1
1557755936.377:248,D31AE51F-99E6-5C3D-BA91-DD541134E03B:b'run-parts --lsbsysinit /etc/update-motd.d':0,CLONE,DAD4F178-AC45-5EFF-A4D2-425D9646DBBB,b'/bin/sh -e /usr/lib/update-notifier/update-motd-updates-available':0,ta1-theia-1
1557755936.317:244,D31AE51F-99E6-5C3D-BA91-DD541134E03B:b'run-parts --lsbsysinit /etc/update-motd.d':0,CLONE,5B614A04-D290-5B8E-A1C6-D2366B54DEE1,b'/bin/sh -e /usr/lib/update-notifier/update-motd-updates-available':0,ta1-theia-1
1557755936.261:240,D31AE51F-99E6-5C3D-BA91-DD541134E03B:b'run-parts --lsbsysinit /etc/update-motd.d':0,CLONE,022FF066-B284-55E4-87E0-76C8C91BFD31,b'/bin/sh -e /usr/lib/update-notifier/update-motd-updates-available':0,ta1-theia-1
1557755936.209:236,D31AE51F-99E6-5C3D-BA91-DD541134E03B:b'run-parts --lsbsysinit /etc/update-motd.d':0,CLONE,CEC4938A-9E32-50CC-817C-12CB7225571C,b'/bin/sh -e /usr/lib/update-notifier/update-motd-updates-available':0,ta1-theia-1
1557755936.157:232,D31AE51F-99E6-5C3D-BA91-DD541134E03B:b'run-parts --lsbsysinit /etc/update-motd.d':0,CLONE,F792CA31-9351-5C5D-A065-5B20BFB6F979,b'/bin/sh -e /usr/lib/update-notifier/update-motd-updates-available':0,ta1-theia-1
1557755936.105:228,D31AE51F-99E6-5C3D-BA91-DD541134E03B:b'run-parts --lsbsysinit /etc/update-motd.d':0,CLONE,3B286DA3-4B15-5B55-91AC-DB33CBA6F8FC,b'/bin/sh -e /usr/lib/update-notifier/update-motd-updates-available':0,ta1-theia-1
1557755936.053:224,D31AE51F-99E6-5C3D-BA91-DD541134E03B:b'run-parts --lsbsysinit /etc/update-motd.d':0,CLONE,D5468277-BDB0-54B2-9151-1028A8197E08,b'/bin/sh -e /usr/lib/update-notifier/update-motd-updates-available':0,ta1-theia-1
1557755936.001:220,D31AE51F-99E6-5C3D-BA91-DD541134E03B:b'run-parts --lsbsysinit /etc/update-motd.d':0,CLONE,87062133-8F85-518B-95B5-EDCCB0149902,b'/bin/sh -e /usr/lib/update-notifier/update-motd-updates-available':0,ta1-theia-1
1557755935.949:216,D31AE51F-99E6-5C3D-BA91-DD541134E03B:b'run-parts --lsbsysinit /etc/update-motd.d':0,CLONE,3B99A984-2154-5376-9EFF-2631B452E89B,b'/bin/sh -e /usr/lib/update-notifier/update-motd-updates-available':0,ta1-theia-1
1557755935.893:212,D31AE51F-99E6-5C3D-BA91-DD541134E03B:b'run-parts --lsbsysinit /etc/update-motd.d':0,CLONE,553AF177-94FC-5723-8DB4-1486A6F34734,b'/bin/sh -e /usr/lib/update-notifier/update-motd-updates-available':0,ta1-theia-1
1557755935.833:208,D31AE51F-99E6-5C3D-BA91-DD541134E03B:b'run-parts --lsbsysinit /etc/update-motd.d':0,CLONE,C8580077-23F4-5023-9A35-F1C95360748D,b'/bin/sh -e /usr/lib/update-notifier/update-motd-updates-available':0,ta1-theia-1
1557755935.773:204,D31AE51F-99E6-5C3D-BA91-DD541134E03B:b'run-parts --lsbsysinit /etc/update-motd.d':0,CLONE,CCFDFC25-F5F2-5BAA-A9DD-A15DA77A7F86,b'/bin/sh -e /usr/lib/update-notifier/update-motd-updates-available':0,ta1-theia-1
1557755935.721:200,D31AE51F-99E6-5C3D-BA91-DD541134E03B:b'run-parts --lsbsysinit /etc/update-motd.d':0,CLONE,74EFE56B-5336-52C7-9685-80158990348E,b'/bin/sh -e /usr/lib/update-notifier/update-motd-updates-available':0,ta1-theia-1
1557755935.669:196,D31AE51F-99E6-5C3D-BA91-DD541134E03B:b'run-parts --lsbsysinit /etc/update-motd.d':0,CLONE,81918F65-5A4B-528D-8E3F-630920065AE2,b'/bin/sh -e /usr/lib/update-notifier/update-motd-updates-available':0,ta1-theia-1
1557755935.617:192,D31AE51F-99E6-5C3D-BA91-DD541134E03B:b'run-parts --lsbsysinit /etc/update-motd.d':0,CLONE,1822FD77-538C-5FB6-950D-A4975D16C5B9,b'/bin/sh -e /usr/lib/update-notifier/update-motd-updates-available':0,ta1-theia-1
1557755935.565:188,D31AE51F-99E6-5C3D-BA91-DD541134E03B:b'run-parts --lsbsysinit /etc/update-motd.d':0,CLONE,C0A74FC5-0C7D-53FB-8E9C-4432E1698064,b'/bin/sh -e /usr/lib/update-notifier/update-motd-updates-available':0,ta1-theia-1
1557755935.513:184,D31AE51F-99E6-5C3D-BA91-DD541134E03B:b'run-parts --lsbsysinit /etc/update-motd.d':0,CLONE,7EF55104-B4B5-5C40-9A9E-B981A3D335A6,b'/bin/sh -e /usr/lib/update-notifier/update-motd-updates-available':0,ta1-theia-1
1557755935.461:180,D31AE51F-99E6-5C3D-BA91-DD541134E03B:b'run-parts --lsbsysinit /etc/update-motd.d':0,CLONE,0D3290DC-1D8A-5E85-AEB1-7F056DBBDC9C,b'/bin/sh -e /usr/lib/update-notifier/update-motd-updates-available':0,ta1-theia-1
1557755935.401:176,D31AE51F-99E6-5C3D-BA91-DD541134E03B:b'run-parts --lsbsysinit /etc/update-motd.d':0,CLONE,4D2B8109-10B5-505A-BE0A-6E1E03808B61,b'/bin/sh -e /usr/lib/update-notifier/update-motd-updates-available':0,ta1-theia-1
1557755935.345:172,D31AE51F-99E6-5C3D-BA91-DD541134E03B:b'run-parts --lsbsysinit /etc/update-motd.d':0,CLONE,00916D3E-5C64-504C-AFE4-0B372B265CBC,b'/bin/sh -e /usr/lib/update-notifier/update-motd-updates-available':0,ta1-theia-1
1557755935.293:168,D31AE51F-99E6-5C3D-BA91-DD541134E03B:b'run-parts --lsbsysinit /etc/update-motd.d':0,CLONE,9B9F266F-D874-56BA-B794-AD5A6C5CDF16,b'/bin/sh -e /usr/lib/update-notifier/update-motd-updates-available':0,ta1-theia-1
1557755935.241:164,D31AE51F-99E6-5C3D-BA91-DD541134E03B:b'run-parts --lsbsysinit /etc/update-motd.d':0,CLONE,249AF950-CB75-50C8-9248-00DEFD42E75E,b'/bin/sh -e /usr/lib/update-notifier/update-motd-updates-available':0,ta1-theia-1
1557755935.189:160,D31AE51F-99E6-5C3D-BA91-DD541134E03B:b'run-parts --lsbsysinit /etc/update-motd.d':0,CLONE,1F824ECC-F11E-5004-8020-0D9017548B1B,b'/bin/sh -e /usr/lib/update-notifier/update-motd-updates-available':0,ta1-theia-1
1557755935.137:156,D31AE51F-99E6-5C3D-BA91-DD541134E03B:b'run-parts --lsbsysinit /etc/update-motd.d':0,CLONE,8B0E82AD-4B02-5710-A9B4-C6B3556EAFCE,b'/bin/sh -e /usr/lib/update-notifier/update-motd-updates-available':0,ta1-theia-1
1557755935.085:152,D31AE51F-99E6-5C3D-BA91-DD541134E03B:b'run-parts --lsbsysinit /etc/update-motd.d':0,CLONE,0878F650-B731-5E77-A5E6-E62D3EB88992,b'/bin/sh -e /usr/lib/update-notifier/update-motd-updates-available':0,ta1-theia-1
1557755935.033:148,D31AE51F-99E6-5C3D-BA91-DD541134E03B:b'run-parts --lsbsysinit /etc/update-motd.d':0,CLONE,9EDC8801-FE05-5621-866D-AB6809C985DB,b'/bin/sh -e /usr/lib/update-notifier/update-motd-updates-available':0,ta1-theia-1
1557755934.981:144,D31AE51F-99E6-5C3D-BA91-DD541134E03B:b'run-parts --lsbsysinit /etc/update-motd.d':0,CLONE,898567BC-F7A2-5FE3-8AF7-A65E17C4C8B3,b'/bin/sh -e /usr/lib/update-notifier/update-motd-updates-available':0,ta1-theia-1
1557755934.929:140,D31AE51F-99E6-5C3D-BA91-DD541134E03B:b'run-parts --lsbsysinit /etc/update-motd.d':0,CLONE,AED26B50-CEDD-57DF-ADE7-368E353D55AF,b'/bin/sh -e /usr/lib/update-notifier/update-motd-updates-available':0,ta1-theia-1
1557755934.877:136,D31AE51F-99E6-5C3D-BA91-DD541134E03B:b'run-parts --lsbsysinit /etc/update-motd.d':0,CLONE,7AF0D398-4FB7-52BB-8A2B-C4DD6AD49DBA,b'/bin/sh -e /usr/lib/update-notifier/update-motd-updates-available':0,ta1-theia-1
1557755934.825:132,D31AE51F-99E6-5C3D-BA91-DD541134E03B:b'run-parts --lsbsysinit /etc/update-motd.d':0,CLONE,4F0884EE-D74D-5E18-BA75-F0E1276E0B62,b'/bin/sh -e /usr/lib/update-notifier/update-motd-updates-available':0,ta1-theia-1
1557755934.773:128,D31AE51F-99E6-5C3D-BA91-DD541134E03B:b'run-parts --lsbsysinit /etc/update-motd.d':0,CLONE,AD7AB1D7-AFF1-51A8-873D-4774ED9995FF,b'/bin/sh -e /usr/lib/update-notifier/update-motd-updates-available':0,ta1-theia-1
1557755934.721:124,D31AE51F-99E6-5C3D-BA91-DD541134E03B:b'run-parts --lsbsysinit /etc/update-motd.d':0,CLONE,D098C629-73DE-57AC-A054-0A327E49197A,b'/bin/sh -e /usr/lib/update-notifier/update-motd-updates-available':0,ta1-theia-1
1557755934.669:120,D31AE51F-99E6-5C3D-BA91-DD541134E03B:b'run-parts --lsbsysinit /etc/update-motd.d':0,CLONE,0E66AC44-2198-5591-BCB3-9BCB08069CA3,b'/bin/sh -e /usr/lib/update-notifier/update-motd-updates-available':0,ta1-theia-1
1557755934.617:116,D31AE51F-99E6-5C3D-BA91-DD541134E03B:b'run-parts --lsbsysinit /etc/update-motd.d':0,CLONE,3FB1F624-FFB4-52D6-A8B9-03CDD5B607A3,b'/bin/sh -e /usr/lib/update-notifier/update-motd-updates-available':0,ta1-theia-1
1557755934.565:112,D31AE51F-99E6-5C3D-BA91-DD541134E03B:b'run-parts --lsbsysinit /etc/update-motd.d':0,CLONE,6D6DC376-0107-5417-AD50-3FD76AD95A62,b'/bin/sh -e /usr/lib/update-notifier/update-motd-updates-available':0,ta1-theia-1
1557755934.505:108,D31AE51F-99E6-5C3D-BA91-DD541134E03B:b'run-parts --lsbsysinit /etc/update-motd.d':0,CLONE,3C6A0F05-70D7-5428-B0AC-CD065A7E020A,b'/bin/sh -e /usr/lib/update-notifier/update-motd-updates-available':0,ta1-theia-1
1557755934.453:104,D31AE51F-99E6-5C3D-BA91-DD541134E03B:b'run-parts --lsbsysinit /etc/update-motd.d':0,CLONE,F0EDFA53-6614-594E-8E59-1B3EB90281A6,b'/bin/sh -e /usr/lib/update-notifier/update-motd-updates-available':0,ta1-theia-1
1557755934.397:100,D31AE51F-99E6-5C3D-BA91-DD541134E03B:b'run-parts --lsbsysinit /etc/update-motd.d':0,CLONE,24ECA7F3-6B4A-50E3-B961-8AC684887612,b'/bin/sh -e /usr/lib/update-notifier/update-motd-updates-available':0,ta1-theia-1
1557755934.338:96,D31AE51F-99E6-5C3D-BA91-DD541134E03B:b'run-parts --lsbsysinit /etc/update-motd.d':0,CLONE,F296E07A-6259-5B2A-9441-D8AC4F364D93,b'/bin/sh -e /usr/lib/update-notifier/update-motd-updates-available':0,ta1-theia-1
1557755934.221:92,D31AE51F-99E6-5C3D-BA91-DD541134E03B:b'run-parts --lsbsysinit /etc/update-motd.d':0,CLONE,99ECF844-F5C6-5255-9BAC-E39E62416363,b'/bin/sh -e /usr/lib/update-notifier/update-motd-updates-available':0,ta1-theia-1
1557755934.169:88,D31AE51F-99E6-5C3D-BA91-DD541134E03B:b'run-parts --lsbsysinit /etc/update-motd.d':0,CLONE,BC5A13EA-FD5B-5AA2-9A67-0C1FC7E8F92B,b'/bin/sh -e /usr/lib/update-notifier/update-motd-updates-available':0,ta1-theia-1
1557755934.117:84,D31AE51F-99E6-5C3D-BA91-DD541134E03B:b'run-parts --lsbsysinit /etc/update-motd.d':0,CLONE,BF957A48-D996-5E14-92F6-F3DD856E1371,b'/bin/sh -e /usr/lib/update-notifier/update-motd-updates-available':0,ta1-theia-1
1557755934.065:80,D31AE51F-99E6-5C3D-BA91-DD541134E03B:b'run-parts --lsbsysinit /etc/update-motd.d':0,CLONE,E2985042-0B11-592D-AEC9-1B5C1A13BF0A,b'/bin/sh -e /usr/lib/update-notifier/update-motd-updates-available':0,ta1-theia-1
1557755934.013:76,D31AE51F-99E6-5C3D-BA91-DD541134E03B:b'run-parts --lsbsysinit /etc/update-motd.d':0,CLONE,949478D5-03ED-52DD-B519-B7CD7D0D8078,b'/bin/sh -e /usr/lib/update-notifier/update-motd-updates-available':0,ta1-theia-1
1557755933.961:72,D31AE51F-99E6-5C3D-BA91-DD541134E03B:b'run-parts --lsbsysinit /etc/update-motd.d':0,CLONE,748DE9E8-3C8A-5DBE-9FC3-FAE0BF9B15DB,b'/bin/sh -e /usr/lib/update-notifier/update-motd-updates-available':0,ta1-theia-1
1557755933.909:68,D31AE51F-99E6-5C3D-BA91-DD541134E03B:b'run-parts --lsbsysinit /etc/update-motd.d':0,CLONE,9BCC4852-E59D-5B79-9A52-9DB656547322,b'/bin/sh -e /usr/lib/update-notifier/update-motd-updates-available':0,ta1-theia-1
1557755933.858:64,D31AE51F-99E6-5C3D-BA91-DD541134E03B:b'run-parts --lsbsysinit /etc/update-motd.d':0,CLONE,00A6E96B-45C1-5109-AF5F-EDB26DFEDBCE,b'/bin/sh -e /usr/lib/update-notifier/update-motd-updates-available':0,ta1-theia-1
1557755933.805:60,D31AE51F-99E6-5C3D-BA91-DD541134E03B:b'run-parts --lsbsysinit /etc/update-motd.d':0,CLONE,C65FAC62-3868-5339-B6CB-3D04A27214D7,b'/bin/sh -e /usr/lib/update-notifier/update-motd-updates-available':0,ta1-theia-1
1557755933.753:56,D31AE51F-99E6-5C3D-BA91-DD541134E03B:b'run-parts --lsbsysinit /etc/update-motd.d':0,CLONE,C3D0FC19-CBFE-517B-BEAD-F80FAD408ECD,b'/bin/sh -e /usr/lib/update-notifier/update-motd-updates-available':0,ta1-theia-1
1557755933.701:52,D31AE51F-99E6-5C3D-BA91-DD541134E03B:b'run-parts --lsbsysinit /etc/update-motd.d':0,CLONE,BD5F20F0-F7CC-50F6-8E11-C5A27ABA5C47,b'/bin/sh -e /usr/lib/update-notifier/update-motd-updates-available':0,ta1-theia-1
1557755933.653:48,D31AE51F-99E6-5C3D-BA91-DD541134E03B:b'run-parts --lsbsysinit /etc/update-motd.d':0,CLONE,89293CCA-BE7F-5CD3-A4CE-67900158B803,b'/bin/sh -e /usr/lib/update-notifier/update-motd-updates-available':0,ta1-theia-1
1557755933.531:105,1DBF7C3E-6635-59AD-ACDA-95D54EFB1FEE:b'/bin/sh -e /usr/lib/update-notifier/update-motd-updates-available':0,CLONE,61EAA360-660C-51B6-BE66-AC56BC02401C,b'apt-config shell ListDir Dir::State::Lists':0,ta1-theia-1
1557755933.517:43,D31AE51F-99E6-5C3D-BA91-DD541134E03B:b'run-parts --lsbsysinit /etc/update-motd.d':0,CLONE,1DBF7C3E-6635-59AD-ACDA-95D54EFB1FEE,b'/bin/sh -e /usr/lib/update-notifier/update-motd-updates-available':0,ta1-theia-1
1557755933.390:105,D8912D0D-6340-5D6F-B748-126B78B84EC5:b'/bin/sh -e /usr/lib/update-notifier/update-motd-updates-available':0,CLONE,0866A0CE-0254-596A-841D-B090623989A7,b'apt-config shell StateDir Dir::State':0,ta1-theia-1
1557755933.385:39,D31AE51F-99E6-5C3D-BA91-DD541134E03B:b'run-parts --lsbsysinit /etc/update-motd.d':0,CLONE,D8912D0D-6340-5D6F-B748-126B78B84EC5,b'/bin/sh -e /usr/lib/update-notifier/update-motd-updates-available':0,ta1-theia-1
1557755933.356:35,D31AE51F-99E6-5C3D-BA91-DD541134E03B:b'run-parts --lsbsysinit /etc/update-motd.d':0,CLONE,99022BDF-6943-582D-A571-5D99C00130AC,b'/bin/sh -e /usr/lib/update-notifier/update-motd-updates-available':0,ta1-theia-1
1557755933.353:30,3EA3C73F-47E7-5908-97A8-5BF1DD7D5697:b'sh -c /usr/bin/env -i PATH=/usr/local/sbin:/usr/local/bin:/usr/sbin:/usr/bin:/sbin:/bin run-parts --lsbsysinit /etc/update-motd.d > /var/run/motd.new':0,CLONE,D31AE51F-99E6-5C3D-BA91-DD541134E03B,b'run-parts --lsbsysinit /etc/update-motd.d':0,ta1-theia-1
1557755932.835:4,C2812209-7085-5449-85A0-CEB6FA786889:b'/usr/bin/python /usr/bin/landscape-sysinfo':0,EXECUTE,0100D00F-C326-0C00-0000-0000B790005A,/usr/bin/who:0,ta1-theia-1
1557755932.829:5054,C21BE540-C95F-5A2E-B75C-6F8FE673A72F:b'/bin/sh /etc/update-motd.d/50-landscape-sysinfo':0,CLONE,C2812209-7085-5449-85A0-CEB6FA786889,b'/usr/bin/python /usr/bin/landscape-sysinfo':0,ta1-theia-1
1557755931.837:1903,C21BE540-C95F-5A2E-B75C-6F8FE673A72F:b'/bin/sh /etc/update-motd.d/50-landscape-sysinfo':0,CLONE,1A659807-655C-504F-AD0B-16EFDC44F9FD,b'/usr/bin/python /usr/bin/landscape-sysinfo':0,ta1-theia-1
1557755931.480:16,2B9D4BEB-D832-51FC-9DAE-C32D7282FDD8:b'/usr/bin/python /usr/bin/landscape-sysinfo':0,CLONE,877948EC-0CC9-5AAD-8E79-B8C142A317AC,b'sh -c /sbin/ldconfig -p 2>/dev/null':0,ta1-theia-1
1557755931.478:1732,C21BE540-C95F-5A2E-B75C-6F8FE673A72F:b'/bin/sh /etc/update-motd.d/50-landscape-sysinfo':0,CLONE,2B9D4BEB-D832-51FC-9DAE-C32D7282FDD8,b'/usr/bin/python /usr/bin/landscape-sysinfo':0,ta1-theia-1
1557755931.378:16,48155B9A-D308-5A5E-BC98-BF812C0EC6EF:b'/usr/bin/python /usr/bin/landscape-sysinfo':0,CLONE,1BF0E8A9-CA4F-5AA8-94FC-C16E9E969592,b'sh -c /sbin/ldconfig -p 2>/dev/null':0,ta1-theia-1
1557755931.377:1707,C21BE540-C95F-5A2E-B75C-6F8FE673A72F:b'/bin/sh /etc/update-motd.d/50-landscape-sysinfo':0,CLONE,48155B9A-D308-5A5E-BC98-BF812C0EC6EF,b'/usr/bin/python /usr/bin/landscape-sysinfo':0,ta1-theia-1
1557755930.725:29,3D3D8038-213E-5C97-932F-98A5E23E35FB:b'run-parts --lsbsysinit /etc/update-motd.d':0,CLONE,C21BE540-C95F-5A2E-B75C-6F8FE673A72F,b'/bin/sh /etc/update-motd.d/50-landscape-sysinfo':0,ta1-theia-1
1557755930.723:27,3D3D8038-213E-5C97-932F-98A5E23E35FB:b'run-parts --lsbsysinit /etc/update-motd.d':0,CLONE,11AEB2EA-9638-566E-80C6-0DD3BED45E57,b'/bin/sh /etc/update-motd.d/50-landscape-sysinfo':0,ta1-theia-1
1557755930.704:1,71DA3D9E-6E10-58E7-82AB-1C6E1004455D:b'/bin/sh /etc/update-motd.d/50-landscape-sysinfo':0,CLONE,1223D5A9-A5C2-5A78-8ED7-9A6E3C86A916,b'/bin/sh /etc/update-motd.d/50-landscape-sysinfo':0,ta1-theia-1
1557755930.703:2,EDD19764-310D-5109-8859-BE5AB2AB3C40:b'/bin/sh /etc/update-motd.d/50-landscape-sysinfo':0,CLONE,23220F01-9201-59C1-BAAF-B600BFD32CA4,b'/bin/sh /etc/update-motd.d/50-landscape-sysinfo':0,ta1-theia-1
1557755930.703:1,EDD19764-310D-5109-8859-BE5AB2AB3C40:b'/bin/sh /etc/update-motd.d/50-landscape-sysinfo':0,CLONE,71DA3D9E-6E10-58E7-82AB-1C6E1004455D,b'/bin/sh /etc/update-motd.d/50-landscape-sysinfo':0,ta1-theia-1
1557755930.703:22,3D3D8038-213E-5C97-932F-98A5E23E35FB:b'run-parts --lsbsysinit /etc/update-motd.d':0,CLONE,EDD19764-310D-5109-8859-BE5AB2AB3C40,b'/bin/sh /etc/update-motd.d/50-landscape-sysinfo':0,ta1-theia-1
1557755930.701:18,3D3D8038-213E-5C97-932F-98A5E23E35FB:b'run-parts --lsbsysinit /etc/update-motd.d':0,CLONE,9B794E8A-70E9-571C-8AA7-E32B5C2E7C71,b'/bin/sh /etc/update-motd.d/50-landscape-sysinfo':0,ta1-theia-1
1557755930.678:29,3EA3C73F-47E7-5908-97A8-5BF1DD7D5697:b'sh -c /usr/bin/env -i PATH=/usr/local/sbin:/usr/local/bin:/usr/sbin:/usr/bin:/sbin:/bin run-parts --lsbsysinit /etc/update-motd.d > /var/run/motd.new':0,CLONE,3D3D8038-213E-5C97-932F-98A5E23E35FB,b'run-parts --lsbsysinit /etc/update-motd.d':0,ta1-theia-1
1557755930.654:24,8BEA49DA-BBC6-5710-8A17-65980E8AB8AB:b'run-parts --lsbsysinit /etc/update-motd.d':0,CLONE,72F63B56-875D-55B8-BEB7-9A0620897301,b'/bin/sh /etc/update-motd.d/10-help-text':0,ta1-theia-1
1557755930.654:23,8BEA49DA-BBC6-5710-8A17-65980E8AB8AB:b'run-parts --lsbsysinit /etc/update-motd.d':0,CLONE,0C25B74B-81EA-5884-8411-9339E60E604D,b'/bin/sh /etc/update-motd.d/10-help-text':0,ta1-theia-1
1557755930.653:28,3EA3C73F-47E7-5908-97A8-5BF1DD7D5697:b'sh -c /usr/bin/env -i PATH=/usr/local/sbin:/usr/local/bin:/usr/sbin:/usr/bin:/sbin:/bin run-parts --lsbsysinit /etc/update-motd.d > /var/run/motd.new':0,CLONE,8BEA49DA-BBC6-5710-8A17-65980E8AB8AB,b'run-parts --lsbsysinit /etc/update-motd.d':0,ta1-theia-1
1557755930.633:31,996DE9C9-D69F-5EE1-9BF8-52D527723C87:b'run-parts --lsbsysinit /etc/update-motd.d':0,CLONE,03261EBC-4A82-5298-B7C1-4AD1EE9A12CD,b'/bin/sh /etc/update-motd.d/00-header':0,ta1-theia-1
1557755930.631:27,996DE9C9-D69F-5EE1-9BF8-52D527723C87:b'run-parts --lsbsysinit /etc/update-motd.d':0,CLONE,DC2A8B7F-527F-5C46-8925-9C2E4AAEE3A0,b'/bin/sh /etc/update-motd.d/00-header':0,ta1-theia-1
1557755930.628:23,996DE9C9-D69F-5EE1-9BF8-52D527723C87:b'run-parts --lsbsysinit /etc/update-motd.d':0,CLONE,CD66863B-80CD-5B0C-91F8-96C9DAB9C54F,b'/bin/sh /etc/update-motd.d/00-header':0,ta1-theia-1
1557755930.624:27,3EA3C73F-47E7-5908-97A8-5BF1DD7D5697:b'sh -c /usr/bin/env -i PATH=/usr/local/sbin:/usr/local/bin:/usr/sbin:/usr/bin:/sbin:/bin run-parts --lsbsysinit /etc/update-motd.d > /var/run/motd.new':0,CLONE,996DE9C9-D69F-5EE1-9BF8-52D527723C87,b'run-parts --lsbsysinit /etc/update-motd.d':0,ta1-theia-1
1557755930.622:16,274E9DB0-6E15-5B2C-840B-4915EA21E21A:b'sshd: admin [priv]  ':0,CLONE,3EA3C73F-47E7-5908-97A8-5BF1DD7D5697,b'sh -c /usr/bin/env -i PATH=/usr/local/sbin:/usr/local/bin:/usr/sbin:/usr/bin:/sbin:/bin run-parts --lsbsysinit /etc/update-motd.d > /var/run/motd.new':0,ta1-theia-1
1557755930.615:554,8352667E-8EEB-5818-936D-E34D8269820F:b'/usr/sbin/sshd -D':0,CLONE,274E9DB0-6E15-5B2C-840B-4915EA21E21A,b'sshd: admin [priv]  ':0,ta1-theia-1
1557755930.095:309,8352667E-8EEB-5818-936D-E34D8269820F:b'/usr/sbin/sshd -D':0,READ,0100D00F-0B00-5800-0000-0000678E005A,/etc/hosts:0,ta1-theia-1
1557755930.095:308,8352667E-8EEB-5818-936D-E34D8269820F:b'/usr/sbin/sshd -D':0,READ,0100D00F-0B00-5800-0000-0000678E005A,/etc/hosts:0,ta1-theia-1
1557755930.094:299,8352667E-8EEB-5818-936D-E34D8269820F:b'/usr/sbin/sshd -D':0,READ,0100D00F-0B00-5800-0000-0000678E005A,/etc/hosts:0,ta1-theia-1
1557755930.065:15575,94E4DFBD-838C-514F-903B-19CAECEF6F62:null:null,READ,0100D00F-0B00-5800-0000-0000678E005A,/etc/hosts:0,ta1-theia-1
1557755930.065:15574,94E4DFBD-838C-514F-903B-19CAECEF6F62:null:null,READ,0100D00F-0B00-5800-0000-0000678E005A,/etc/hosts:0,ta1-theia-1
1557755930.065:15570,94E4DFBD-838C-514F-903B-19CAECEF6F62:null:null,READ,0100D00F-0B00-5800-0000-0000678E005A,/etc/hosts:0,ta1-theia-1
1557755930.049:274,8352667E-8EEB-5818-936D-E34D8269820F:b'/usr/sbin/sshd -D':0,CLONE,7D71A10E-022F-5FF4-B569-EB3FE993AD79,b'sshd: [accepted]    ':0,ta1-theia-1
1557755929.266:5310,84053D48-9767-59AE-A797-BAC5E4ED3368:null:null,CLONE,8352667E-8EEB-5818-936D-E34D8269820F,b'/usr/sbin/sshd -D':0,ta1-theia-1
1557755923.279:521280,CC7C9A7F-4BD4-5E0F-88B4-3EA111554703:null:null,READ,0100D00F-0B00-5800-0000-0000678E005A,/etc/hosts:0,ta1-theia-1
1557755923.278:521279,CC7C9A7F-4BD4-5E0F-88B4-3EA111554703:null:null,READ,0100D00F-0B00-5800-0000-0000678E005A,/etc/hosts:0,ta1-theia-1
1557755914.883:521235,CC7C9A7F-4BD4-5E0F-88B4-3EA111554703:null:null,READ,0100D00F-0B00-5800-0000-0000678E005A,/etc/hosts:0,ta1-theia-1
1557755914.883:521234,CC7C9A7F-4BD4-5E0F-88B4-3EA111554703:null:null,READ,0100D00F-0B00-5800-0000-0000678E005A,/etc/hosts:0,ta1-theia-1
1557755876.280:521175,CC7C9A7F-4BD4-5E0F-88B4-3EA111554703:null:null,READ,0100D00F-0B00-5800-0000-0000678E005A,/etc/hosts:0,ta1-theia-1
1557755876.280:521174,CC7C9A7F-4BD4-5E0F-88B4-3EA111554703:null:null,READ,0100D00F-0B00-5800-0000-0000678E005A,/etc/hosts:0,ta1-theia-1
1557755867.276:521110,CC7C9A7F-4BD4-5E0F-88B4-3EA111554703:null:null,READ,0100D00F-0B00-5800-0000-0000678E005A,/etc/hosts:0,ta1-theia-1
1557755867.276:521109,CC7C9A7F-4BD4-5E0F-88B4-3EA111554703:null:null,READ,0100D00F-0B00-5800-0000-0000678E005A,/etc/hosts:0,ta1-theia-1
1557755858.273:521069,CC7C9A7F-4BD4-5E0F-88B4-3EA111554703:null:null,READ,0100D00F-0B00-5800-0000-0000678E005A,/etc/hosts:0,ta1-theia-1
1557755858.273:521068,CC7C9A7F-4BD4-5E0F-88B4-3EA111554703:null:null,READ,0100D00F-0B00-5800-0000-0000678E005A,/etc/hosts:0,ta1-theia-1
1557755852.812:521039,CC7C9A7F-4BD4-5E0F-88B4-3EA111554703:null:null,READ,0100D00F-0B00-5800-0000-0000678E005A,/etc/hosts:0,ta1-theia-1
1557755852.812:521038,CC7C9A7F-4BD4-5E0F-88B4-3EA111554703:null:null,READ,0100D00F-0B00-5800-0000-0000678E005A,/etc/hosts:0,ta1-theia-1
1557755824.704:520998,CC7C9A7F-4BD4-5E0F-88B4-3EA111554703:null:null,READ,0100D00F-0B00-5800-0000-0000678E005A,/etc/hosts:0,ta1-theia-1
1557755824.704:520997,CC7C9A7F-4BD4-5E0F-88B4-3EA111554703:null:null,READ,0100D00F-0B00-5800-0000-0000678E005A,/etc/hosts:0,ta1-theia-1
1557755804.350:520957,CC7C9A7F-4BD4-5E0F-88B4-3EA111554703:null:null,READ,0100D00F-0B00-5800-0000-0000678E005A,/etc/hosts:0,ta1-theia-1
1557755804.350:520956,CC7C9A7F-4BD4-5E0F-88B4-3EA111554703:null:null,READ,0100D00F-0B00-5800-0000-0000678E005A,/etc/hosts:0,ta1-theia-1
1557755773.279:520916,CC7C9A7F-4BD4-5E0F-88B4-3EA111554703:null:null,READ,0100D00F-0B00-5800-0000-0000678E005A,/etc/hosts:0,ta1-theia-1
1557755773.279:520915,CC7C9A7F-4BD4-5E0F-88B4-3EA111554703:null:null,READ,0100D00F-0B00-5800-0000-0000678E005A,/etc/hosts:0,ta1-theia-1
1557755764.865:520874,CC7C9A7F-4BD4-5E0F-88B4-3EA111554703:null:null,READ,0100D00F-0B00-5800-0000-0000678E005A,/etc/hosts:0,ta1-theia-1
1557755764.865:520873,CC7C9A7F-4BD4-5E0F-88B4-3EA111554703:null:null,READ,0100D00F-0B00-5800-0000-0000678E005A,/etc/hosts:0,ta1-theia-1
1557755747.274:520849,CC7C9A7F-4BD4-5E0F-88B4-3EA111554703:null:null,READ,0100D00F-0B00-5800-0000-0000678E005A,/etc/hosts:0,ta1-theia-1
1557755747.274:520848,CC7C9A7F-4BD4-5E0F-88B4-3EA111554703:null:null,READ,0100D00F-0B00-5800-0000-0000678E005A,/etc/hosts:0,ta1-theia-1
1557755739.270:520812,CC7C9A7F-4BD4-5E0F-88B4-3EA111554703:null:null,READ,0100D00F-0B00-5800-0000-0000678E005A,/etc/hosts:0,ta1-theia-1
1557755739.270:520811,CC7C9A7F-4BD4-5E0F-88B4-3EA111554703:null:null,READ,0100D00F-0B00-5800-0000-0000678E005A,/etc/hosts:0,ta1-theia-1
1557755734.868:520787,CC7C9A7F-4BD4-5E0F-88B4-3EA111554703:null:null,READ,0100D00F-0B00-5800-0000-0000678E005A,/etc/hosts:0,ta1-theia-1
1557755734.868:520786,CC7C9A7F-4BD4-5E0F-88B4-3EA111554703:null:null,READ,0100D00F-0B00-5800-0000-0000678E005A,/etc/hosts:0,ta1-theia-1
1557755712.274:520746,CC7C9A7F-4BD4-5E0F-88B4-3EA111554703:null:null,READ,0100D00F-0B00-5800-0000-0000678E005A,/etc/hosts:0,ta1-theia-1
1557755712.274:520745,CC7C9A7F-4BD4-5E0F-88B4-3EA111554703:null:null,READ,0100D00F-0B00-5800-0000-0000678E005A,/etc/hosts:0,ta1-theia-1
1557755704.961:520709,CC7C9A7F-4BD4-5E0F-88B4-3EA111554703:null:null,READ,0100D00F-0B00-5800-0000-0000678E005A,/etc/hosts:0,ta1-theia-1
1557755704.961:520708,CC7C9A7F-4BD4-5E0F-88B4-3EA111554703:null:null,READ,0100D00F-0B00-5800-0000-0000678E005A,/etc/hosts:0,ta1-theia-1
1557755696.661:520684,CC7C9A7F-4BD4-5E0F-88B4-3EA111554703:null:null,READ,0100D00F-0B00-5800-0000-0000678E005A,/etc/hosts:0,ta1-theia-1
1557755696.661:520683,CC7C9A7F-4BD4-5E0F-88B4-3EA111554703:null:null,READ,0100D00F-0B00-5800-0000-0000678E005A,/etc/hosts:0,ta1-theia-1
1557755683.274:520643,CC7C9A7F-4BD4-5E0F-88B4-3EA111554703:null:null,READ,0100D00F-0B00-5800-0000-0000678E005A,/etc/hosts:0,ta1-theia-1
1557755683.274:520642,CC7C9A7F-4BD4-5E0F-88B4-3EA111554703:null:null,READ,0100D00F-0B00-5800-0000-0000678E005A,/etc/hosts:0,ta1-theia-1
1557755674.882:520602,CC7C9A7F-4BD4-5E0F-88B4-3EA111554703:null:null,READ,0100D00F-0B00-5800-0000-0000678E005A,/etc/hosts:0,ta1-theia-1
1557755674.882:520601,CC7C9A7F-4BD4-5E0F-88B4-3EA111554703:null:null,READ,0100D00F-0B00-5800-0000-0000678E005A,/etc/hosts:0,ta1-theia-1
1557755642.585:520572,CC7C9A7F-4BD4-5E0F-88B4-3EA111554703:null:null,READ,0100D00F-0B00-5800-0000-0000678E005A,/etc/hosts:0,ta1-theia-1
1557755642.585:520571,CC7C9A7F-4BD4-5E0F-88B4-3EA111554703:null:null,READ,0100D00F-0B00-5800-0000-0000678E005A,/etc/hosts:0,ta1-theia-1
1557755623.270:520531,CC7C9A7F-4BD4-5E0F-88B4-3EA111554703:null:null,READ,0100D00F-0B00-5800-0000-0000678E005A,/etc/hosts:0,ta1-theia-1
1557755623.270:520530,CC7C9A7F-4BD4-5E0F-88B4-3EA111554703:null:null,READ,0100D00F-0B00-5800-0000-0000678E005A,/etc/hosts:0,ta1-theia-1
1557755614.914:520490,CC7C9A7F-4BD4-5E0F-88B4-3EA111554703:null:null,READ,0100D00F-0B00-5800-0000-0000678E005A,/etc/hosts:0,ta1-theia-1
1557755614.914:520489,CC7C9A7F-4BD4-5E0F-88B4-3EA111554703:null:null,READ,0100D00F-0B00-5800-0000-0000678E005A,/etc/hosts:0,ta1-theia-1
1557755568.491:520445,CC7C9A7F-4BD4-5E0F-88B4-3EA111554703:null:null,READ,0100D00F-0B00-5800-0000-0000678E005A,/etc/hosts:0,ta1-theia-1
1557755568.491:520444,CC7C9A7F-4BD4-5E0F-88B4-3EA111554703:null:null,READ,0100D00F-0B00-5800-0000-0000678E005A,/etc/hosts:0,ta1-theia-1
1557755559.252:520399,CC7C9A7F-4BD4-5E0F-88B4-3EA111554703:null:null,READ,0100D00F-0B00-5800-0000-0000678E005A,/etc/hosts:0,ta1-theia-1
1557755559.252:520398,CC7C9A7F-4BD4-5E0F-88B4-3EA111554703:null:null,READ,0100D00F-0B00-5800-0000-0000678E005A,/etc/hosts:0,ta1-theia-1
1557755554.946:520363,CC7C9A7F-4BD4-5E0F-88B4-3EA111554703:null:null,READ,0100D00F-0B00-5800-0000-0000678E005A,/etc/hosts:0,ta1-theia-1
1557755554.946:520362,CC7C9A7F-4BD4-5E0F-88B4-3EA111554703:null:null,READ,0100D00F-0B00-5800-0000-0000678E005A,/etc/hosts:0,ta1-theia-1
1557755529.253:520333,CC7C9A7F-4BD4-5E0F-88B4-3EA111554703:null:null,READ,0100D00F-0B00-5800-0000-0000678E005A,/etc/hosts:0,ta1-theia-1
1557755529.253:520332,CC7C9A7F-4BD4-5E0F-88B4-3EA111554703:null:null,READ,0100D00F-0B00-5800-0000-0000678E005A,/etc/hosts:0,ta1-theia-1
1557755524.866:520297,CC7C9A7F-4BD4-5E0F-88B4-3EA111554703:null:null,READ,0100D00F-0B00-5800-0000-0000678E005A,/etc/hosts:0,ta1-theia-1
1557755524.866:520296,CC7C9A7F-4BD4-5E0F-88B4-3EA111554703:null:null,READ,0100D00F-0B00-5800-0000-0000678E005A,/etc/hosts:0,ta1-theia-1
1557755505.770:607,AEED92AE-6871-568D-8D16-71AC64935123:b'/usr/sbin/sshd -D':0,CLONE,B3F23109-CB67-50D4-94CB-63996F2474CF,b'sshd: admin [priv]  ':0,ta1-theia-1
1557755505.625:35,CDA1B7CD-D24F-5883-9333-2C3ABF8A3B0D:b'sh -c /usr/bin/env -i PATH=/usr/local/sbin:/usr/local/bin:/usr/sbin:/usr/bin:/sbin:/bin run-parts --lsbsysinit /etc/update-motd.d > /var/run/motd.new':0,CLONE,2844F38E-4118-5DC1-AC65-207E5BB986CD,b'run-parts --lsbsysinit /etc/update-motd.d':0,ta1-theia-1
1557755505.557:34,CDA1B7CD-D24F-5883-9333-2C3ABF8A3B0D:b'sh -c /usr/bin/env -i PATH=/usr/local/sbin:/usr/local/bin:/usr/sbin:/usr/bin:/sbin:/bin run-parts --lsbsysinit /etc/update-motd.d > /var/run/motd.new':0,CLONE,9C43A91F-494A-5591-B6CB-B3516065ABC5,b'run-parts --lsbsysinit /etc/update-motd.d':0,ta1-theia-1
1557755505.442:0,BF39636C-A534-59C5-8874-76DCD44E5257:b'/bin/sh /usr/lib/update-notifier/update-motd-fsck-at-reboot':0,EXECUTE,0100D00F-9E00-3200-0000-0000B790005A,/bin/cat:0,ta1-theia-1
1557755505.441:43,3DB7EA6D-B374-5C54-94F2-BD3C2D610A0E:b'run-parts --lsbsysinit /etc/update-motd.d':0,CLONE,BF39636C-A534-59C5-8874-76DCD44E5257,b'/bin/sh /usr/lib/update-notifier/update-motd-fsck-at-reboot':0,ta1-theia-1
1557755505.361:40,3DB7EA6D-B374-5C54-94F2-BD3C2D610A0E:b'run-parts --lsbsysinit /etc/update-motd.d':0,CLONE,26749AE8-A83A-50CB-8F38-B46895B6025B,b'/bin/sh /usr/lib/update-notifier/update-motd-fsck-at-reboot':0,ta1-theia-1
1557755505.327:36,3DB7EA6D-B374-5C54-94F2-BD3C2D610A0E:b'run-parts --lsbsysinit /etc/update-motd.d':0,CLONE,361ACE57-79A5-5EEF-A474-9A5C67FD0BE2,b'/bin/sh /usr/lib/update-notifier/update-motd-fsck-at-reboot':0,ta1-theia-1
1557755505.321:33,CDA1B7CD-D24F-5883-9333-2C3ABF8A3B0D:b'sh -c /usr/bin/env -i PATH=/usr/local/sbin:/usr/local/bin:/usr/sbin:/usr/bin:/sbin:/bin run-parts --lsbsysinit /etc/update-motd.d > /var/run/motd.new':0,CLONE,3DB7EA6D-B374-5C54-94F2-BD3C2D610A0E,b'run-parts --lsbsysinit /etc/update-motd.d':0,ta1-theia-1
1557755505.193:0,D7A37CBD-4341-5D36-BE58-8534053B2EAE:b'/bin/sh -e /usr/lib/update-notifier/update-motd-hwe-eol':0,EXECUTE,0100D00F-9E00-3200-0000-0000B790005A,/bin/cat:0,ta1-theia-1
1557755505.193:57,F4711BA3-7DCD-530E-AA61-EA4FDAF0DE46:b'run-parts --lsbsysinit /etc/update-motd.d':0,CLONE,D7A37CBD-4341-5D36-BE58-8534053B2EAE,b'/bin/sh -e /usr/lib/update-notifier/update-motd-hwe-eol':0,ta1-theia-1
1557755505.097:55,F4711BA3-7DCD-530E-AA61-EA4FDAF0DE46:b'run-parts --lsbsysinit /etc/update-motd.d':0,CLONE,2DE16162-9896-58A5-B112-02CC96A8BB00,b'/bin/sh -e /usr/lib/update-notifier/update-motd-hwe-eol':0,ta1-theia-1
1557755504.971:105,06EA4988-FD8B-5349-AF57-A4D8F22D5A8D:b'/bin/sh -e /usr/lib/update-notifier/update-motd-hwe-eol':0,CLONE,A83A2EBD-97B1-5E1E-9343-6C527434DF0C,b'apt-config shell DpkgStatusDir Dir::State::status':0,ta1-theia-1
1557755504.965:51,F4711BA3-7DCD-530E-AA61-EA4FDAF0DE46:b'run-parts --lsbsysinit /etc/update-motd.d':0,CLONE,06EA4988-FD8B-5349-AF57-A4D8F22D5A8D,b'/bin/sh -e /usr/lib/update-notifier/update-motd-hwe-eol':0,ta1-theia-1
1557755504.836:105,7E8DEF83-378D-5BDF-A293-EB0FEEFE21DF:b'/bin/sh -e /usr/lib/update-notifier/update-motd-hwe-eol':0,CLONE,770EC0E3-2D1D-5D15-8A0B-6FA0077D7408,b'apt-config shell SourceList Dir::Etc::sourcelist':0,ta1-theia-1
1557755504.825:47,F4711BA3-7DCD-530E-AA61-EA4FDAF0DE46:b'run-parts --lsbsysinit /etc/update-motd.d':0,CLONE,7E8DEF83-378D-5BDF-A293-EB0FEEFE21DF,b'/bin/sh -e /usr/lib/update-notifier/update-motd-hwe-eol':0,ta1-theia-1
1557755504.714:105,9A0F2E74-3D70-551A-8E18-4B89DBF17A78:b'/bin/sh -e /usr/lib/update-notifier/update-motd-hwe-eol':0,CLONE,8DF35274-EB49-54B8-81EB-52605736D4AE,b'apt-config shell EtcDir Dir::Etc':0,ta1-theia-1
1557755504.697:43,F4711BA3-7DCD-530E-AA61-EA4FDAF0DE46:b'run-parts --lsbsysinit /etc/update-motd.d':0,CLONE,9A0F2E74-3D70-551A-8E18-4B89DBF17A78,b'/bin/sh -e /usr/lib/update-notifier/update-motd-hwe-eol':0,ta1-theia-1
1557755504.588:105,1ECA8B3A-CA60-52F1-A9F7-C578A836DBA0:b'/bin/sh -e /usr/lib/update-notifier/update-motd-hwe-eol':0,CLONE,21B2E414-3561-5051-A830-FC465A21BB24,b'apt-config shell ListDir Dir::State::Lists':0,ta1-theia-1
1557755504.581:39,F4711BA3-7DCD-530E-AA61-EA4FDAF0DE46:b'run-parts --lsbsysinit /etc/update-motd.d':0,CLONE,1ECA8B3A-CA60-52F1-A9F7-C578A836DBA0,b'/bin/sh -e /usr/lib/update-notifier/update-motd-hwe-eol':0,ta1-theia-1
1557755504.425:105,472435B2-8601-5F2A-8EEB-435DEA32E7BD:b'/bin/sh -e /usr/lib/update-notifier/update-motd-hwe-eol':0,CLONE,34BD8DC7-AD1C-516E-92D9-7FB1F6779946,b'apt-config shell StateDir Dir::State':0,ta1-theia-1
1557755504.413:35,F4711BA3-7DCD-530E-AA61-EA4FDAF0DE46:b'run-parts --lsbsysinit /etc/update-motd.d':0,CLONE,472435B2-8601-5F2A-8EEB-435DEA32E7BD,b'/bin/sh -e /usr/lib/update-notifier/update-motd-hwe-eol':0,ta1-theia-1
1557755504.405:32,CDA1B7CD-D24F-5883-9333-2C3ABF8A3B0D:b'sh -c /usr/bin/env -i PATH=/usr/local/sbin:/usr/local/bin:/usr/sbin:/usr/bin:/sbin:/bin run-parts --lsbsysinit /etc/update-motd.d > /var/run/motd.new':0,CLONE,F4711BA3-7DCD-530E-AA61-EA4FDAF0DE46,b'run-parts --lsbsysinit /etc/update-motd.d':0,ta1-theia-1
1557755504.139:0,6E2FC4FB-12A5-5AC8-BA04-E1DDA28A9731:b'/bin/sh -e /usr/lib/update-manager/release-upgrade-motd':0,EXECUTE,0100D00F-9E00-3200-0000-0000B790005A,/bin/cat:0,ta1-theia-1
1557755504.139:34,3A2BA02A-4132-5DF6-A5E9-DFD2BAA656B9:b'run-parts --lsbsysinit /etc/update-motd.d':0,CLONE,6E2FC4FB-12A5-5AC8-BA04-E1DDA28A9731,b'/bin/sh -e /usr/lib/update-manager/release-upgrade-motd':0,ta1-theia-1
1557755504.125:31,CDA1B7CD-D24F-5883-9333-2C3ABF8A3B0D:b'sh -c /usr/bin/env -i PATH=/usr/local/sbin:/usr/local/bin:/usr/sbin:/usr/bin:/sbin:/bin run-parts --lsbsysinit /etc/update-motd.d > /var/run/motd.new':0,CLONE,3A2BA02A-4132-5DF6-A5E9-DFD2BAA656B9,b'run-parts --lsbsysinit /etc/update-motd.d':0,ta1-theia-1
1557755503.941:0,EA3A790E-7969-581E-A01E-CC8636D99A22:b'/bin/sh -e /usr/lib/update-notifier/update-motd-updates-available':0,EXECUTE,0100D00F-9E00-3200-0000-0000B790005A,/bin/cat:0,ta1-theia-1
1557755503.941:447,FC1102B4-2648-50DB-8250-8AEC1667D6ED:b'run-parts --lsbsysinit /etc/update-motd.d':0,CLONE,EA3A790E-7969-581E-A01E-CC8636D99A22,b'/bin/sh -e /usr/lib/update-notifier/update-motd-updates-available':0,ta1-theia-1
1557755503.889:444,FC1102B4-2648-50DB-8250-8AEC1667D6ED:b'run-parts --lsbsysinit /etc/update-motd.d':0,CLONE,D6F53AA9-C4E0-5B12-B45A-AE164808F09C,b'/bin/sh -e /usr/lib/update-notifier/update-motd-updates-available':0,ta1-theia-1
1557755503.769:105,2A07B872-8B6A-5BD1-8EB5-44CCA5A79FEC:b'/bin/sh -e /usr/lib/update-notifier/update-motd-updates-available':0,CLONE,CF38434C-FE56-5C86-93B1-94D977649EA5,b'apt-config shell SourceList Dir::Etc::sourcelist':0,ta1-theia-1
1557755503.761:440,FC1102B4-2648-50DB-8250-8AEC1667D6ED:b'run-parts --lsbsysinit /etc/update-motd.d':0,CLONE,2A07B872-8B6A-5BD1-8EB5-44CCA5A79FEC,b'/bin/sh -e /usr/lib/update-notifier/update-motd-updates-available':0,ta1-theia-1
1557755503.591:105,E66EBCCA-50E0-57DF-84C2-D07E4A042DB6:b'/bin/sh -e /usr/lib/update-notifier/update-motd-updates-available':0,CLONE,27698991-E748-5C2C-8ECE-0FCC7928A12F,b'apt-config shell EtcDir Dir::Etc':0,ta1-theia-1
1557755503.581:436,FC1102B4-2648-50DB-8250-8AEC1667D6ED:b'run-parts --lsbsysinit /etc/update-motd.d':0,CLONE,E66EBCCA-50E0-57DF-84C2-D07E4A042DB6,b'/bin/sh -e /usr/lib/update-notifier/update-motd-updates-available':0,ta1-theia-1
1557755503.525:432,FC1102B4-2648-50DB-8250-8AEC1667D6ED:b'run-parts --lsbsysinit /etc/update-motd.d':0,CLONE,A0C86B67-25B0-560F-8408-A74819EC09AF,b'/bin/sh -e /usr/lib/update-notifier/update-motd-updates-available':0,ta1-theia-1
1557755503.473:428,FC1102B4-2648-50DB-8250-8AEC1667D6ED:b'run-parts --lsbsysinit /etc/update-motd.d':0,CLONE,DC65F0D8-FF1C-5F6D-A943-4DE8582CDB47,b'/bin/sh -e /usr/lib/update-notifier/update-motd-updates-available':0,ta1-theia-1
1557755503.421:424,FC1102B4-2648-50DB-8250-8AEC1667D6ED:b'run-parts --lsbsysinit /etc/update-motd.d':0,CLONE,05F5D9C7-1E60-5C15-8719-6A8FB9ED8BB7,b'/bin/sh -e /usr/lib/update-notifier/update-motd-updates-available':0,ta1-theia-1
1557755503.365:420,FC1102B4-2648-50DB-8250-8AEC1667D6ED:b'run-parts --lsbsysinit /etc/update-motd.d':0,CLONE,B6E83FC8-3697-511C-A697-2F28CDDBA27C,b'/bin/sh -e /usr/lib/update-notifier/update-motd-updates-available':0,ta1-theia-1
1557755503.309:416,FC1102B4-2648-50DB-8250-8AEC1667D6ED:b'run-parts --lsbsysinit /etc/update-motd.d':0,CLONE,0898F140-9771-582F-9ED1-967CF4CAFC24,b'/bin/sh -e /usr/lib/update-notifier/update-motd-updates-available':0,ta1-theia-1
1557755503.261:412,FC1102B4-2648-50DB-8250-8AEC1667D6ED:b'run-parts --lsbsysinit /etc/update-motd.d':0,CLONE,09194A9E-7F20-51F1-9890-8B067649C1CE,b'/bin/sh -e /usr/lib/update-notifier/update-motd-updates-available':0,ta1-theia-1
1557755503.209:408,FC1102B4-2648-50DB-8250-8AEC1667D6ED:b'run-parts --lsbsysinit /etc/update-motd.d':0,CLONE,1702B08C-28C6-5FAD-989C-6D76049414CB,b'/bin/sh -e /usr/lib/update-notifier/update-motd-updates-available':0,ta1-theia-1
1557755503.157:404,FC1102B4-2648-50DB-8250-8AEC1667D6ED:b'run-parts --lsbsysinit /etc/update-motd.d':0,CLONE,05064072-D502-5689-9890-483FD5B2BDEF,b'/bin/sh -e /usr/lib/update-notifier/update-motd-updates-available':0,ta1-theia-1
1557755503.105:400,FC1102B4-2648-50DB-8250-8AEC1667D6ED:b'run-parts --lsbsysinit /etc/update-motd.d':0,CLONE,C0B9F036-7E21-5F0D-88F2-8FD76479FF25,b'/bin/sh -e /usr/lib/update-notifier/update-motd-updates-available':0,ta1-theia-1
1557755503.053:396,FC1102B4-2648-50DB-8250-8AEC1667D6ED:b'run-parts --lsbsysinit /etc/update-motd.d':0,CLONE,3FCAC62E-9F28-536E-9592-3EC15ED3AF12,b'/bin/sh -e /usr/lib/update-notifier/update-motd-updates-available':0,ta1-theia-1
1557755503.001:392,FC1102B4-2648-50DB-8250-8AEC1667D6ED:b'run-parts --lsbsysinit /etc/update-motd.d':0,CLONE,DA1DEBF1-8127-5564-97C3-D5E20BF42882,b'/bin/sh -e /usr/lib/update-notifier/update-motd-updates-available':0,ta1-theia-1
1557755502.949:388,FC1102B4-2648-50DB-8250-8AEC1667D6ED:b'run-parts --lsbsysinit /etc/update-motd.d':0,CLONE,76A53286-BC00-59EC-860F-4CBD75B4A021,b'/bin/sh -e /usr/lib/update-notifier/update-motd-updates-available':0,ta1-theia-1
1557755502.897:384,FC1102B4-2648-50DB-8250-8AEC1667D6ED:b'run-parts --lsbsysinit /etc/update-motd.d':0,CLONE,8C3B445C-5052-5422-823F-CA1B4AF47086,b'/bin/sh -e /usr/lib/update-notifier/update-motd-updates-available':0,ta1-theia-1
1557755502.833:380,FC1102B4-2648-50DB-8250-8AEC1667D6ED:b'run-parts --lsbsysinit /etc/update-motd.d':0,CLONE,6C4A9B75-9861-50E6-BD91-B245A53349E5,b'/bin/sh -e /usr/lib/update-notifier/update-motd-updates-available':0,ta1-theia-1
1557755502.781:376,FC1102B4-2648-50DB-8250-8AEC1667D6ED:b'run-parts --lsbsysinit /etc/update-motd.d':0,CLONE,29E8F331-8168-57E2-845D-C1D90C31A22E,b'/bin/sh -e /usr/lib/update-notifier/update-motd-updates-available':0,ta1-theia-1
1557755502.729:372,FC1102B4-2648-50DB-8250-8AEC1667D6ED:b'run-parts --lsbsysinit /etc/update-motd.d':0,CLONE,28090C55-F2DF-5960-A685-10549A17FF78,b'/bin/sh -e /usr/lib/update-notifier/update-motd-updates-available':0,ta1-theia-1
1557755502.677:368,FC1102B4-2648-50DB-8250-8AEC1667D6ED:b'run-parts --lsbsysinit /etc/update-motd.d':0,CLONE,29D443D2-08F9-5A64-9D2A-9487C2A2E066,b'/bin/sh -e /usr/lib/update-notifier/update-motd-updates-available':0,ta1-theia-1
1557755502.625:364,FC1102B4-2648-50DB-8250-8AEC1667D6ED:b'run-parts --lsbsysinit /etc/update-motd.d':0,CLONE,2B703F6D-61DB-5F66-8743-DE71E0B6FA19,b'/bin/sh -e /usr/lib/update-notifier/update-motd-updates-available':0,ta1-theia-1
1557755502.573:360,FC1102B4-2648-50DB-8250-8AEC1667D6ED:b'run-parts --lsbsysinit /etc/update-motd.d':0,CLONE,BC81B916-0A38-506C-817C-E09DE6295773,b'/bin/sh -e /usr/lib/update-notifier/update-motd-updates-available':0,ta1-theia-1
1557755502.521:356,FC1102B4-2648-50DB-8250-8AEC1667D6ED:b'run-parts --lsbsysinit /etc/update-motd.d':0,CLONE,3465CA80-C55E-5EBC-B785-7A9BB87B18E0,b'/bin/sh -e /usr/lib/update-notifier/update-motd-updates-available':0,ta1-theia-1
1557755502.469:352,FC1102B4-2648-50DB-8250-8AEC1667D6ED:b'run-parts --lsbsysinit /etc/update-motd.d':0,CLONE,AA46F946-97AF-5740-8486-C9E3A2517056,b'/bin/sh -e /usr/lib/update-notifier/update-motd-updates-available':0,ta1-theia-1
1557755502.417:348,FC1102B4-2648-50DB-8250-8AEC1667D6ED:b'run-parts --lsbsysinit /etc/update-motd.d':0,CLONE,E76E03EF-C457-58D5-8866-3062526FE37D,b'/bin/sh -e /usr/lib/update-notifier/update-motd-updates-available':0,ta1-theia-1
1557755502.365:344,FC1102B4-2648-50DB-8250-8AEC1667D6ED:b'run-parts --lsbsysinit /etc/update-motd.d':0,CLONE,8F0059AE-9BEB-5AAA-A4D9-FB8CD10F4B3D,b'/bin/sh -e /usr/lib/update-notifier/update-motd-updates-available':0,ta1-theia-1
1557755502.313:340,FC1102B4-2648-50DB-8250-8AEC1667D6ED:b'run-parts --lsbsysinit /etc/update-motd.d':0,CLONE,3DA02376-5D59-5F6E-8F45-47A9654C993D,b'/bin/sh -e /usr/lib/update-notifier/update-motd-updates-available':0,ta1-theia-1
1557755502.261:336,FC1102B4-2648-50DB-8250-8AEC1667D6ED:b'run-parts --lsbsysinit /etc/update-motd.d':0,CLONE,350089B7-37F7-5E45-A3F8-AC72F61B1285,b'/bin/sh -e /usr/lib/update-notifier/update-motd-updates-available':0,ta1-theia-1
1557755502.209:332,FC1102B4-2648-50DB-8250-8AEC1667D6ED:b'run-parts --lsbsysinit /etc/update-motd.d':0,CLONE,9DFDE733-717F-53E5-9FC5-3E88797657DC,b'/bin/sh -e /usr/lib/update-notifier/update-motd-updates-available':0,ta1-theia-1
1557755502.157:328,FC1102B4-2648-50DB-8250-8AEC1667D6ED:b'run-parts --lsbsysinit /etc/update-motd.d':0,CLONE,983CE271-56E2-5578-818A-B97838718C11,b'/bin/sh -e /usr/lib/update-notifier/update-motd-updates-available':0,ta1-theia-1
1557755502.105:324,FC1102B4-2648-50DB-8250-8AEC1667D6ED:b'run-parts --lsbsysinit /etc/update-motd.d':0,CLONE,19A42EB0-592F-59AC-866C-E04C182B92E5,b'/bin/sh -e /usr/lib/update-notifier/update-motd-updates-available':0,ta1-theia-1
1557755502.053:320,FC1102B4-2648-50DB-8250-8AEC1667D6ED:b'run-parts --lsbsysinit /etc/update-motd.d':0,CLONE,BFC97CE7-E895-56B8-8670-1E5ACF145FCF,b'/bin/sh -e /usr/lib/update-notifier/update-motd-updates-available':0,ta1-theia-1
1557755502.001:316,FC1102B4-2648-50DB-8250-8AEC1667D6ED:b'run-parts --lsbsysinit /etc/update-motd.d':0,CLONE,A22380BF-3F2F-57E6-A96A-FB748C39AAB1,b'/bin/sh -e /usr/lib/update-notifier/update-motd-updates-available':0,ta1-theia-1
1557755501.937:312,FC1102B4-2648-50DB-8250-8AEC1667D6ED:b'run-parts --lsbsysinit /etc/update-motd.d':0,CLONE,9E5BF2E2-34E4-568E-8A44-48660EBBE7C3,b'/bin/sh -e /usr/lib/update-notifier/update-motd-updates-available':0,ta1-theia-1
1557755501.881:308,FC1102B4-2648-50DB-8250-8AEC1667D6ED:b'run-parts --lsbsysinit /etc/update-motd.d':0,CLONE,52A525FD-1923-511E-9ECF-A6873C83DBD4,b'/bin/sh -e /usr/lib/update-notifier/update-motd-updates-available':0,ta1-theia-1
1557755501.829:304,FC1102B4-2648-50DB-8250-8AEC1667D6ED:b'run-parts --lsbsysinit /etc/update-motd.d':0,CLONE,89CCF21A-F711-5B78-A75E-9E9289CAFEE2,b'/bin/sh -e /usr/lib/update-notifier/update-motd-updates-available':0,ta1-theia-1
1557755501.777:300,FC1102B4-2648-50DB-8250-8AEC1667D6ED:b'run-parts --lsbsysinit /etc/update-motd.d':0,CLONE,84907AAF-78EA-58B1-8A2D-79041A3F6145,b'/bin/sh -e /usr/lib/update-notifier/update-motd-updates-available':0,ta1-theia-1
1557755501.725:296,FC1102B4-2648-50DB-8250-8AEC1667D6ED:b'run-parts --lsbsysinit /etc/update-motd.d':0,CLONE,03086DB6-9A1B-5A8B-A0FA-08715E6F021D,b'/bin/sh -e /usr/lib/update-notifier/update-motd-updates-available':0,ta1-theia-1
1557755501.673:292,FC1102B4-2648-50DB-8250-8AEC1667D6ED:b'run-parts --lsbsysinit /etc/update-motd.d':0,CLONE,CC3B6030-E301-54BB-8CD9-243775934DC2,b'/bin/sh -e /usr/lib/update-notifier/update-motd-updates-available':0,ta1-theia-1
1557755501.621:288,FC1102B4-2648-50DB-8250-8AEC1667D6ED:b'run-parts --lsbsysinit /etc/update-motd.d':0,CLONE,C5AA0A29-D236-5285-AE45-0AC411750257,b'/bin/sh -e /usr/lib/update-notifier/update-motd-updates-available':0,ta1-theia-1
1557755501.569:284,FC1102B4-2648-50DB-8250-8AEC1667D6ED:b'run-parts --lsbsysinit /etc/update-motd.d':0,CLONE,825868D6-D62B-505F-B2D4-D8B61CBAE539,b'/bin/sh -e /usr/lib/update-notifier/update-motd-updates-available':0,ta1-theia-1
1557755501.517:280,FC1102B4-2648-50DB-8250-8AEC1667D6ED:b'run-parts --lsbsysinit /etc/update-motd.d':0,CLONE,7A5C6007-9610-5064-A7DD-DE0E516D5C6D,b'/bin/sh -e /usr/lib/update-notifier/update-motd-updates-available':0,ta1-theia-1
1557755501.465:276,FC1102B4-2648-50DB-8250-8AEC1667D6ED:b'run-parts --lsbsysinit /etc/update-motd.d':0,CLONE,F790227B-2B7D-57C7-AFD4-FD5B091B656D,b'/bin/sh -e /usr/lib/update-notifier/update-motd-updates-available':0,ta1-theia-1
1557755501.413:272,FC1102B4-2648-50DB-8250-8AEC1667D6ED:b'run-parts --lsbsysinit /etc/update-motd.d':0,CLONE,94CD46C0-C43D-5067-8A76-F30F26401B2E,b'/bin/sh -e /usr/lib/update-notifier/update-motd-updates-available':0,ta1-theia-1
1557755501.361:268,FC1102B4-2648-50DB-8250-8AEC1667D6ED:b'run-parts --lsbsysinit /etc/update-motd.d':0,CLONE,E0CCC99B-D843-55F9-95C9-9196FDA4C695,b'/bin/sh -e /usr/lib/update-notifier/update-motd-updates-available':0,ta1-theia-1
1557755501.309:264,FC1102B4-2648-50DB-8250-8AEC1667D6ED:b'run-parts --lsbsysinit /etc/update-motd.d':0,CLONE,D17A9CC5-6428-5345-B891-F05AA701B95B,b'/bin/sh -e /usr/lib/update-notifier/update-motd-updates-available':0,ta1-theia-1
1557755501.257:260,FC1102B4-2648-50DB-8250-8AEC1667D6ED:b'run-parts --lsbsysinit /etc/update-motd.d':0,CLONE,437F8648-A9C2-5CAC-9916-58A977447A47,b'/bin/sh -e /usr/lib/update-notifier/update-motd-updates-available':0,ta1-theia-1
1557755501.205:256,FC1102B4-2648-50DB-8250-8AEC1667D6ED:b'run-parts --lsbsysinit /etc/update-motd.d':0,CLONE,95FA9612-796D-52A6-8567-2448EA536184,b'/bin/sh -e /usr/lib/update-notifier/update-motd-updates-available':0,ta1-theia-1
1557755501.153:252,FC1102B4-2648-50DB-8250-8AEC1667D6ED:b'run-parts --lsbsysinit /etc/update-motd.d':0,CLONE,D7EE1625-A192-5FA8-A4E9-3EB3E452C731,b'/bin/sh -e /usr/lib/update-notifier/update-motd-updates-available':0,ta1-theia-1
1557755501.101:248,FC1102B4-2648-50DB-8250-8AEC1667D6ED:b'run-parts --lsbsysinit /etc/update-motd.d':0,CLONE,3F1EEE6C-452C-50D0-B61D-71C0D9237615,b'/bin/sh -e /usr/lib/update-notifier/update-motd-updates-available':0,ta1-theia-1
1557755501.037:244,FC1102B4-2648-50DB-8250-8AEC1667D6ED:b'run-parts --lsbsysinit /etc/update-motd.d':0,CLONE,DC913843-DD0C-5356-A0A8-C2548626C9C4,b'/bin/sh -e /usr/lib/update-notifier/update-motd-updates-available':0,ta1-theia-1
1557755500.985:240,FC1102B4-2648-50DB-8250-8AEC1667D6ED:b'run-parts --lsbsysinit /etc/update-motd.d':0,CLONE,64090F63-B063-5B6A-B163-001A5D3B4852,b'/bin/sh -e /usr/lib/update-notifier/update-motd-updates-available':0,ta1-theia-1
1557755500.933:236,FC1102B4-2648-50DB-8250-8AEC1667D6ED:b'run-parts --lsbsysinit /etc/update-motd.d':0,CLONE,8577A968-0441-5E78-96E2-B9B003B79CEB,b'/bin/sh -e /usr/lib/update-notifier/update-motd-updates-available':0,ta1-theia-1
1557755500.881:232,FC1102B4-2648-50DB-8250-8AEC1667D6ED:b'run-parts --lsbsysinit /etc/update-motd.d':0,CLONE,029CCC75-4872-55FF-BC0C-E3BA3F383397,b'/bin/sh -e /usr/lib/update-notifier/update-motd-updates-available':0,ta1-theia-1
1557755500.825:228,FC1102B4-2648-50DB-8250-8AEC1667D6ED:b'run-parts --lsbsysinit /etc/update-motd.d':0,CLONE,1848A19B-1105-5837-9BAC-DB26002D26A3,b'/bin/sh -e /usr/lib/update-notifier/update-motd-updates-available':0,ta1-theia-1
1557755500.769:224,FC1102B4-2648-50DB-8250-8AEC1667D6ED:b'run-parts --lsbsysinit /etc/update-motd.d':0,CLONE,B0677D20-EEE8-53A7-92DB-BC7DE06FD11D,b'/bin/sh -e /usr/lib/update-notifier/update-motd-updates-available':0,ta1-theia-1
1557755500.713:220,FC1102B4-2648-50DB-8250-8AEC1667D6ED:b'run-parts --lsbsysinit /etc/update-motd.d':0,CLONE,28A2B267-032A-5EE1-9940-D4A008574E9A,b'/bin/sh -e /usr/lib/update-notifier/update-motd-updates-available':0,ta1-theia-1
1557755500.661:216,FC1102B4-2648-50DB-8250-8AEC1667D6ED:b'run-parts --lsbsysinit /etc/update-motd.d':0,CLONE,224A22E4-1B46-5840-A625-AE98E3D52BC4,b'/bin/sh -e /usr/lib/update-notifier/update-motd-updates-available':0,ta1-theia-1
1557755500.605:212,FC1102B4-2648-50DB-8250-8AEC1667D6ED:b'run-parts --lsbsysinit /etc/update-motd.d':0,CLONE,9017E3A8-1520-53E2-9ED8-6D5EBACCD6E5,b'/bin/sh -e /usr/lib/update-notifier/update-motd-updates-available':0,ta1-theia-1
1557755500.549:208,FC1102B4-2648-50DB-8250-8AEC1667D6ED:b'run-parts --lsbsysinit /etc/update-motd.d':0,CLONE,AB2C7F98-7D32-59F6-9898-76A2D2BB8414,b'/bin/sh -e /usr/lib/update-notifier/update-motd-updates-available':0,ta1-theia-1
1557755500.493:204,FC1102B4-2648-50DB-8250-8AEC1667D6ED:b'run-parts --lsbsysinit /etc/update-motd.d':0,CLONE,CC97C82E-370C-51C0-BA2D-F06D89166ADB,b'/bin/sh -e /usr/lib/update-notifier/update-motd-updates-available':0,ta1-theia-1
1557755500.437:200,FC1102B4-2648-50DB-8250-8AEC1667D6ED:b'run-parts --lsbsysinit /etc/update-motd.d':0,CLONE,929B546F-4F92-54E9-9416-91121389A04C,b'/bin/sh -e /usr/lib/update-notifier/update-motd-updates-available':0,ta1-theia-1
1557755500.381:196,FC1102B4-2648-50DB-8250-8AEC1667D6ED:b'run-parts --lsbsysinit /etc/update-motd.d':0,CLONE,BAEE52C8-BB47-532E-841B-5B187CC842B9,b'/bin/sh -e /usr/lib/update-notifier/update-motd-updates-available':0,ta1-theia-1
1557755500.321:192,FC1102B4-2648-50DB-8250-8AEC1667D6ED:b'run-parts --lsbsysinit /etc/update-motd.d':0,CLONE,0F854F32-E14D-5423-99F8-B24CE4DC8ED9,b'/bin/sh -e /usr/lib/update-notifier/update-motd-updates-available':0,ta1-theia-1
1557755500.269:188,FC1102B4-2648-50DB-8250-8AEC1667D6ED:b'run-parts --lsbsysinit /etc/update-motd.d':0,CLONE,98BEB4DC-A939-5978-A526-712940C47ACD,b'/bin/sh -e /usr/lib/update-notifier/update-motd-updates-available':0,ta1-theia-1
1557755500.217:184,FC1102B4-2648-50DB-8250-8AEC1667D6ED:b'run-parts --lsbsysinit /etc/update-motd.d':0,CLONE,0B082A21-33DE-5763-872C-1C0CD14570D5,b'/bin/sh -e /usr/lib/update-notifier/update-motd-updates-available':0,ta1-theia-1
1557755500.165:180,FC1102B4-2648-50DB-8250-8AEC1667D6ED:b'run-parts --lsbsysinit /etc/update-motd.d':0,CLONE,39C2C6C3-8B3B-5E25-9AAB-C7FD69A3A8AF,b'/bin/sh -e /usr/lib/update-notifier/update-motd-updates-available':0,ta1-theia-1
1557755500.101:176,FC1102B4-2648-50DB-8250-8AEC1667D6ED:b'run-parts --lsbsysinit /etc/update-motd.d':0,CLONE,39543A91-9A9C-56ED-9407-F867FFD4C1EA,b'/bin/sh -e /usr/lib/update-notifier/update-motd-updates-available':0,ta1-theia-1
1557755500.049:172,FC1102B4-2648-50DB-8250-8AEC1667D6ED:b'run-parts --lsbsysinit /etc/update-motd.d':0,CLONE,C09C788C-EA1B-554F-BD06-08E232270C48,b'/bin/sh -e /usr/lib/update-notifier/update-motd-updates-available':0,ta1-theia-1
1557755499.997:168,FC1102B4-2648-50DB-8250-8AEC1667D6ED:b'run-parts --lsbsysinit /etc/update-motd.d':0,CLONE,A5161C8F-355C-5118-B007-79BD7F84179E,b'/bin/sh -e /usr/lib/update-notifier/update-motd-updates-available':0,ta1-theia-1
1557755499.945:164,FC1102B4-2648-50DB-8250-8AEC1667D6ED:b'run-parts --lsbsysinit /etc/update-motd.d':0,CLONE,F857E5F7-2E8F-5876-BECB-D452F831FD02,b'/bin/sh -e /usr/lib/update-notifier/update-motd-updates-available':0,ta1-theia-1
1557755499.893:160,FC1102B4-2648-50DB-8250-8AEC1667D6ED:b'run-parts --lsbsysinit /etc/update-motd.d':0,CLONE,0A25FDF0-4B14-590A-96D5-47BBED91809D,b'/bin/sh -e /usr/lib/update-notifier/update-motd-updates-available':0,ta1-theia-1
1557755499.841:156,FC1102B4-2648-50DB-8250-8AEC1667D6ED:b'run-parts --lsbsysinit /etc/update-motd.d':0,CLONE,B0B0CF7D-1D58-54E4-A1E4-6C45213FC139,b'/bin/sh -e /usr/lib/update-notifier/update-motd-updates-available':0,ta1-theia-1
1557755499.789:152,FC1102B4-2648-50DB-8250-8AEC1667D6ED:b'run-parts --lsbsysinit /etc/update-motd.d':0,CLONE,1259E2E8-E38A-555A-B4B7-47B731E751EE,b'/bin/sh -e /usr/lib/update-notifier/update-motd-updates-available':0,ta1-theia-1
1557755499.737:148,FC1102B4-2648-50DB-8250-8AEC1667D6ED:b'run-parts --lsbsysinit /etc/update-motd.d':0,CLONE,D2A75FC0-9A0E-5E69-BFCA-26199064981E,b'/bin/sh -e /usr/lib/update-notifier/update-motd-updates-available':0,ta1-theia-1
1557755499.685:144,FC1102B4-2648-50DB-8250-8AEC1667D6ED:b'run-parts --lsbsysinit /etc/update-motd.d':0,CLONE,1EE551C7-43C3-5F97-B2A9-A92D20717C8D,b'/bin/sh -e /usr/lib/update-notifier/update-motd-updates-available':0,ta1-theia-1
1557755499.633:140,FC1102B4-2648-50DB-8250-8AEC1667D6ED:b'run-parts --lsbsysinit /etc/update-motd.d':0,CLONE,7586D68F-B735-5CDD-92CC-8D80FE396D81,b'/bin/sh -e /usr/lib/update-notifier/update-motd-updates-available':0,ta1-theia-1
1557755499.581:136,FC1102B4-2648-50DB-8250-8AEC1667D6ED:b'run-parts --lsbsysinit /etc/update-motd.d':0,CLONE,A4AA8A27-FF76-58E6-B437-FED32287866E,b'/bin/sh -e /usr/lib/update-notifier/update-motd-updates-available':0,ta1-theia-1
1557755499.529:132,FC1102B4-2648-50DB-8250-8AEC1667D6ED:b'run-parts --lsbsysinit /etc/update-motd.d':0,CLONE,616581CB-E513-5791-B850-AB5A8FD6D742,b'/bin/sh -e /usr/lib/update-notifier/update-motd-updates-available':0,ta1-theia-1
1557755499.477:128,FC1102B4-2648-50DB-8250-8AEC1667D6ED:b'run-parts --lsbsysinit /etc/update-motd.d':0,CLONE,60B46A9B-69D1-5524-A06F-6D1B468154A5,b'/bin/sh -e /usr/lib/update-notifier/update-motd-updates-available':0,ta1-theia-1
1557755499.425:124,FC1102B4-2648-50DB-8250-8AEC1667D6ED:b'run-parts --lsbsysinit /etc/update-motd.d':0,CLONE,CB1FC907-CA80-5EF7-8CFC-2F844BBF9931,b'/bin/sh -e /usr/lib/update-notifier/update-motd-updates-available':0,ta1-theia-1
1557755499.373:120,FC1102B4-2648-50DB-8250-8AEC1667D6ED:b'run-parts --lsbsysinit /etc/update-motd.d':0,CLONE,1AAA9F51-B892-57E8-BA1D-291CBA8D40FC,b'/bin/sh -e /usr/lib/update-notifier/update-motd-updates-available':0,ta1-theia-1
1557755499.321:116,FC1102B4-2648-50DB-8250-8AEC1667D6ED:b'run-parts --lsbsysinit /etc/update-motd.d':0,CLONE,9DA1EC25-E182-58A2-8BC1-0D8317A90CF4,b'/bin/sh -e /usr/lib/update-notifier/update-motd-updates-available':0,ta1-theia-1
1557755499.109:112,FC1102B4-2648-50DB-8250-8AEC1667D6ED:b'run-parts --lsbsysinit /etc/update-motd.d':0,CLONE,982A7BE6-A842-52A3-9AAF-A89C1D326452,b'/bin/sh -e /usr/lib/update-notifier/update-motd-updates-available':0,ta1-theia-1
1557755499.037:108,FC1102B4-2648-50DB-8250-8AEC1667D6ED:b'run-parts --lsbsysinit /etc/update-motd.d':0,CLONE,2D379961-FC68-5515-BF83-11F450AE42EC,b'/bin/sh -e /usr/lib/update-notifier/update-motd-updates-available':0,ta1-theia-1
1557755498.989:104,FC1102B4-2648-50DB-8250-8AEC1667D6ED:b'run-parts --lsbsysinit /etc/update-motd.d':0,CLONE,661C2EF3-AC26-5070-8DA3-7F0BC47354E0,b'/bin/sh -e /usr/lib/update-notifier/update-motd-updates-available':0,ta1-theia-1
1557755498.933:100,FC1102B4-2648-50DB-8250-8AEC1667D6ED:b'run-parts --lsbsysinit /etc/update-motd.d':0,CLONE,8C3B1D4C-46DB-5FF2-B340-09EC7C22D47D,b'/bin/sh -e /usr/lib/update-notifier/update-motd-updates-available':0,ta1-theia-1
1557755498.885:96,FC1102B4-2648-50DB-8250-8AEC1667D6ED:b'run-parts --lsbsysinit /etc/update-motd.d':0,CLONE,F6D11009-5147-5A91-8BFC-3D78D85D569E,b'/bin/sh -e /usr/lib/update-notifier/update-motd-updates-available':0,ta1-theia-1
1557755498.833:92,FC1102B4-2648-50DB-8250-8AEC1667D6ED:b'run-parts --lsbsysinit /etc/update-motd.d':0,CLONE,579475DE-9AB7-5EE3-B633-410814A0FAE4,b'/bin/sh -e /usr/lib/update-notifier/update-motd-updates-available':0,ta1-theia-1
1557755498.781:88,FC1102B4-2648-50DB-8250-8AEC1667D6ED:b'run-parts --lsbsysinit /etc/update-motd.d':0,CLONE,1B64BF16-0DD8-5B6F-8F21-37DD1B984FC3,b'/bin/sh -e /usr/lib/update-notifier/update-motd-updates-available':0,ta1-theia-1
1557755498.729:84,FC1102B4-2648-50DB-8250-8AEC1667D6ED:b'run-parts --lsbsysinit /etc/update-motd.d':0,CLONE,2FF55ADA-2B25-5351-B126-DE5B3A76F215,b'/bin/sh -e /usr/lib/update-notifier/update-motd-updates-available':0,ta1-theia-1
1557755498.677:80,FC1102B4-2648-50DB-8250-8AEC1667D6ED:b'run-parts --lsbsysinit /etc/update-motd.d':0,CLONE,B5B4CDAD-9BB7-53DE-92BF-AAC674D3C688,b'/bin/sh -e /usr/lib/update-notifier/update-motd-updates-available':0,ta1-theia-1
1557755498.625:76,FC1102B4-2648-50DB-8250-8AEC1667D6ED:b'run-parts --lsbsysinit /etc/update-motd.d':0,CLONE,7454A7CC-085C-591C-B70C-13F6C83692A3,b'/bin/sh -e /usr/lib/update-notifier/update-motd-updates-available':0,ta1-theia-1
1557755498.573:72,FC1102B4-2648-50DB-8250-8AEC1667D6ED:b'run-parts --lsbsysinit /etc/update-motd.d':0,CLONE,43504EB5-1AD7-55C3-8A68-D96DC3B50121,b'/bin/sh -e /usr/lib/update-notifier/update-motd-updates-available':0,ta1-theia-1
1557755498.521:68,FC1102B4-2648-50DB-8250-8AEC1667D6ED:b'run-parts --lsbsysinit /etc/update-motd.d':0,CLONE,D7E5F5A8-9E4E-5FCC-B376-FFB47E3C0913,b'/bin/sh -e /usr/lib/update-notifier/update-motd-updates-available':0,ta1-theia-1
1557755498.469:64,FC1102B4-2648-50DB-8250-8AEC1667D6ED:b'run-parts --lsbsysinit /etc/update-motd.d':0,CLONE,8E5423C8-FE89-51FB-B12C-B31604DF9CD8,b'/bin/sh -e /usr/lib/update-notifier/update-motd-updates-available':0,ta1-theia-1
1557755498.417:60,FC1102B4-2648-50DB-8250-8AEC1667D6ED:b'run-parts --lsbsysinit /etc/update-motd.d':0,CLONE,48DECF22-B0DB-5831-BFEC-9AF73448F844,b'/bin/sh -e /usr/lib/update-notifier/update-motd-updates-available':0,ta1-theia-1
1557755498.365:56,FC1102B4-2648-50DB-8250-8AEC1667D6ED:b'run-parts --lsbsysinit /etc/update-motd.d':0,CLONE,56DD4DBB-BFE0-5DA3-A72A-65E1B5C65B42,b'/bin/sh -e /usr/lib/update-notifier/update-motd-updates-available':0,ta1-theia-1
1557755498.313:52,FC1102B4-2648-50DB-8250-8AEC1667D6ED:b'run-parts --lsbsysinit /etc/update-motd.d':0,CLONE,B452BA1E-DBEA-5C82-9308-E2A7535AC19B,b'/bin/sh -e /usr/lib/update-notifier/update-motd-updates-available':0,ta1-theia-1
1557755498.265:48,FC1102B4-2648-50DB-8250-8AEC1667D6ED:b'run-parts --lsbsysinit /etc/update-motd.d':0,CLONE,680B6CED-25B5-5E37-B2E8-5AE5684CFE05,b'/bin/sh -e /usr/lib/update-notifier/update-motd-updates-available':0,ta1-theia-1
1557755498.093:105,94DE5297-C752-546A-A505-8B2782AC2948:b'/bin/sh -e /usr/lib/update-notifier/update-motd-updates-available':0,CLONE,84EDBBDA-F477-5096-84C3-5EBC304EEFE3,b'apt-config shell ListDir Dir::State::Lists':0,ta1-theia-1
1557755498.085:43,FC1102B4-2648-50DB-8250-8AEC1667D6ED:b'run-parts --lsbsysinit /etc/update-motd.d':0,CLONE,94DE5297-C752-546A-A505-8B2782AC2948,b'/bin/sh -e /usr/lib/update-notifier/update-motd-updates-available':0,ta1-theia-1
1557755497.954:105,F70C0213-2A99-558F-9C3F-FA3D5D685ED9:b'/bin/sh -e /usr/lib/update-notifier/update-motd-updates-available':0,CLONE,0493660E-1D6F-54B1-A831-D802254CAEB4,b'apt-config shell StateDir Dir::State':0,ta1-theia-1
1557755497.949:39,FC1102B4-2648-50DB-8250-8AEC1667D6ED:b'run-parts --lsbsysinit /etc/update-motd.d':0,CLONE,F70C0213-2A99-558F-9C3F-FA3D5D685ED9,b'/bin/sh -e /usr/lib/update-notifier/update-motd-updates-available':0,ta1-theia-1
1557755497.894:35,FC1102B4-2648-50DB-8250-8AEC1667D6ED:b'run-parts --lsbsysinit /etc/update-motd.d':0,CLONE,94ACA082-8365-526D-A00E-D1EB45D8D5E7,b'/bin/sh -e /usr/lib/update-notifier/update-motd-updates-available':0,ta1-theia-1
1557755497.885:30,CDA1B7CD-D24F-5883-9333-2C3ABF8A3B0D:b'sh -c /usr/bin/env -i PATH=/usr/local/sbin:/usr/local/bin:/usr/sbin:/usr/bin:/sbin:/bin run-parts --lsbsysinit /etc/update-motd.d > /var/run/motd.new':0,CLONE,FC1102B4-2648-50DB-8250-8AEC1667D6ED,b'run-parts --lsbsysinit /etc/update-motd.d':0,ta1-theia-1
1557755497.349:4,BB16FE15-5FF3-51AA-B20E-B5E56EA0D8A2:b'/usr/bin/python /usr/bin/landscape-sysinfo':0,EXECUTE,0100D00F-C326-0C00-0000-0000B790005A,/usr/bin/who:0,ta1-theia-1
1557755497.301:5054,FE2C4675-81C5-5513-92F9-FEFE5811F0A5:b'/bin/sh /etc/update-motd.d/50-landscape-sysinfo':0,CLONE,BB16FE15-5FF3-51AA-B20E-B5E56EA0D8A2,b'/usr/bin/python /usr/bin/landscape-sysinfo':0,ta1-theia-1
1557755496.309:1903,FE2C4675-81C5-5513-92F9-FEFE5811F0A5:b'/bin/sh /etc/update-motd.d/50-landscape-sysinfo':0,CLONE,BC42C95B-A07E-544F-B6C3-E406127AC3CF,b'/usr/bin/python /usr/bin/landscape-sysinfo':0,ta1-theia-1
1557755495.952:16,75280FAA-E932-5AD3-A3DB-437D3904A29E:b'/usr/bin/python /usr/bin/landscape-sysinfo':0,CLONE,949F70C3-7E85-5A8C-9D86-764E5FEBCA78,b'sh -c /sbin/ldconfig -p 2>/dev/null':0,ta1-theia-1
1557755495.950:1732,FE2C4675-81C5-5513-92F9-FEFE5811F0A5:b'/bin/sh /etc/update-motd.d/50-landscape-sysinfo':0,CLONE,75280FAA-E932-5AD3-A3DB-437D3904A29E,b'/usr/bin/python /usr/bin/landscape-sysinfo':0,ta1-theia-1
1557755495.858:16,531E8A61-6C5F-5FAF-9B80-06C893917EFE:b'/usr/bin/python /usr/bin/landscape-sysinfo':0,CLONE,5E474B3D-1C76-51C9-878D-AE47FDFD4955,b'sh -c /sbin/ldconfig -p 2>/dev/null':0,ta1-theia-1
1557755495.857:1707,FE2C4675-81C5-5513-92F9-FEFE5811F0A5:b'/bin/sh /etc/update-motd.d/50-landscape-sysinfo':0,CLONE,531E8A61-6C5F-5FAF-9B80-06C893917EFE,b'/usr/bin/python /usr/bin/landscape-sysinfo':0,ta1-theia-1
1557755495.581:29,A5F87803-DB39-5BB7-9555-14A041F00898:b'run-parts --lsbsysinit /etc/update-motd.d':0,CLONE,FE2C4675-81C5-5513-92F9-FEFE5811F0A5,b'/bin/sh /etc/update-motd.d/50-landscape-sysinfo':0,ta1-theia-1
1557755495.565:27,A5F87803-DB39-5BB7-9555-14A041F00898:b'run-parts --lsbsysinit /etc/update-motd.d':0,CLONE,1FC3A5C0-C88D-50D4-9886-0348D3AC0B34,b'/bin/sh /etc/update-motd.d/50-landscape-sysinfo':0,ta1-theia-1
1557755495.561:1,6552416E-8026-5341-9C02-9553D3FAF67D:b'/bin/sh /etc/update-motd.d/50-landscape-sysinfo':0,CLONE,57C861C3-1800-535B-9838-BB405E41E4D2,b'/bin/sh /etc/update-motd.d/50-landscape-sysinfo':0,ta1-theia-1
1557755495.552:2,DAF88A16-5A7C-5D40-A225-C17028275E9F:b'/bin/sh /etc/update-motd.d/50-landscape-sysinfo':0,CLONE,A7A8E34B-47F8-5703-B62A-0E237E594D61,b'/bin/sh /etc/update-motd.d/50-landscape-sysinfo':0,ta1-theia-1
1557755495.552:1,DAF88A16-5A7C-5D40-A225-C17028275E9F:b'/bin/sh /etc/update-motd.d/50-landscape-sysinfo':0,CLONE,6552416E-8026-5341-9C02-9553D3FAF67D,b'/bin/sh /etc/update-motd.d/50-landscape-sysinfo':0,ta1-theia-1
1557755495.552:22,A5F87803-DB39-5BB7-9555-14A041F00898:b'run-parts --lsbsysinit /etc/update-motd.d':0,CLONE,DAF88A16-5A7C-5D40-A225-C17028275E9F,b'/bin/sh /etc/update-motd.d/50-landscape-sysinfo':0,ta1-theia-1
1557755495.528:18,A5F87803-DB39-5BB7-9555-14A041F00898:b'run-parts --lsbsysinit /etc/update-motd.d':0,CLONE,6EA26619-3C1C-572F-944D-1008C83A7895,b'/bin/sh /etc/update-motd.d/50-landscape-sysinfo':0,ta1-theia-1
1557755495.526:29,CDA1B7CD-D24F-5883-9333-2C3ABF8A3B0D:b'sh -c /usr/bin/env -i PATH=/usr/local/sbin:/usr/local/bin:/usr/sbin:/usr/bin:/sbin:/bin run-parts --lsbsysinit /etc/update-motd.d > /var/run/motd.new':0,CLONE,A5F87803-DB39-5BB7-9555-14A041F00898,b'run-parts --lsbsysinit /etc/update-motd.d':0,ta1-theia-1
1557755495.500:24,240F9A6D-DBB1-5C70-9918-180A31AF27DC:b'run-parts --lsbsysinit /etc/update-motd.d':0,CLONE,CA50E871-8BB6-5B75-B7AA-2E50C8253D3B,b'/bin/sh /etc/update-motd.d/10-help-text':0,ta1-theia-1
1557755495.500:23,240F9A6D-DBB1-5C70-9918-180A31AF27DC:b'run-parts --lsbsysinit /etc/update-motd.d':0,CLONE,709E15DA-2D94-5FEC-834B-C31C867DA9D9,b'/bin/sh /etc/update-motd.d/10-help-text':0,ta1-theia-1
1557755495.497:28,CDA1B7CD-D24F-5883-9333-2C3ABF8A3B0D:b'sh -c /usr/bin/env -i PATH=/usr/local/sbin:/usr/local/bin:/usr/sbin:/usr/bin:/sbin:/bin run-parts --lsbsysinit /etc/update-motd.d > /var/run/motd.new':0,CLONE,240F9A6D-DBB1-5C70-9918-180A31AF27DC,b'run-parts --lsbsysinit /etc/update-motd.d':0,ta1-theia-1
1557755495.478:31,92A808F8-D8A9-5C96-84CB-8AFDF792B0B0:b'run-parts --lsbsysinit /etc/update-motd.d':0,CLONE,BAAB9443-4793-57C2-A904-6E829ACCE1FC,b'/bin/sh /etc/update-motd.d/00-header':0,ta1-theia-1
1557755495.460:27,92A808F8-D8A9-5C96-84CB-8AFDF792B0B0:b'run-parts --lsbsysinit /etc/update-motd.d':0,CLONE,96F890C5-AC47-508E-8F42-FF1C1411383F,b'/bin/sh /etc/update-motd.d/00-header':0,ta1-theia-1
1557755495.458:23,92A808F8-D8A9-5C96-84CB-8AFDF792B0B0:b'run-parts --lsbsysinit /etc/update-motd.d':0,CLONE,5731B873-0D1F-5112-B541-996FDC2DC43F,b'/bin/sh /etc/update-motd.d/00-header':0,ta1-theia-1
1557755495.436:27,CDA1B7CD-D24F-5883-9333-2C3ABF8A3B0D:b'sh -c /usr/bin/env -i PATH=/usr/local/sbin:/usr/local/bin:/usr/sbin:/usr/bin:/sbin:/bin run-parts --lsbsysinit /etc/update-motd.d > /var/run/motd.new':0,CLONE,92A808F8-D8A9-5C96-84CB-8AFDF792B0B0,b'run-parts --lsbsysinit /etc/update-motd.d':0,ta1-theia-1
1557755495.432:16,59755946-E567-5D98-8C0F-5B4D799638E8:b'sshd: admin [priv]  ':0,CLONE,CDA1B7CD-D24F-5883-9333-2C3ABF8A3B0D,b'sh -c /usr/bin/env -i PATH=/usr/local/sbin:/usr/local/bin:/usr/sbin:/usr/bin:/sbin:/bin run-parts --lsbsysinit /etc/update-motd.d > /var/run/motd.new':0,ta1-theia-1
1557755495.428:554,AEED92AE-6871-568D-8D16-71AC64935123:b'/usr/sbin/sshd -D':0,CLONE,59755946-E567-5D98-8C0F-5B4D799638E8,b'sshd: admin [priv]  ':0,ta1-theia-1
1557755495.254:520262,CC7C9A7F-4BD4-5E0F-88B4-3EA111554703:null:null,READ,0100D00F-0B00-5800-0000-0000678E005A,/etc/hosts:0,ta1-theia-1
1557755495.254:520261,CC7C9A7F-4BD4-5E0F-88B4-3EA111554703:null:null,READ,0100D00F-0B00-5800-0000-0000678E005A,/etc/hosts:0,ta1-theia-1
1557755494.979:309,AEED92AE-6871-568D-8D16-71AC64935123:b'/usr/sbin/sshd -D':0,READ,0100D00F-0B00-5800-0000-0000678E005A,/etc/hosts:0,ta1-theia-1
1557755494.979:308,AEED92AE-6871-568D-8D16-71AC64935123:b'/usr/sbin/sshd -D':0,READ,0100D00F-0B00-5800-0000-0000678E005A,/etc/hosts:0,ta1-theia-1
1557755494.978:299,AEED92AE-6871-568D-8D16-71AC64935123:b'/usr/sbin/sshd -D':0,READ,0100D00F-0B00-5800-0000-0000678E005A,/etc/hosts:0,ta1-theia-1
1557755494.933:274,AEED92AE-6871-568D-8D16-71AC64935123:b'/usr/sbin/sshd -D':0,CLONE,64FFABBC-F937-5529-AE95-4C0F3D78351A,b'sshd: [accepted]    ':0,ta1-theia-1
1557755493.881:5303,84053D48-9767-59AE-A797-BAC5E4ED3368:null:null,CLONE,AEED92AE-6871-568D-8D16-71AC64935123,b'/usr/sbin/sshd -D':0,ta1-theia-1
1557755487.250:520221,CC7C9A7F-4BD4-5E0F-88B4-3EA111554703:null:null,READ,0100D00F-0B00-5800-0000-0000678E005A,/etc/hosts:0,ta1-theia-1
1557755487.250:520220,CC7C9A7F-4BD4-5E0F-88B4-3EA111554703:null:null,READ,0100D00F-0B00-5800-0000-0000678E005A,/etc/hosts:0,ta1-theia-1
1557755478.252:520176,CC7C9A7F-4BD4-5E0F-88B4-3EA111554703:null:null,READ,0100D00F-0B00-5800-0000-0000678E005A,/etc/hosts:0,ta1-theia-1
1557755478.252:520175,CC7C9A7F-4BD4-5E0F-88B4-3EA111554703:null:null,READ,0100D00F-0B00-5800-0000-0000678E005A,/etc/hosts:0,ta1-theia-1
1557755469.249:520126,CC7C9A7F-4BD4-5E0F-88B4-3EA111554703:null:null,READ,0100D00F-0B00-5800-0000-0000678E005A,/etc/hosts:0,ta1-theia-1
1557755469.249:520125,CC7C9A7F-4BD4-5E0F-88B4-3EA111554703:null:null,READ,0100D00F-0B00-5800-0000-0000678E005A,/etc/hosts:0,ta1-theia-1
1557755464.962:520090,CC7C9A7F-4BD4-5E0F-88B4-3EA111554703:null:null,READ,0100D00F-0B00-5800-0000-0000678E005A,/etc/hosts:0,ta1-theia-1
1557755464.962:520089,CC7C9A7F-4BD4-5E0F-88B4-3EA111554703:null:null,READ,0100D00F-0B00-5800-0000-0000678E005A,/etc/hosts:0,ta1-theia-1
1557755448.604:126597,D2254D75-B9E0-55BB-A06C-FF862E97E769:null:null,CLONE,35965E7B-5AAA-5AFC-ADDD-D9026B8672FB,b'xscreensaver -no-splash':1003,ta1-theia-1
1557755448.430:139,6F3C16EA-9B8A-5062-96A8-DE7C6AD19D8C:b'/usr/bin/python /usr/share/apport/apport 188762 11 0':1003,CLONE,04149303-111E-5BD6-84A9-99F11AA82B4D,b'/usr/bin/gdbus call -e -d org.gnome.SessionManager -o /org/gnome/SessionManager -m org.gnome.SessionManager.IsSessionRunning':1003,ta1-theia-1
1557755448.423:1214,15013E5F-1E74-5835-9BC9-F88AE0357FC5:b'/usr/bin/python /usr/share/apport/apport 188762 11 0':0,CLONE,6F3C16EA-9B8A-5062-96A8-DE7C6AD19D8C,b'/usr/bin/python /usr/share/apport/apport 188762 11 0':1003,ta1-theia-1
1557755448.344:126570,D2254D75-B9E0-55BB-A06C-FF862E97E769:null:null,CLONE,39D60080-1AFA-5B46-9765-6FA648E0D0C9,b'xscreensaver -no-splash':1003,ta1-theia-1
1557755439.255:520046,CC7C9A7F-4BD4-5E0F-88B4-3EA111554703:null:null,READ,0100D00F-0B00-5800-0000-0000678E005A,/etc/hosts:0,ta1-theia-1
1557755439.255:520045,CC7C9A7F-4BD4-5E0F-88B4-3EA111554703:null:null,READ,0100D00F-0B00-5800-0000-0000678E005A,/etc/hosts:0,ta1-theia-1
1557755434.882:520009,CC7C9A7F-4BD4-5E0F-88B4-3EA111554703:null:null,READ,0100D00F-0B00-5800-0000-0000678E005A,/etc/hosts:0,ta1-theia-1
1557755434.882:520008,CC7C9A7F-4BD4-5E0F-88B4-3EA111554703:null:null,READ,0100D00F-0B00-5800-0000-0000678E005A,/etc/hosts:0,ta1-theia-1
1557755425.909:519984,CC7C9A7F-4BD4-5E0F-88B4-3EA111554703:null:null,READ,0100D00F-0B00-5800-0000-0000678E005A,/etc/hosts:0,ta1-theia-1
1557755425.909:519983,CC7C9A7F-4BD4-5E0F-88B4-3EA111554703:null:null,READ,0100D00F-0B00-5800-0000-0000678E005A,/etc/hosts:0,ta1-theia-1
1557755403.508:519928,CC7C9A7F-4BD4-5E0F-88B4-3EA111554703:null:null,READ,0100D00F-0B00-5800-0000-0000678E005A,/etc/hosts:0,ta1-theia-1
1557755403.508:519927,CC7C9A7F-4BD4-5E0F-88B4-3EA111554703:null:null,READ,0100D00F-0B00-5800-0000-0000678E005A,/etc/hosts:0,ta1-theia-1
1557755378.249:519887,CC7C9A7F-4BD4-5E0F-88B4-3EA111554703:null:null,READ,0100D00F-0B00-5800-0000-0000678E005A,/etc/hosts:0,ta1-theia-1
1557755378.249:519886,CC7C9A7F-4BD4-5E0F-88B4-3EA111554703:null:null,READ,0100D00F-0B00-5800-0000-0000678E005A,/etc/hosts:0,ta1-theia-1
1557755374.914:519851,CC7C9A7F-4BD4-5E0F-88B4-3EA111554703:null:null,READ,0100D00F-0B00-5800-0000-0000678E005A,/etc/hosts:0,ta1-theia-1
1557755374.914:519850,CC7C9A7F-4BD4-5E0F-88B4-3EA111554703:null:null,READ,0100D00F-0B00-5800-0000-0000678E005A,/etc/hosts:0,ta1-theia-1
1557755363.851:519821,CC7C9A7F-4BD4-5E0F-88B4-3EA111554703:null:null,READ,0100D00F-0B00-5800-0000-0000678E005A,/etc/hosts:0,ta1-theia-1
1557755363.851:519820,CC7C9A7F-4BD4-5E0F-88B4-3EA111554703:null:null,READ,0100D00F-0B00-5800-0000-0000678E005A,/etc/hosts:0,ta1-theia-1
1557755352.251:519780,CC7C9A7F-4BD4-5E0F-88B4-3EA111554703:null:null,READ,0100D00F-0B00-5800-0000-0000678E005A,/etc/hosts:0,ta1-theia-1
1557755352.251:519779,CC7C9A7F-4BD4-5E0F-88B4-3EA111554703:null:null,READ,0100D00F-0B00-5800-0000-0000678E005A,/etc/hosts:0,ta1-theia-1
1557755344.898:519743,CC7C9A7F-4BD4-5E0F-88B4-3EA111554703:null:null,READ,0100D00F-0B00-5800-0000-0000678E005A,/etc/hosts:0,ta1-theia-1
1557755344.897:519742,CC7C9A7F-4BD4-5E0F-88B4-3EA111554703:null:null,READ,0100D00F-0B00-5800-0000-0000678E005A,/etc/hosts:0,ta1-theia-1
1557755328.252:519718,CC7C9A7F-4BD4-5E0F-88B4-3EA111554703:null:null,READ,0100D00F-0B00-5800-0000-0000678E005A,/etc/hosts:0,ta1-theia-1
1557755328.252:519717,CC7C9A7F-4BD4-5E0F-88B4-3EA111554703:null:null,READ,0100D00F-0B00-5800-0000-0000678E005A,/etc/hosts:0,ta1-theia-1
1557755320.252:519677,CC7C9A7F-4BD4-5E0F-88B4-3EA111554703:null:null,READ,0100D00F-0B00-5800-0000-0000678E005A,/etc/hosts:0,ta1-theia-1
1557755320.252:519676,CC7C9A7F-4BD4-5E0F-88B4-3EA111554703:null:null,READ,0100D00F-0B00-5800-0000-0000678E005A,/etc/hosts:0,ta1-theia-1
1557755314.946:519632,CC7C9A7F-4BD4-5E0F-88B4-3EA111554703:null:null,READ,0100D00F-0B00-5800-0000-0000678E005A,/etc/hosts:0,ta1-theia-1
1557755314.946:519631,CC7C9A7F-4BD4-5E0F-88B4-3EA111554703:null:null,READ,0100D00F-0B00-5800-0000-0000678E005A,/etc/hosts:0,ta1-theia-1
1557755268.246:519602,CC7C9A7F-4BD4-5E0F-88B4-3EA111554703:null:null,READ,0100D00F-0B00-5800-0000-0000678E005A,/etc/hosts:0,ta1-theia-1
1557755268.246:519601,CC7C9A7F-4BD4-5E0F-88B4-3EA111554703:null:null,READ,0100D00F-0B00-5800-0000-0000678E005A,/etc/hosts:0,ta1-theia-1
1557755259.250:519561,CC7C9A7F-4BD4-5E0F-88B4-3EA111554703:null:null,READ,0100D00F-0B00-5800-0000-0000678E005A,/etc/hosts:0,ta1-theia-1
1557755259.250:519560,CC7C9A7F-4BD4-5E0F-88B4-3EA111554703:null:null,READ,0100D00F-0B00-5800-0000-0000678E005A,/etc/hosts:0,ta1-theia-1
1557755254.914:519525,CC7C9A7F-4BD4-5E0F-88B4-3EA111554703:null:null,READ,0100D00F-0B00-5800-0000-0000678E005A,/etc/hosts:0,ta1-theia-1
1557755254.914:519524,CC7C9A7F-4BD4-5E0F-88B4-3EA111554703:null:null,READ,0100D00F-0B00-5800-0000-0000678E005A,/etc/hosts:0,ta1-theia-1
1557755212.247:519495,CC7C9A7F-4BD4-5E0F-88B4-3EA111554703:null:null,READ,0100D00F-0B00-5800-0000-0000678E005A,/etc/hosts:0,ta1-theia-1
1557755212.247:519494,CC7C9A7F-4BD4-5E0F-88B4-3EA111554703:null:null,READ,0100D00F-0B00-5800-0000-0000678E005A,/etc/hosts:0,ta1-theia-1
1557755203.245:519450,CC7C9A7F-4BD4-5E0F-88B4-3EA111554703:null:null,READ,0100D00F-0B00-5800-0000-0000678E005A,/etc/hosts:0,ta1-theia-1
1557755203.245:519449,CC7C9A7F-4BD4-5E0F-88B4-3EA111554703:null:null,READ,0100D00F-0B00-5800-0000-0000678E005A,/etc/hosts:0,ta1-theia-1
1557755194.882:519405,CC7C9A7F-4BD4-5E0F-88B4-3EA111554703:null:null,READ,0100D00F-0B00-5800-0000-0000678E005A,/etc/hosts:0,ta1-theia-1
1557755194.882:519404,CC7C9A7F-4BD4-5E0F-88B4-3EA111554703:null:null,READ,0100D00F-0B00-5800-0000-0000678E005A,/etc/hosts:0,ta1-theia-1
1557755169.244:519365,CC7C9A7F-4BD4-5E0F-88B4-3EA111554703:null:null,READ,0100D00F-0B00-5800-0000-0000678E005A,/etc/hosts:0,ta1-theia-1
1557755169.244:519364,CC7C9A7F-4BD4-5E0F-88B4-3EA111554703:null:null,READ,0100D00F-0B00-5800-0000-0000678E005A,/etc/hosts:0,ta1-theia-1
1557755164.930:519329,CC7C9A7F-4BD4-5E0F-88B4-3EA111554703:null:null,READ,0100D00F-0B00-5800-0000-0000678E005A,/etc/hosts:0,ta1-theia-1
1557755164.930:519328,CC7C9A7F-4BD4-5E0F-88B4-3EA111554703:null:null,READ,0100D00F-0B00-5800-0000-0000678E005A,/etc/hosts:0,ta1-theia-1
1557755153.436:15534,94E4DFBD-838C-514F-903B-19CAECEF6F62:null:null,READ,0100D00F-0B00-5800-0000-0000678E005A,/etc/hosts:0,ta1-theia-1
1557755153.436:15533,94E4DFBD-838C-514F-903B-19CAECEF6F62:null:null,READ,0100D00F-0B00-5800-0000-0000678E005A,/etc/hosts:0,ta1-theia-1
1557755153.436:15529,94E4DFBD-838C-514F-903B-19CAECEF6F62:null:null,READ,0100D00F-0B00-5800-0000-0000678E005A,/etc/hosts:0,ta1-theia-1
1557755139.247:519284,CC7C9A7F-4BD4-5E0F-88B4-3EA111554703:null:null,READ,0100D00F-0B00-5800-0000-0000678E005A,/etc/hosts:0,ta1-theia-1
1557755139.247:519283,CC7C9A7F-4BD4-5E0F-88B4-3EA111554703:null:null,READ,0100D00F-0B00-5800-0000-0000678E005A,/etc/hosts:0,ta1-theia-1
1557755134.914:519248,CC7C9A7F-4BD4-5E0F-88B4-3EA111554703:null:null,READ,0100D00F-0B00-5800-0000-0000678E005A,/etc/hosts:0,ta1-theia-1
1557755134.914:519247,CC7C9A7F-4BD4-5E0F-88B4-3EA111554703:null:null,READ,0100D00F-0B00-5800-0000-0000678E005A,/etc/hosts:0,ta1-theia-1
1557755119.771:519218,CC7C9A7F-4BD4-5E0F-88B4-3EA111554703:null:null,READ,0100D00F-0B00-5800-0000-0000678E005A,/etc/hosts:0,ta1-theia-1
1557755119.771:519217,CC7C9A7F-4BD4-5E0F-88B4-3EA111554703:null:null,READ,0100D00F-0B00-5800-0000-0000678E005A,/etc/hosts:0,ta1-theia-1
1557755093.816:519168,CC7C9A7F-4BD4-5E0F-88B4-3EA111554703:null:null,READ,0100D00F-0B00-5800-0000-0000678E005A,/etc/hosts:0,ta1-theia-1
1557755093.816:519167,CC7C9A7F-4BD4-5E0F-88B4-3EA111554703:null:null,READ,0100D00F-0B00-5800-0000-0000678E005A,/etc/hosts:0,ta1-theia-1
1557755083.245:519127,CC7C9A7F-4BD4-5E0F-88B4-3EA111554703:null:null,READ,0100D00F-0B00-5800-0000-0000678E005A,/etc/hosts:0,ta1-theia-1
1557755083.245:519126,CC7C9A7F-4BD4-5E0F-88B4-3EA111554703:null:null,READ,0100D00F-0B00-5800-0000-0000678E005A,/etc/hosts:0,ta1-theia-1
1557755074.946:519082,CC7C9A7F-4BD4-5E0F-88B4-3EA111554703:null:null,READ,0100D00F-0B00-5800-0000-0000678E005A,/etc/hosts:0,ta1-theia-1
1557755074.946:519081,CC7C9A7F-4BD4-5E0F-88B4-3EA111554703:null:null,READ,0100D00F-0B00-5800-0000-0000678E005A,/etc/hosts:0,ta1-theia-1
1557755054.733:15522,94E4DFBD-838C-514F-903B-19CAECEF6F62:null:null,READ,0100D00F-0B00-5800-0000-0000678E005A,/etc/hosts:0,ta1-theia-1
1557755054.733:15521,94E4DFBD-838C-514F-903B-19CAECEF6F62:null:null,READ,0100D00F-0B00-5800-0000-0000678E005A,/etc/hosts:0,ta1-theia-1
1557755054.733:15517,94E4DFBD-838C-514F-903B-19CAECEF6F62:null:null,READ,0100D00F-0B00-5800-0000-0000678E005A,/etc/hosts:0,ta1-theia-1
1557755031.281:519047,CC7C9A7F-4BD4-5E0F-88B4-3EA111554703:null:null,READ,0100D00F-0B00-5800-0000-0000678E005A,/etc/hosts:0,ta1-theia-1
1557755031.281:519046,CC7C9A7F-4BD4-5E0F-88B4-3EA111554703:null:null,READ,0100D00F-0B00-5800-0000-0000678E005A,/etc/hosts:0,ta1-theia-1
1557755027.665:15510,94E4DFBD-838C-514F-903B-19CAECEF6F62:null:null,READ,0100D00F-0B00-5800-0000-0000678E005A,/etc/hosts:0,ta1-theia-1
1557755027.665:15509,94E4DFBD-838C-514F-903B-19CAECEF6F62:null:null,READ,0100D00F-0B00-5800-0000-0000678E005A,/etc/hosts:0,ta1-theia-1
1557755027.665:15505,94E4DFBD-838C-514F-903B-19CAECEF6F62:null:null,READ,0100D00F-0B00-5800-0000-0000678E005A,/etc/hosts:0,ta1-theia-1
1557755022.242:519001,CC7C9A7F-4BD4-5E0F-88B4-3EA111554703:null:null,READ,0100D00F-0B00-5800-0000-0000678E005A,/etc/hosts:0,ta1-theia-1
1557755022.242:519000,CC7C9A7F-4BD4-5E0F-88B4-3EA111554703:null:null,READ,0100D00F-0B00-5800-0000-0000678E005A,/etc/hosts:0,ta1-theia-1
1557755014.914:518965,CC7C9A7F-4BD4-5E0F-88B4-3EA111554703:null:null,READ,0100D00F-0B00-5800-0000-0000678E005A,/etc/hosts:0,ta1-theia-1
1557755014.914:518964,CC7C9A7F-4BD4-5E0F-88B4-3EA111554703:null:null,READ,0100D00F-0B00-5800-0000-0000678E005A,/etc/hosts:0,ta1-theia-1
1557754984.093:518930,CC7C9A7F-4BD4-5E0F-88B4-3EA111554703:null:null,READ,0100D00F-0B00-5800-0000-0000678E005A,/etc/hosts:0,ta1-theia-1
1557754984.093:518929,CC7C9A7F-4BD4-5E0F-88B4-3EA111554703:null:null,READ,0100D00F-0B00-5800-0000-0000678E005A,/etc/hosts:0,ta1-theia-1
1557754961.241:518889,CC7C9A7F-4BD4-5E0F-88B4-3EA111554703:null:null,READ,0100D00F-0B00-5800-0000-0000678E005A,/etc/hosts:0,ta1-theia-1
1557754961.241:518888,CC7C9A7F-4BD4-5E0F-88B4-3EA111554703:null:null,READ,0100D00F-0B00-5800-0000-0000678E005A,/etc/hosts:0,ta1-theia-1
1557754954.882:518848,CC7C9A7F-4BD4-5E0F-88B4-3EA111554703:null:null,READ,0100D00F-0B00-5800-0000-0000678E005A,/etc/hosts:0,ta1-theia-1
1557754954.882:518847,CC7C9A7F-4BD4-5E0F-88B4-3EA111554703:null:null,READ,0100D00F-0B00-5800-0000-0000678E005A,/etc/hosts:0,ta1-theia-1
1557754936.269:518818,CC7C9A7F-4BD4-5E0F-88B4-3EA111554703:null:null,READ,0100D00F-0B00-5800-0000-0000678E005A,/etc/hosts:0,ta1-theia-1
1557754936.269:518817,CC7C9A7F-4BD4-5E0F-88B4-3EA111554703:null:null,READ,0100D00F-0B00-5800-0000-0000678E005A,/etc/hosts:0,ta1-theia-1
1557754922.112:518767,CC7C9A7F-4BD4-5E0F-88B4-3EA111554703:null:null,READ,0100D00F-0B00-5800-0000-0000678E005A,/etc/hosts:0,ta1-theia-1
1557754922.112:518766,CC7C9A7F-4BD4-5E0F-88B4-3EA111554703:null:null,READ,0100D00F-0B00-5800-0000-0000678E005A,/etc/hosts:0,ta1-theia-1
1557754900.238:518726,CC7C9A7F-4BD4-5E0F-88B4-3EA111554703:null:null,READ,0100D00F-0B00-5800-0000-0000678E005A,/etc/hosts:0,ta1-theia-1
1557754900.238:518725,CC7C9A7F-4BD4-5E0F-88B4-3EA111554703:null:null,READ,0100D00F-0B00-5800-0000-0000678E005A,/etc/hosts:0,ta1-theia-1
1557754894.914:518690,CC7C9A7F-4BD4-5E0F-88B4-3EA111554703:null:null,READ,0100D00F-0B00-5800-0000-0000678E005A,/etc/hosts:0,ta1-theia-1
1557754894.914:518689,CC7C9A7F-4BD4-5E0F-88B4-3EA111554703:null:null,READ,0100D00F-0B00-5800-0000-0000678E005A,/etc/hosts:0,ta1-theia-1
1557754873.239:518655,CC7C9A7F-4BD4-5E0F-88B4-3EA111554703:null:null,READ,0100D00F-0B00-5800-0000-0000678E005A,/etc/hosts:0,ta1-theia-1
1557754873.239:518654,CC7C9A7F-4BD4-5E0F-88B4-3EA111554703:null:null,READ,0100D00F-0B00-5800-0000-0000678E005A,/etc/hosts:0,ta1-theia-1
1557754864.898:518614,CC7C9A7F-4BD4-5E0F-88B4-3EA111554703:null:null,READ,0100D00F-0B00-5800-0000-0000678E005A,/etc/hosts:0,ta1-theia-1
1557754864.898:518613,CC7C9A7F-4BD4-5E0F-88B4-3EA111554703:null:null,READ,0100D00F-0B00-5800-0000-0000678E005A,/etc/hosts:0,ta1-theia-1
1557754854.951:518584,CC7C9A7F-4BD4-5E0F-88B4-3EA111554703:null:null,READ,0100D00F-0B00-5800-0000-0000678E005A,/etc/hosts:0,ta1-theia-1
1557754854.951:518583,CC7C9A7F-4BD4-5E0F-88B4-3EA111554703:null:null,READ,0100D00F-0B00-5800-0000-0000678E005A,/etc/hosts:0,ta1-theia-1
1557754849.095:518543,CC7C9A7F-4BD4-5E0F-88B4-3EA111554703:null:null,READ,0100D00F-0B00-5800-0000-0000678E005A,/etc/hosts:0,ta1-theia-1
1557754849.095:518542,CC7C9A7F-4BD4-5E0F-88B4-3EA111554703:null:null,READ,0100D00F-0B00-5800-0000-0000678E005A,/etc/hosts:0,ta1-theia-1
1557754848.332:126470,D2254D75-B9E0-55BB-A06C-FF862E97E769:null:null,CLONE,4637DB91-672F-596D-8B39-002C1085A356,b'xscreensaver -no-splash':1003,ta1-theia-1
1557754848.171:139,577A1531-958C-5657-B26F-DA14E9C02224:b'/usr/bin/python /usr/share/apport/apport 188717 11 0':1003,CLONE,A19268A5-E7DD-51C6-BAFD-95A45C60186D,b'/usr/bin/gdbus call -e -d org.gnome.SessionManager -o /org/gnome/SessionManager -m org.gnome.SessionManager.IsSessionRunning':1003,ta1-theia-1
1557754848.160:1214,F22FE61E-AED5-52DA-8066-014EDF3E138C:b'/usr/bin/python /usr/share/apport/apport 188717 11 0':0,CLONE,577A1531-958C-5657-B26F-DA14E9C02224,b'/usr/bin/python /usr/share/apport/apport 188717 11 0':1003,ta1-theia-1
1557754848.072:126443,D2254D75-B9E0-55BB-A06C-FF862E97E769:null:null,CLONE,9973A54D-F517-5226-8D81-C347B8B7F964,b'xscreensaver -no-splash':1003,ta1-theia-1
1557754828.712:518483,CC7C9A7F-4BD4-5E0F-88B4-3EA111554703:null:null,READ,0100D00F-0B00-5800-0000-0000678E005A,/etc/hosts:0,ta1-theia-1
1557754828.712:518482,CC7C9A7F-4BD4-5E0F-88B4-3EA111554703:null:null,READ,0100D00F-0B00-5800-0000-0000678E005A,/etc/hosts:0,ta1-theia-1
1557754818.234:518438,CC7C9A7F-4BD4-5E0F-88B4-3EA111554703:null:null,READ,0100D00F-0B00-5800-0000-0000678E005A,/etc/hosts:0,ta1-theia-1
1557754818.234:518437,CC7C9A7F-4BD4-5E0F-88B4-3EA111554703:null:null,READ,0100D00F-0B00-5800-0000-0000678E005A,/etc/hosts:0,ta1-theia-1
1557754809.237:518397,CC7C9A7F-4BD4-5E0F-88B4-3EA111554703:null:null,READ,0100D00F-0B00-5800-0000-0000678E005A,/etc/hosts:0,ta1-theia-1
1557754809.236:518396,CC7C9A7F-4BD4-5E0F-88B4-3EA111554703:null:null,READ,0100D00F-0B00-5800-0000-0000678E005A,/etc/hosts:0,ta1-theia-1
1557754804.866:518361,CC7C9A7F-4BD4-5E0F-88B4-3EA111554703:null:null,READ,0100D00F-0B00-5800-0000-0000678E005A,/etc/hosts:0,ta1-theia-1
1557754804.866:518360,CC7C9A7F-4BD4-5E0F-88B4-3EA111554703:null:null,READ,0100D00F-0B00-5800-0000-0000678E005A,/etc/hosts:0,ta1-theia-1
1557754779.220:518331,CC7C9A7F-4BD4-5E0F-88B4-3EA111554703:null:null,READ,0100D00F-0B00-5800-0000-0000678E005A,/etc/hosts:0,ta1-theia-1
1557754779.220:518330,CC7C9A7F-4BD4-5E0F-88B4-3EA111554703:null:null,READ,0100D00F-0B00-5800-0000-0000678E005A,/etc/hosts:0,ta1-theia-1
1557754774.914:518294,CC7C9A7F-4BD4-5E0F-88B4-3EA111554703:null:null,READ,0100D00F-0B00-5800-0000-0000678E005A,/etc/hosts:0,ta1-theia-1
1557754774.914:518293,CC7C9A7F-4BD4-5E0F-88B4-3EA111554703:null:null,READ,0100D00F-0B00-5800-0000-0000678E005A,/etc/hosts:0,ta1-theia-1
1557754750.204:518269,CC7C9A7F-4BD4-5E0F-88B4-3EA111554703:null:null,READ,0100D00F-0B00-5800-0000-0000678E005A,/etc/hosts:0,ta1-theia-1
1557754750.204:518268,CC7C9A7F-4BD4-5E0F-88B4-3EA111554703:null:null,READ,0100D00F-0B00-5800-0000-0000678E005A,/etc/hosts:0,ta1-theia-1
1557754744.961:518227,CC7C9A7F-4BD4-5E0F-88B4-3EA111554703:null:null,READ,0100D00F-0B00-5800-0000-0000678E005A,/etc/hosts:0,ta1-theia-1
1557754744.961:518226,CC7C9A7F-4BD4-5E0F-88B4-3EA111554703:null:null,READ,0100D00F-0B00-5800-0000-0000678E005A,/etc/hosts:0,ta1-theia-1
1557754723.186:518202,CC7C9A7F-4BD4-5E0F-88B4-3EA111554703:null:null,READ,0100D00F-0B00-5800-0000-0000678E005A,/etc/hosts:0,ta1-theia-1
1557754723.186:518201,CC7C9A7F-4BD4-5E0F-88B4-3EA111554703:null:null,READ,0100D00F-0B00-5800-0000-0000678E005A,/etc/hosts:0,ta1-theia-1
1557754714.882:518161,CC7C9A7F-4BD4-5E0F-88B4-3EA111554703:null:null,READ,0100D00F-0B00-5800-0000-0000678E005A,/etc/hosts:0,ta1-theia-1
1557754714.882:518160,CC7C9A7F-4BD4-5E0F-88B4-3EA111554703:null:null,READ,0100D00F-0B00-5800-0000-0000678E005A,/etc/hosts:0,ta1-theia-1
1557754700.171:518131,CC7C9A7F-4BD4-5E0F-88B4-3EA111554703:null:null,READ,0100D00F-0B00-5800-0000-0000678E005A,/etc/hosts:0,ta1-theia-1
1557754700.171:518130,CC7C9A7F-4BD4-5E0F-88B4-3EA111554703:null:null,READ,0100D00F-0B00-5800-0000-0000678E005A,/etc/hosts:0,ta1-theia-1
1557754692.168:518094,CC7C9A7F-4BD4-5E0F-88B4-3EA111554703:null:null,READ,0100D00F-0B00-5800-0000-0000678E005A,/etc/hosts:0,ta1-theia-1
1557754692.168:518093,CC7C9A7F-4BD4-5E0F-88B4-3EA111554703:null:null,READ,0100D00F-0B00-5800-0000-0000678E005A,/etc/hosts:0,ta1-theia-1
1557754684.354:518069,CC7C9A7F-4BD4-5E0F-88B4-3EA111554703:null:null,READ,0100D00F-0B00-5800-0000-0000678E005A,/etc/hosts:0,ta1-theia-1
1557754684.354:518068,CC7C9A7F-4BD4-5E0F-88B4-3EA111554703:null:null,READ,0100D00F-0B00-5800-0000-0000678E005A,/etc/hosts:0,ta1-theia-1
1557754662.155:518028,CC7C9A7F-4BD4-5E0F-88B4-3EA111554703:null:null,READ,0100D00F-0B00-5800-0000-0000678E005A,/etc/hosts:0,ta1-theia-1
1557754662.155:518027,CC7C9A7F-4BD4-5E0F-88B4-3EA111554703:null:null,READ,0100D00F-0B00-5800-0000-0000678E005A,/etc/hosts:0,ta1-theia-1
1557754654.914:517992,CC7C9A7F-4BD4-5E0F-88B4-3EA111554703:null:null,READ,0100D00F-0B00-5800-0000-0000678E005A,/etc/hosts:0,ta1-theia-1
1557754654.914:517991,CC7C9A7F-4BD4-5E0F-88B4-3EA111554703:null:null,READ,0100D00F-0B00-5800-0000-0000678E005A,/etc/hosts:0,ta1-theia-1
1557754642.156:517962,CC7C9A7F-4BD4-5E0F-88B4-3EA111554703:null:null,READ,0100D00F-0B00-5800-0000-0000678E005A,/etc/hosts:0,ta1-theia-1
1557754642.156:517961,CC7C9A7F-4BD4-5E0F-88B4-3EA111554703:null:null,READ,0100D00F-0B00-5800-0000-0000678E005A,/etc/hosts:0,ta1-theia-1
1557754633.153:517921,CC7C9A7F-4BD4-5E0F-88B4-3EA111554703:null:null,READ,0100D00F-0B00-5800-0000-0000678E005A,/etc/hosts:0,ta1-theia-1
1557754633.153:517920,CC7C9A7F-4BD4-5E0F-88B4-3EA111554703:null:null,READ,0100D00F-0B00-5800-0000-0000678E005A,/etc/hosts:0,ta1-theia-1
1557754624.898:517880,CC7C9A7F-4BD4-5E0F-88B4-3EA111554703:null:null,READ,0100D00F-0B00-5800-0000-0000678E005A,/etc/hosts:0,ta1-theia-1
1557754624.898:517879,CC7C9A7F-4BD4-5E0F-88B4-3EA111554703:null:null,READ,0100D00F-0B00-5800-0000-0000678E005A,/etc/hosts:0,ta1-theia-1
1557754612.983:517845,CC7C9A7F-4BD4-5E0F-88B4-3EA111554703:null:null,READ,0100D00F-0B00-5800-0000-0000678E005A,/etc/hosts:0,ta1-theia-1
1557754612.983:517844,CC7C9A7F-4BD4-5E0F-88B4-3EA111554703:null:null,READ,0100D00F-0B00-5800-0000-0000678E005A,/etc/hosts:0,ta1-theia-1
1557754543.137:517804,CC7C9A7F-4BD4-5E0F-88B4-3EA111554703:null:null,READ,0100D00F-0B00-5800-0000-0000678E005A,/etc/hosts:0,ta1-theia-1
1557754543.137:517803,CC7C9A7F-4BD4-5E0F-88B4-3EA111554703:null:null,READ,0100D00F-0B00-5800-0000-0000678E005A,/etc/hosts:0,ta1-theia-1
1557754534.914:517754,CC7C9A7F-4BD4-5E0F-88B4-3EA111554703:null:null,READ,0100D00F-0B00-5800-0000-0000678E005A,/etc/hosts:0,ta1-theia-1
1557754534.914:517753,CC7C9A7F-4BD4-5E0F-88B4-3EA111554703:null:null,READ,0100D00F-0B00-5800-0000-0000678E005A,/etc/hosts:0,ta1-theia-1
1557754526.087:28,777499F1-A375-57EC-9781-4D0A43181A10:b'sshd: admin [priv]  ':0,CLONE,DA42DD75-7CAE-5743-84CB-9F71F1F4573D,b'sshd: admin@notty   ':1003,ta1-theia-1
1557754526.084:591,07D169BD-2B88-5F9E-8844-F487D90FD08D:b'/usr/sbin/sshd -D':0,CLONE,777499F1-A375-57EC-9781-4D0A43181A10,b'sshd: admin [priv]  ':0,ta1-theia-1
1557754526.068:35,727C77FE-0557-59D4-9F96-18D8DECCBCE0:b'sh -c /usr/bin/env -i PATH=/usr/local/sbin:/usr/local/bin:/usr/sbin:/usr/bin:/sbin:/bin run-parts --lsbsysinit /etc/update-motd.d > /var/run/motd.new':0,CLONE,2A6FFEB5-8FE9-5FD4-8438-3B72C42AB49E,b'run-parts --lsbsysinit /etc/update-motd.d':0,ta1-theia-1
1557754526.049:34,727C77FE-0557-59D4-9F96-18D8DECCBCE0:b'sh -c /usr/bin/env -i PATH=/usr/local/sbin:/usr/local/bin:/usr/sbin:/usr/bin:/sbin:/bin run-parts --lsbsysinit /etc/update-motd.d > /var/run/motd.new':0,CLONE,40F0199B-234B-50BC-AD73-1652EEF20032,b'run-parts --lsbsysinit /etc/update-motd.d':0,ta1-theia-1
1557754526.045:0,E5265265-9B9D-53C7-8303-FE55B39859F4:b'/bin/sh /usr/lib/update-notifier/update-motd-fsck-at-reboot':0,EXECUTE,0100D00F-9E00-3200-0000-0000B790005A,/bin/cat:0,ta1-theia-1
1557754526.044:43,4E115472-A708-5153-8584-BA25D4F71C4C:b'run-parts --lsbsysinit /etc/update-motd.d':0,CLONE,E5265265-9B9D-53C7-8303-FE55B39859F4,b'/bin/sh /usr/lib/update-notifier/update-motd-fsck-at-reboot':0,ta1-theia-1
1557754526.025:40,4E115472-A708-5153-8584-BA25D4F71C4C:b'run-parts --lsbsysinit /etc/update-motd.d':0,CLONE,372C3982-A2C3-566F-8965-A20FAE8F90ED,b'/bin/sh /usr/lib/update-notifier/update-motd-fsck-at-reboot':0,ta1-theia-1
1557754526.015:36,4E115472-A708-5153-8584-BA25D4F71C4C:b'run-parts --lsbsysinit /etc/update-motd.d':0,CLONE,183979A6-0F7E-593B-99DD-BEB1876188B9,b'/bin/sh /usr/lib/update-notifier/update-motd-fsck-at-reboot':0,ta1-theia-1
1557754526.009:33,727C77FE-0557-59D4-9F96-18D8DECCBCE0:b'sh -c /usr/bin/env -i PATH=/usr/local/sbin:/usr/local/bin:/usr/sbin:/usr/bin:/sbin:/bin run-parts --lsbsysinit /etc/update-motd.d > /var/run/motd.new':0,CLONE,4E115472-A708-5153-8584-BA25D4F71C4C,b'run-parts --lsbsysinit /etc/update-motd.d':0,ta1-theia-1
1557754525.935:0,485C5F3D-D93E-551C-9713-BA3E511F1A52:b'/bin/sh -e /usr/lib/update-notifier/update-motd-hwe-eol':0,EXECUTE,0100D00F-9E00-3200-0000-0000B790005A,/bin/cat:0,ta1-theia-1
1557754525.934:57,5BAF2732-796F-53E7-8780-E8F4E04EB305:b'run-parts --lsbsysinit /etc/update-motd.d':0,CLONE,485C5F3D-D93E-551C-9713-BA3E511F1A52,b'/bin/sh -e /usr/lib/update-notifier/update-motd-hwe-eol':0,ta1-theia-1
1557754525.927:55,5BAF2732-796F-53E7-8780-E8F4E04EB305:b'run-parts --lsbsysinit /etc/update-motd.d':0,CLONE,484FC1C2-30AC-59FD-87FA-056F5ACED390,b'/bin/sh -e /usr/lib/update-notifier/update-motd-hwe-eol':0,ta1-theia-1
1557754525.920:105,FCD655DC-DE7A-5DAD-8B4D-6E780A8EB9A8:b'/bin/sh -e /usr/lib/update-notifier/update-motd-hwe-eol':0,CLONE,A2F12DE6-4EEB-5DE4-B8F7-BAC9A16DF358,b'apt-config shell DpkgStatusDir Dir::State::status':0,ta1-theia-1
1557754525.915:51,5BAF2732-796F-53E7-8780-E8F4E04EB305:b'run-parts --lsbsysinit /etc/update-motd.d':0,CLONE,FCD655DC-DE7A-5DAD-8B4D-6E780A8EB9A8,b'/bin/sh -e /usr/lib/update-notifier/update-motd-hwe-eol':0,ta1-theia-1
1557754525.909:105,60EB20B9-4AEF-537B-86AE-B6B348D06244:b'/bin/sh -e /usr/lib/update-notifier/update-motd-hwe-eol':0,CLONE,B103CCC9-0235-5BD1-87E0-5F5549F956BC,b'apt-config shell SourceList Dir::Etc::sourcelist':0,ta1-theia-1
1557754525.897:47,5BAF2732-796F-53E7-8780-E8F4E04EB305:b'run-parts --lsbsysinit /etc/update-motd.d':0,CLONE,60EB20B9-4AEF-537B-86AE-B6B348D06244,b'/bin/sh -e /usr/lib/update-notifier/update-motd-hwe-eol':0,ta1-theia-1
1557754525.770:105,B761E98F-665E-5C43-97A0-A416368E96C4:b'/bin/sh -e /usr/lib/update-notifier/update-motd-hwe-eol':0,CLONE,DF7787CF-CF27-518B-9616-A3BEE28AEA90,b'apt-config shell EtcDir Dir::Etc':0,ta1-theia-1
1557754525.753:43,5BAF2732-796F-53E7-8780-E8F4E04EB305:b'run-parts --lsbsysinit /etc/update-motd.d':0,CLONE,B761E98F-665E-5C43-97A0-A416368E96C4,b'/bin/sh -e /usr/lib/update-notifier/update-motd-hwe-eol':0,ta1-theia-1
1557754525.624:105,475EE6AE-ADEE-56B7-BCEA-D437F8BEF425:b'/bin/sh -e /usr/lib/update-notifier/update-motd-hwe-eol':0,CLONE,23CC9362-8F30-5FD7-BC64-CE4AA9355F36,b'apt-config shell ListDir Dir::State::Lists':0,ta1-theia-1
1557754525.609:39,5BAF2732-796F-53E7-8780-E8F4E04EB305:b'run-parts --lsbsysinit /etc/update-motd.d':0,CLONE,475EE6AE-ADEE-56B7-BCEA-D437F8BEF425,b'/bin/sh -e /usr/lib/update-notifier/update-motd-hwe-eol':0,ta1-theia-1
1557754525.488:105,76F6BD92-48D3-59B9-9DE9-AFB99FD27B3E:b'/bin/sh -e /usr/lib/update-notifier/update-motd-hwe-eol':0,CLONE,AB16E14E-42D6-5AF6-B56E-CD3F7012D27B,b'apt-config shell StateDir Dir::State':0,ta1-theia-1
1557754525.476:35,5BAF2732-796F-53E7-8780-E8F4E04EB305:b'run-parts --lsbsysinit /etc/update-motd.d':0,CLONE,76F6BD92-48D3-59B9-9DE9-AFB99FD27B3E,b'/bin/sh -e /usr/lib/update-notifier/update-motd-hwe-eol':0,ta1-theia-1
1557754525.469:32,727C77FE-0557-59D4-9F96-18D8DECCBCE0:b'sh -c /usr/bin/env -i PATH=/usr/local/sbin:/usr/local/bin:/usr/sbin:/usr/bin:/sbin:/bin run-parts --lsbsysinit /etc/update-motd.d > /var/run/motd.new':0,CLONE,5BAF2732-796F-53E7-8780-E8F4E04EB305,b'run-parts --lsbsysinit /etc/update-motd.d':0,ta1-theia-1
1557754525.345:0,590F6DEB-A51F-51B9-A42C-F668965E15C2:b'/bin/sh -e /usr/lib/update-manager/release-upgrade-motd':0,EXECUTE,0100D00F-9E00-3200-0000-0000B790005A,/bin/cat:0,ta1-theia-1
1557754525.340:34,766695BA-9BCF-5FF1-A400-61A8DC935413:b'run-parts --lsbsysinit /etc/update-motd.d':0,CLONE,590F6DEB-A51F-51B9-A42C-F668965E15C2,b'/bin/sh -e /usr/lib/update-manager/release-upgrade-motd':0,ta1-theia-1
1557754525.329:31,727C77FE-0557-59D4-9F96-18D8DECCBCE0:b'sh -c /usr/bin/env -i PATH=/usr/local/sbin:/usr/local/bin:/usr/sbin:/usr/bin:/sbin:/bin run-parts --lsbsysinit /etc/update-motd.d > /var/run/motd.new':0,CLONE,766695BA-9BCF-5FF1-A400-61A8DC935413,b'run-parts --lsbsysinit /etc/update-motd.d':0,ta1-theia-1
1557754525.089:0,FAD23468-6C20-52CB-AE77-D7B9EA1BAB07:b'/bin/sh -e /usr/lib/update-notifier/update-motd-updates-available':0,EXECUTE,0100D00F-9E00-3200-0000-0000B790005A,/bin/cat:0,ta1-theia-1
1557754525.089:447,F13705B2-868D-57EE-BA75-28BB348460B4:b'run-parts --lsbsysinit /etc/update-motd.d':0,CLONE,FAD23468-6C20-52CB-AE77-D7B9EA1BAB07,b'/bin/sh -e /usr/lib/update-notifier/update-motd-updates-available':0,ta1-theia-1
1557754525.033:444,F13705B2-868D-57EE-BA75-28BB348460B4:b'run-parts --lsbsysinit /etc/update-motd.d':0,CLONE,8EECCF2B-BD2E-5936-B3ED-59B263BD9D36,b'/bin/sh -e /usr/lib/update-notifier/update-motd-updates-available':0,ta1-theia-1
1557754524.904:105,E941E85A-EA22-5F3C-8CB6-3F68BC941913:b'/bin/sh -e /usr/lib/update-notifier/update-motd-updates-available':0,CLONE,98BA562E-33FC-5C25-9F50-8395C242F951,b'apt-config shell SourceList Dir::Etc::sourcelist':0,ta1-theia-1
1557754524.885:440,F13705B2-868D-57EE-BA75-28BB348460B4:b'run-parts --lsbsysinit /etc/update-motd.d':0,CLONE,E941E85A-EA22-5F3C-8CB6-3F68BC941913,b'/bin/sh -e /usr/lib/update-notifier/update-motd-updates-available':0,ta1-theia-1
1557754524.762:105,5E0E1449-BD7A-5648-B1E3-9A32868B5202:b'/bin/sh -e /usr/lib/update-notifier/update-motd-updates-available':0,CLONE,1984B72E-AF01-5C41-9AAA-B8C2DB4112BF,b'apt-config shell EtcDir Dir::Etc':0,ta1-theia-1
1557754524.749:436,F13705B2-868D-57EE-BA75-28BB348460B4:b'run-parts --lsbsysinit /etc/update-motd.d':0,CLONE,5E0E1449-BD7A-5648-B1E3-9A32868B5202,b'/bin/sh -e /usr/lib/update-notifier/update-motd-updates-available':0,ta1-theia-1
1557754524.693:432,F13705B2-868D-57EE-BA75-28BB348460B4:b'run-parts --lsbsysinit /etc/update-motd.d':0,CLONE,0012115C-28F4-58D9-9179-81BE4B6010B0,b'/bin/sh -e /usr/lib/update-notifier/update-motd-updates-available':0,ta1-theia-1
1557754524.637:428,F13705B2-868D-57EE-BA75-28BB348460B4:b'run-parts --lsbsysinit /etc/update-motd.d':0,CLONE,F1FDF822-ECFC-52B6-9600-A90999102677,b'/bin/sh -e /usr/lib/update-notifier/update-motd-updates-available':0,ta1-theia-1
1557754524.581:424,F13705B2-868D-57EE-BA75-28BB348460B4:b'run-parts --lsbsysinit /etc/update-motd.d':0,CLONE,BC646CEC-39F4-5608-BCC8-6A2EF4178BA8,b'/bin/sh -e /usr/lib/update-notifier/update-motd-updates-available':0,ta1-theia-1
1557754524.525:420,F13705B2-868D-57EE-BA75-28BB348460B4:b'run-parts --lsbsysinit /etc/update-motd.d':0,CLONE,66A11AE5-4550-5449-B3F7-CEB716460A7B,b'/bin/sh -e /usr/lib/update-notifier/update-motd-updates-available':0,ta1-theia-1
1557754524.465:416,F13705B2-868D-57EE-BA75-28BB348460B4:b'run-parts --lsbsysinit /etc/update-motd.d':0,CLONE,A90E04FB-21B1-5270-ABF5-BD659D6151E1,b'/bin/sh -e /usr/lib/update-notifier/update-motd-updates-available':0,ta1-theia-1
1557754524.405:412,F13705B2-868D-57EE-BA75-28BB348460B4:b'run-parts --lsbsysinit /etc/update-motd.d':0,CLONE,DF14503A-4C18-5916-B89D-8C3CD23AA1B0,b'/bin/sh -e /usr/lib/update-notifier/update-motd-updates-available':0,ta1-theia-1
1557754524.349:408,F13705B2-868D-57EE-BA75-28BB348460B4:b'run-parts --lsbsysinit /etc/update-motd.d':0,CLONE,4B9BAEB5-9523-59E5-9D10-26D54C19B357,b'/bin/sh -e /usr/lib/update-notifier/update-motd-updates-available':0,ta1-theia-1
1557754524.293:404,F13705B2-868D-57EE-BA75-28BB348460B4:b'run-parts --lsbsysinit /etc/update-motd.d':0,CLONE,B1673DD7-6F28-55A0-82BF-7C80AC0058A3,b'/bin/sh -e /usr/lib/update-notifier/update-motd-updates-available':0,ta1-theia-1
1557754524.237:400,F13705B2-868D-57EE-BA75-28BB348460B4:b'run-parts --lsbsysinit /etc/update-motd.d':0,CLONE,11CA5421-B116-5D90-B417-829041E5DDA3,b'/bin/sh -e /usr/lib/update-notifier/update-motd-updates-available':0,ta1-theia-1
1557754524.181:396,F13705B2-868D-57EE-BA75-28BB348460B4:b'run-parts --lsbsysinit /etc/update-motd.d':0,CLONE,62A989A6-760A-59BE-99F0-F7692A412F84,b'/bin/sh -e /usr/lib/update-notifier/update-motd-updates-available':0,ta1-theia-1
1557754524.121:392,F13705B2-868D-57EE-BA75-28BB348460B4:b'run-parts --lsbsysinit /etc/update-motd.d':0,CLONE,6F772876-C24E-5E7E-9926-9EE73C3CD625,b'/bin/sh -e /usr/lib/update-notifier/update-motd-updates-available':0,ta1-theia-1
1557754524.065:388,F13705B2-868D-57EE-BA75-28BB348460B4:b'run-parts --lsbsysinit /etc/update-motd.d':0,CLONE,B8A53ED9-2E6D-500F-BDBA-ACE3DBDBB077,b'/bin/sh -e /usr/lib/update-notifier/update-motd-updates-available':0,ta1-theia-1
1557754524.009:384,F13705B2-868D-57EE-BA75-28BB348460B4:b'run-parts --lsbsysinit /etc/update-motd.d':0,CLONE,809A4DEF-DB3F-5D1A-B333-C80D18B3FF1F,b'/bin/sh -e /usr/lib/update-notifier/update-motd-updates-available':0,ta1-theia-1
1557754523.953:380,F13705B2-868D-57EE-BA75-28BB348460B4:b'run-parts --lsbsysinit /etc/update-motd.d':0,CLONE,1E85706D-7D86-58D5-86D7-5890F48F798E,b'/bin/sh -e /usr/lib/update-notifier/update-motd-updates-available':0,ta1-theia-1
1557754523.897:376,F13705B2-868D-57EE-BA75-28BB348460B4:b'run-parts --lsbsysinit /etc/update-motd.d':0,CLONE,CD0805E1-CA52-5595-A74E-F24FE1403B06,b'/bin/sh -e /usr/lib/update-notifier/update-motd-updates-available':0,ta1-theia-1
1557754523.833:372,F13705B2-868D-57EE-BA75-28BB348460B4:b'run-parts --lsbsysinit /etc/update-motd.d':0,CLONE,EEF486AC-CDB4-5E18-ABF8-7FD96A363CCB,b'/bin/sh -e /usr/lib/update-notifier/update-motd-updates-available':0,ta1-theia-1
1557754523.777:368,F13705B2-868D-57EE-BA75-28BB348460B4:b'run-parts --lsbsysinit /etc/update-motd.d':0,CLONE,AFDD94C2-E6AE-5B35-9C51-DDF7BBC9AB31,b'/bin/sh -e /usr/lib/update-notifier/update-motd-updates-available':0,ta1-theia-1
1557754523.717:364,F13705B2-868D-57EE-BA75-28BB348460B4:b'run-parts --lsbsysinit /etc/update-motd.d':0,CLONE,76CBDFAC-DF51-59B1-AFDD-B832D84DED3A,b'/bin/sh -e /usr/lib/update-notifier/update-motd-updates-available':0,ta1-theia-1
1557754523.661:360,F13705B2-868D-57EE-BA75-28BB348460B4:b'run-parts --lsbsysinit /etc/update-motd.d':0,CLONE,30F12D96-1990-527B-96C4-95C29DB47CF6,b'/bin/sh -e /usr/lib/update-notifier/update-motd-updates-available':0,ta1-theia-1
1557754523.605:356,F13705B2-868D-57EE-BA75-28BB348460B4:b'run-parts --lsbsysinit /etc/update-motd.d':0,CLONE,E31AAA1D-F8BA-5B4F-BA9A-9E1BC82FD803,b'/bin/sh -e /usr/lib/update-notifier/update-motd-updates-available':0,ta1-theia-1
1557754523.549:352,F13705B2-868D-57EE-BA75-28BB348460B4:b'run-parts --lsbsysinit /etc/update-motd.d':0,CLONE,9D21F671-DD08-5D4D-92DF-D7A391508CE3,b'/bin/sh -e /usr/lib/update-notifier/update-motd-updates-available':0,ta1-theia-1
1557754523.493:348,F13705B2-868D-57EE-BA75-28BB348460B4:b'run-parts --lsbsysinit /etc/update-motd.d':0,CLONE,155B44E3-BA91-5305-8444-C4A4AC1C1F30,b'/bin/sh -e /usr/lib/update-notifier/update-motd-updates-available':0,ta1-theia-1
1557754523.437:344,F13705B2-868D-57EE-BA75-28BB348460B4:b'run-parts --lsbsysinit /etc/update-motd.d':0,CLONE,86A67937-F7D6-5800-8A81-98C468A87CE1,b'/bin/sh -e /usr/lib/update-notifier/update-motd-updates-available':0,ta1-theia-1
1557754523.381:340,F13705B2-868D-57EE-BA75-28BB348460B4:b'run-parts --lsbsysinit /etc/update-motd.d':0,CLONE,35910129-F287-5407-808C-FA12FB0F72F0,b'/bin/sh -e /usr/lib/update-notifier/update-motd-updates-available':0,ta1-theia-1
1557754523.321:336,F13705B2-868D-57EE-BA75-28BB348460B4:b'run-parts --lsbsysinit /etc/update-motd.d':0,CLONE,37342FFB-2BD4-51BA-9B5F-4658751BAB80,b'/bin/sh -e /usr/lib/update-notifier/update-motd-updates-available':0,ta1-theia-1
1557754523.265:332,F13705B2-868D-57EE-BA75-28BB348460B4:b'run-parts --lsbsysinit /etc/update-motd.d':0,CLONE,92FBF73E-4D15-5ED2-980E-B7947B126F5D,b'/bin/sh -e /usr/lib/update-notifier/update-motd-updates-available':0,ta1-theia-1
1557754523.209:328,F13705B2-868D-57EE-BA75-28BB348460B4:b'run-parts --lsbsysinit /etc/update-motd.d':0,CLONE,C3A49675-12A2-51BD-85B7-622E87DA0975,b'/bin/sh -e /usr/lib/update-notifier/update-motd-updates-available':0,ta1-theia-1
1557754523.149:324,F13705B2-868D-57EE-BA75-28BB348460B4:b'run-parts --lsbsysinit /etc/update-motd.d':0,CLONE,B8D3C164-14AF-5F8D-B333-12CF98D3A491,b'/bin/sh -e /usr/lib/update-notifier/update-motd-updates-available':0,ta1-theia-1
1557754523.095:320,F13705B2-868D-57EE-BA75-28BB348460B4:b'run-parts --lsbsysinit /etc/update-motd.d':0,CLONE,3377F92B-283D-5B89-9564-53A8DCBD79C7,b'/bin/sh -e /usr/lib/update-notifier/update-motd-updates-available':0,ta1-theia-1
1557754523.041:316,F13705B2-868D-57EE-BA75-28BB348460B4:b'run-parts --lsbsysinit /etc/update-motd.d':0,CLONE,43935DAD-3E28-5DE0-9CD5-2950D1262758,b'/bin/sh -e /usr/lib/update-notifier/update-motd-updates-available':0,ta1-theia-1
1557754522.981:312,F13705B2-868D-57EE-BA75-28BB348460B4:b'run-parts --lsbsysinit /etc/update-motd.d':0,CLONE,9D4A24E3-1EEB-5E66-84D2-35D3BC29370D,b'/bin/sh -e /usr/lib/update-notifier/update-motd-updates-available':0,ta1-theia-1
1557754522.925:308,F13705B2-868D-57EE-BA75-28BB348460B4:b'run-parts --lsbsysinit /etc/update-motd.d':0,CLONE,0552BACC-FFD6-5615-A01C-6A089B0731D4,b'/bin/sh -e /usr/lib/update-notifier/update-motd-updates-available':0,ta1-theia-1
1557754522.865:304,F13705B2-868D-57EE-BA75-28BB348460B4:b'run-parts --lsbsysinit /etc/update-motd.d':0,CLONE,799EAA84-FB6B-58E2-9F48-E0CBC1003774,b'/bin/sh -e /usr/lib/update-notifier/update-motd-updates-available':0,ta1-theia-1
1557754522.809:300,F13705B2-868D-57EE-BA75-28BB348460B4:b'run-parts --lsbsysinit /etc/update-motd.d':0,CLONE,75358095-6049-5FC3-82B5-DAE3412F9BEB,b'/bin/sh -e /usr/lib/update-notifier/update-motd-updates-available':0,ta1-theia-1
1557754522.753:296,F13705B2-868D-57EE-BA75-28BB348460B4:b'run-parts --lsbsysinit /etc/update-motd.d':0,CLONE,53099609-E03B-5E96-A95C-5A4A214AF6DF,b'/bin/sh -e /usr/lib/update-notifier/update-motd-updates-available':0,ta1-theia-1
1557754522.697:292,F13705B2-868D-57EE-BA75-28BB348460B4:b'run-parts --lsbsysinit /etc/update-motd.d':0,CLONE,F1AF709E-BAFB-5F11-AD62-3A0B3B9E5E8B,b'/bin/sh -e /usr/lib/update-notifier/update-motd-updates-available':0,ta1-theia-1
1557754522.593:288,F13705B2-868D-57EE-BA75-28BB348460B4:b'run-parts --lsbsysinit /etc/update-motd.d':0,CLONE,5FB23DB0-FFEB-511E-A2FD-AF2E8B8620EF,b'/bin/sh -e /usr/lib/update-notifier/update-motd-updates-available':0,ta1-theia-1
1557754522.537:284,F13705B2-868D-57EE-BA75-28BB348460B4:b'run-parts --lsbsysinit /etc/update-motd.d':0,CLONE,1DAB8913-1B04-5DF1-9962-4B267D01F2B3,b'/bin/sh -e /usr/lib/update-notifier/update-motd-updates-available':0,ta1-theia-1
1557754522.481:280,F13705B2-868D-57EE-BA75-28BB348460B4:b'run-parts --lsbsysinit /etc/update-motd.d':0,CLONE,F4738E91-1A50-54E0-AF76-CA9E6061A19D,b'/bin/sh -e /usr/lib/update-notifier/update-motd-updates-available':0,ta1-theia-1
1557754522.425:276,F13705B2-868D-57EE-BA75-28BB348460B4:b'run-parts --lsbsysinit /etc/update-motd.d':0,CLONE,9DB771D5-E0C0-58C0-A83C-CC2405A7EC7C,b'/bin/sh -e /usr/lib/update-notifier/update-motd-updates-available':0,ta1-theia-1
1557754522.369:272,F13705B2-868D-57EE-BA75-28BB348460B4:b'run-parts --lsbsysinit /etc/update-motd.d':0,CLONE,B62F4A15-A9AA-53CE-8EA8-00E36139AD06,b'/bin/sh -e /usr/lib/update-notifier/update-motd-updates-available':0,ta1-theia-1
1557754522.313:268,F13705B2-868D-57EE-BA75-28BB348460B4:b'run-parts --lsbsysinit /etc/update-motd.d':0,CLONE,A1CEFAE8-61ED-5E86-BBA6-B55FC03255B6,b'/bin/sh -e /usr/lib/update-notifier/update-motd-updates-available':0,ta1-theia-1
1557754522.257:264,F13705B2-868D-57EE-BA75-28BB348460B4:b'run-parts --lsbsysinit /etc/update-motd.d':0,CLONE,7528AA18-F796-506B-A237-EF62C36BC316,b'/bin/sh -e /usr/lib/update-notifier/update-motd-updates-available':0,ta1-theia-1
1557754522.201:260,F13705B2-868D-57EE-BA75-28BB348460B4:b'run-parts --lsbsysinit /etc/update-motd.d':0,CLONE,C9FE9829-FE1A-5A54-A97B-92E02FD7688C,b'/bin/sh -e /usr/lib/update-notifier/update-motd-updates-available':0,ta1-theia-1
1557754522.145:256,F13705B2-868D-57EE-BA75-28BB348460B4:b'run-parts --lsbsysinit /etc/update-motd.d':0,CLONE,89882265-FA5D-50B7-994B-E3B88FA82ECF,b'/bin/sh -e /usr/lib/update-notifier/update-motd-updates-available':0,ta1-theia-1
1557754522.085:252,F13705B2-868D-57EE-BA75-28BB348460B4:b'run-parts --lsbsysinit /etc/update-motd.d':0,CLONE,17CAFA5A-84A0-50E3-BAEC-E67C2376F7ED,b'/bin/sh -e /usr/lib/update-notifier/update-motd-updates-available':0,ta1-theia-1
1557754522.025:248,F13705B2-868D-57EE-BA75-28BB348460B4:b'run-parts --lsbsysinit /etc/update-motd.d':0,CLONE,0A1F649E-430D-505D-8B7B-70495E51B56B,b'/bin/sh -e /usr/lib/update-notifier/update-motd-updates-available':0,ta1-theia-1
1557754521.969:244,F13705B2-868D-57EE-BA75-28BB348460B4:b'run-parts --lsbsysinit /etc/update-motd.d':0,CLONE,33AA8B26-DDE5-585A-B22D-40EDCDBB7AAA,b'/bin/sh -e /usr/lib/update-notifier/update-motd-updates-available':0,ta1-theia-1
1557754521.913:240,F13705B2-868D-57EE-BA75-28BB348460B4:b'run-parts --lsbsysinit /etc/update-motd.d':0,CLONE,127BA031-71A8-5E47-8040-EFC56623938C,b'/bin/sh -e /usr/lib/update-notifier/update-motd-updates-available':0,ta1-theia-1
1557754521.853:236,F13705B2-868D-57EE-BA75-28BB348460B4:b'run-parts --lsbsysinit /etc/update-motd.d':0,CLONE,AF432580-E5EB-5E9F-AD48-62133BB67B40,b'/bin/sh -e /usr/lib/update-notifier/update-motd-updates-available':0,ta1-theia-1
1557754521.797:232,F13705B2-868D-57EE-BA75-28BB348460B4:b'run-parts --lsbsysinit /etc/update-motd.d':0,CLONE,4422DD1B-C8F2-50CC-A1AF-C1776AC9A1EE,b'/bin/sh -e /usr/lib/update-notifier/update-motd-updates-available':0,ta1-theia-1
1557754521.741:228,F13705B2-868D-57EE-BA75-28BB348460B4:b'run-parts --lsbsysinit /etc/update-motd.d':0,CLONE,2D08EDB4-1F54-5525-8344-4089B7205D54,b'/bin/sh -e /usr/lib/update-notifier/update-motd-updates-available':0,ta1-theia-1
1557754521.685:224,F13705B2-868D-57EE-BA75-28BB348460B4:b'run-parts --lsbsysinit /etc/update-motd.d':0,CLONE,64CBAC69-C11B-5E6E-B281-5FB0CAD5F12E,b'/bin/sh -e /usr/lib/update-notifier/update-motd-updates-available':0,ta1-theia-1
1557754521.629:220,F13705B2-868D-57EE-BA75-28BB348460B4:b'run-parts --lsbsysinit /etc/update-motd.d':0,CLONE,E57693DB-003E-5C31-BD9C-11FA283643BB,b'/bin/sh -e /usr/lib/update-notifier/update-motd-updates-available':0,ta1-theia-1
1557754521.573:216,F13705B2-868D-57EE-BA75-28BB348460B4:b'run-parts --lsbsysinit /etc/update-motd.d':0,CLONE,5419AD49-6E52-5385-B277-B26E807C31E6,b'/bin/sh -e /usr/lib/update-notifier/update-motd-updates-available':0,ta1-theia-1
1557754521.517:212,F13705B2-868D-57EE-BA75-28BB348460B4:b'run-parts --lsbsysinit /etc/update-motd.d':0,CLONE,6BC043B5-CF52-5DBC-A8F8-7139190F4DDF,b'/bin/sh -e /usr/lib/update-notifier/update-motd-updates-available':0,ta1-theia-1
1557754521.461:208,F13705B2-868D-57EE-BA75-28BB348460B4:b'run-parts --lsbsysinit /etc/update-motd.d':0,CLONE,80310AA1-D19A-5B6C-A21E-DFE3FFB7EF25,b'/bin/sh -e /usr/lib/update-notifier/update-motd-updates-available':0,ta1-theia-1
1557754521.405:204,F13705B2-868D-57EE-BA75-28BB348460B4:b'run-parts --lsbsysinit /etc/update-motd.d':0,CLONE,899F59C1-329E-5173-A8BC-3B7EE31F39BF,b'/bin/sh -e /usr/lib/update-notifier/update-motd-updates-available':0,ta1-theia-1
1557754521.333:200,F13705B2-868D-57EE-BA75-28BB348460B4:b'run-parts --lsbsysinit /etc/update-motd.d':0,CLONE,54825386-3C28-54D1-B744-46CE345BF5D1,b'/bin/sh -e /usr/lib/update-notifier/update-motd-updates-available':0,ta1-theia-1
1557754521.209:196,F13705B2-868D-57EE-BA75-28BB348460B4:b'run-parts --lsbsysinit /etc/update-motd.d':0,CLONE,4C824B1A-68A1-5517-BA8A-CF86845A6D96,b'/bin/sh -e /usr/lib/update-notifier/update-motd-updates-available':0,ta1-theia-1
1557754521.153:192,F13705B2-868D-57EE-BA75-28BB348460B4:b'run-parts --lsbsysinit /etc/update-motd.d':0,CLONE,A5857AC6-5D9A-5659-93A0-77648749D71A,b'/bin/sh -e /usr/lib/update-notifier/update-motd-updates-available':0,ta1-theia-1
1557754521.097:188,F13705B2-868D-57EE-BA75-28BB348460B4:b'run-parts --lsbsysinit /etc/update-motd.d':0,CLONE,E16A6AA5-D427-5220-9E7A-E84DB8593F82,b'/bin/sh -e /usr/lib/update-notifier/update-motd-updates-available':0,ta1-theia-1
1557754521.041:184,F13705B2-868D-57EE-BA75-28BB348460B4:b'run-parts --lsbsysinit /etc/update-motd.d':0,CLONE,B37B8556-B6AF-58B0-B87E-D88B255ED576,b'/bin/sh -e /usr/lib/update-notifier/update-motd-updates-available':0,ta1-theia-1
1557754520.985:180,F13705B2-868D-57EE-BA75-28BB348460B4:b'run-parts --lsbsysinit /etc/update-motd.d':0,CLONE,010557D8-946A-5887-B7CB-B04A44328299,b'/bin/sh -e /usr/lib/update-notifier/update-motd-updates-available':0,ta1-theia-1
1557754520.929:176,F13705B2-868D-57EE-BA75-28BB348460B4:b'run-parts --lsbsysinit /etc/update-motd.d':0,CLONE,F7E0CD0F-A96E-5869-BFE3-4B4A9FDC3F06,b'/bin/sh -e /usr/lib/update-notifier/update-motd-updates-available':0,ta1-theia-1
1557754520.873:172,F13705B2-868D-57EE-BA75-28BB348460B4:b'run-parts --lsbsysinit /etc/update-motd.d':0,CLONE,38CF92A7-B9E1-579C-8D9A-FAF73DA08A21,b'/bin/sh -e /usr/lib/update-notifier/update-motd-updates-available':0,ta1-theia-1
1557754520.817:168,F13705B2-868D-57EE-BA75-28BB348460B4:b'run-parts --lsbsysinit /etc/update-motd.d':0,CLONE,108281D9-0E0A-56BA-8F6F-FC48FA61B0E9,b'/bin/sh -e /usr/lib/update-notifier/update-motd-updates-available':0,ta1-theia-1
1557754520.761:164,F13705B2-868D-57EE-BA75-28BB348460B4:b'run-parts --lsbsysinit /etc/update-motd.d':0,CLONE,3990B005-2AC1-59F0-819D-7192A26C6CC2,b'/bin/sh -e /usr/lib/update-notifier/update-motd-updates-available':0,ta1-theia-1
1557754520.705:160,F13705B2-868D-57EE-BA75-28BB348460B4:b'run-parts --lsbsysinit /etc/update-motd.d':0,CLONE,885A3C89-4333-598A-AC29-7F117A41EDCA,b'/bin/sh -e /usr/lib/update-notifier/update-motd-updates-available':0,ta1-theia-1
1557754520.649:156,F13705B2-868D-57EE-BA75-28BB348460B4:b'run-parts --lsbsysinit /etc/update-motd.d':0,CLONE,98031D3C-1305-58C5-A963-4A2A69441C9F,b'/bin/sh -e /usr/lib/update-notifier/update-motd-updates-available':0,ta1-theia-1
1557754520.593:152,F13705B2-868D-57EE-BA75-28BB348460B4:b'run-parts --lsbsysinit /etc/update-motd.d':0,CLONE,0558C430-B490-5D67-B31A-DE18CCD47EA0,b'/bin/sh -e /usr/lib/update-notifier/update-motd-updates-available':0,ta1-theia-1
1557754520.537:148,F13705B2-868D-57EE-BA75-28BB348460B4:b'run-parts --lsbsysinit /etc/update-motd.d':0,CLONE,6192B3C9-78FC-556B-85DE-7535C7DE7293,b'/bin/sh -e /usr/lib/update-notifier/update-motd-updates-available':0,ta1-theia-1
1557754520.481:144,F13705B2-868D-57EE-BA75-28BB348460B4:b'run-parts --lsbsysinit /etc/update-motd.d':0,CLONE,E6DD055B-1F5E-5B97-B06F-10C2C29D79F8,b'/bin/sh -e /usr/lib/update-notifier/update-motd-updates-available':0,ta1-theia-1
1557754520.425:140,F13705B2-868D-57EE-BA75-28BB348460B4:b'run-parts --lsbsysinit /etc/update-motd.d':0,CLONE,70AD416A-9281-58B7-9C01-BDFDBBD27C43,b'/bin/sh -e /usr/lib/update-notifier/update-motd-updates-available':0,ta1-theia-1
1557754520.369:136,F13705B2-868D-57EE-BA75-28BB348460B4:b'run-parts --lsbsysinit /etc/update-motd.d':0,CLONE,F7C92415-414E-53E5-A0EC-172E3BF4F0BA,b'/bin/sh -e /usr/lib/update-notifier/update-motd-updates-available':0,ta1-theia-1
1557754520.301:132,F13705B2-868D-57EE-BA75-28BB348460B4:b'run-parts --lsbsysinit /etc/update-motd.d':0,CLONE,54927979-1D88-54D7-A961-C33C9855F07C,b'/bin/sh -e /usr/lib/update-notifier/update-motd-updates-available':0,ta1-theia-1
1557754520.245:128,F13705B2-868D-57EE-BA75-28BB348460B4:b'run-parts --lsbsysinit /etc/update-motd.d':0,CLONE,7D9E6271-1FC8-5D3A-B584-F272B5EEAE0F,b'/bin/sh -e /usr/lib/update-notifier/update-motd-updates-available':0,ta1-theia-1
1557754520.189:124,F13705B2-868D-57EE-BA75-28BB348460B4:b'run-parts --lsbsysinit /etc/update-motd.d':0,CLONE,BE884531-C9D2-5EC7-9C44-B6E213E29B19,b'/bin/sh -e /usr/lib/update-notifier/update-motd-updates-available':0,ta1-theia-1
1557754520.133:120,F13705B2-868D-57EE-BA75-28BB348460B4:b'run-parts --lsbsysinit /etc/update-motd.d':0,CLONE,26BBFFFC-F5D6-5151-A2A1-61B89CCDDFE3,b'/bin/sh -e /usr/lib/update-notifier/update-motd-updates-available':0,ta1-theia-1
1557754520.077:116,F13705B2-868D-57EE-BA75-28BB348460B4:b'run-parts --lsbsysinit /etc/update-motd.d':0,CLONE,5711C19C-AC7F-5523-99BC-094F0B0519C0,b'/bin/sh -e /usr/lib/update-notifier/update-motd-updates-available':0,ta1-theia-1
1557754520.021:112,F13705B2-868D-57EE-BA75-28BB348460B4:b'run-parts --lsbsysinit /etc/update-motd.d':0,CLONE,16096CF4-34D1-5A52-BA25-8DD93B55F185,b'/bin/sh -e /usr/lib/update-notifier/update-motd-updates-available':0,ta1-theia-1
1557754519.965:108,F13705B2-868D-57EE-BA75-28BB348460B4:b'run-parts --lsbsysinit /etc/update-motd.d':0,CLONE,CB0105DA-F4F2-5E54-A0F7-E3EA35569FC4,b'/bin/sh -e /usr/lib/update-notifier/update-motd-updates-available':0,ta1-theia-1
1557754519.909:104,F13705B2-868D-57EE-BA75-28BB348460B4:b'run-parts --lsbsysinit /etc/update-motd.d':0,CLONE,676BF07B-9E5E-5934-87F0-FCB2B774A125,b'/bin/sh -e /usr/lib/update-notifier/update-motd-updates-available':0,ta1-theia-1
1557754519.849:100,F13705B2-868D-57EE-BA75-28BB348460B4:b'run-parts --lsbsysinit /etc/update-motd.d':0,CLONE,F4097E26-587C-5CF3-ACFA-E8035C9DBCD1,b'/bin/sh -e /usr/lib/update-notifier/update-motd-updates-available':0,ta1-theia-1
1557754519.793:96,F13705B2-868D-57EE-BA75-28BB348460B4:b'run-parts --lsbsysinit /etc/update-motd.d':0,CLONE,0F7E9AB9-EE34-51E8-885C-718D946E5631,b'/bin/sh -e /usr/lib/update-notifier/update-motd-updates-available':0,ta1-theia-1
1557754519.737:92,F13705B2-868D-57EE-BA75-28BB348460B4:b'run-parts --lsbsysinit /etc/update-motd.d':0,CLONE,0650236E-E694-5F20-9461-6A3C831CA4DF,b'/bin/sh -e /usr/lib/update-notifier/update-motd-updates-available':0,ta1-theia-1
1557754519.685:88,F13705B2-868D-57EE-BA75-28BB348460B4:b'run-parts --lsbsysinit /etc/update-motd.d':0,CLONE,A472EB17-B99B-58E4-AD9C-2A2F334373CF,b'/bin/sh -e /usr/lib/update-notifier/update-motd-updates-available':0,ta1-theia-1
1557754519.629:84,F13705B2-868D-57EE-BA75-28BB348460B4:b'run-parts --lsbsysinit /etc/update-motd.d':0,CLONE,47ED46F0-0A3F-5579-9D74-8929AA02D6BB,b'/bin/sh -e /usr/lib/update-notifier/update-motd-updates-available':0,ta1-theia-1
1557754519.573:80,F13705B2-868D-57EE-BA75-28BB348460B4:b'run-parts --lsbsysinit /etc/update-motd.d':0,CLONE,052919F3-3AE2-51A9-96CE-440B317A76E3,b'/bin/sh -e /usr/lib/update-notifier/update-motd-updates-available':0,ta1-theia-1
1557754519.517:76,F13705B2-868D-57EE-BA75-28BB348460B4:b'run-parts --lsbsysinit /etc/update-motd.d':0,CLONE,A823F71F-7445-5106-BAD8-25161E2E81C6,b'/bin/sh -e /usr/lib/update-notifier/update-motd-updates-available':0,ta1-theia-1
1557754519.461:72,F13705B2-868D-57EE-BA75-28BB348460B4:b'run-parts --lsbsysinit /etc/update-motd.d':0,CLONE,56ACE18F-79BF-5C29-AF6B-960DADBCEAD0,b'/bin/sh -e /usr/lib/update-notifier/update-motd-updates-available':0,ta1-theia-1
1557754519.409:68,F13705B2-868D-57EE-BA75-28BB348460B4:b'run-parts --lsbsysinit /etc/update-motd.d':0,CLONE,B56F3C3E-7D8C-5792-B946-59B4A0149673,b'/bin/sh -e /usr/lib/update-notifier/update-motd-updates-available':0,ta1-theia-1
1557754519.345:64,F13705B2-868D-57EE-BA75-28BB348460B4:b'run-parts --lsbsysinit /etc/update-motd.d':0,CLONE,70619962-ACF1-50FA-ADA1-30F8299E92DF,b'/bin/sh -e /usr/lib/update-notifier/update-motd-updates-available':0,ta1-theia-1
1557754519.293:60,F13705B2-868D-57EE-BA75-28BB348460B4:b'run-parts --lsbsysinit /etc/update-motd.d':0,CLONE,791F91C5-7E33-5A66-A5A4-7DB39CDABF9B,b'/bin/sh -e /usr/lib/update-notifier/update-motd-updates-available':0,ta1-theia-1
1557754519.237:56,F13705B2-868D-57EE-BA75-28BB348460B4:b'run-parts --lsbsysinit /etc/update-motd.d':0,CLONE,F31C034E-2D85-5C2D-822F-A3A7048C14A6,b'/bin/sh -e /usr/lib/update-notifier/update-motd-updates-available':0,ta1-theia-1
1557754519.185:52,F13705B2-868D-57EE-BA75-28BB348460B4:b'run-parts --lsbsysinit /etc/update-motd.d':0,CLONE,4102C090-965F-58D2-95B7-40F27C2DBB97,b'/bin/sh -e /usr/lib/update-notifier/update-motd-updates-available':0,ta1-theia-1
1557754519.129:48,F13705B2-868D-57EE-BA75-28BB348460B4:b'run-parts --lsbsysinit /etc/update-motd.d':0,CLONE,9F1865B8-52BB-5E6C-B475-FC8AD00BD09E,b'/bin/sh -e /usr/lib/update-notifier/update-motd-updates-available':0,ta1-theia-1
1557754519.021:105,06E8B4C4-FE2A-5C47-80BC-052222E1F117:b'/bin/sh -e /usr/lib/update-notifier/update-motd-updates-available':0,CLONE,14B9CDBD-C192-5FD9-9883-6773BBEA0A48,b'apt-config shell ListDir Dir::State::Lists':0,ta1-theia-1
1557754519.005:43,F13705B2-868D-57EE-BA75-28BB348460B4:b'run-parts --lsbsysinit /etc/update-motd.d':0,CLONE,06E8B4C4-FE2A-5C47-80BC-052222E1F117,b'/bin/sh -e /usr/lib/update-notifier/update-motd-updates-available':0,ta1-theia-1
1557754518.880:105,B1BC527C-4E1C-5E43-8215-75D3BCFA43EC:b'/bin/sh -e /usr/lib/update-notifier/update-motd-updates-available':0,CLONE,D4666EA9-E487-5DE8-826E-34B50266D67D,b'apt-config shell StateDir Dir::State':0,ta1-theia-1
1557754518.865:39,F13705B2-868D-57EE-BA75-28BB348460B4:b'run-parts --lsbsysinit /etc/update-motd.d':0,CLONE,B1BC527C-4E1C-5E43-8215-75D3BCFA43EC,b'/bin/sh -e /usr/lib/update-notifier/update-motd-updates-available':0,ta1-theia-1
1557754518.836:35,F13705B2-868D-57EE-BA75-28BB348460B4:b'run-parts --lsbsysinit /etc/update-motd.d':0,CLONE,1030336D-9F58-5741-BFD1-9F1757E441EB,b'/bin/sh -e /usr/lib/update-notifier/update-motd-updates-available':0,ta1-theia-1
1557754518.829:30,727C77FE-0557-59D4-9F96-18D8DECCBCE0:b'sh -c /usr/bin/env -i PATH=/usr/local/sbin:/usr/local/bin:/usr/sbin:/usr/bin:/sbin:/bin run-parts --lsbsysinit /etc/update-motd.d > /var/run/motd.new':0,CLONE,F13705B2-868D-57EE-BA75-28BB348460B4,b'run-parts --lsbsysinit /etc/update-motd.d':0,ta1-theia-1
1557754518.273:4,EDBF40DA-7484-5A63-AC98-5BEA18AD9CE6:b'/usr/bin/python /usr/bin/landscape-sysinfo':0,EXECUTE,0100D00F-C326-0C00-0000-0000B790005A,/usr/bin/who:0,ta1-theia-1
1557754518.231:5054,175C59A3-2E0F-5F38-A1C0-6792BEF1ADA2:b'/bin/sh /etc/update-motd.d/50-landscape-sysinfo':0,CLONE,EDBF40DA-7484-5A63-AC98-5BEA18AD9CE6,b'/usr/bin/python /usr/bin/landscape-sysinfo':0,ta1-theia-1
1557754517.209:1903,175C59A3-2E0F-5F38-A1C0-6792BEF1ADA2:b'/bin/sh /etc/update-motd.d/50-landscape-sysinfo':0,CLONE,024D3DE9-1080-509D-92D1-EB2EA6E7281E,b'/usr/bin/python /usr/bin/landscape-sysinfo':0,ta1-theia-1
1557754516.819:16,D7CC7D4F-B61C-515D-BE51-B5F9ABF275BB:b'/usr/bin/python /usr/bin/landscape-sysinfo':0,CLONE,0BE04F6D-784F-547D-8778-1F9013C4DBFB,b'sh -c /sbin/ldconfig -p 2>/dev/null':0,ta1-theia-1
1557754516.815:1732,175C59A3-2E0F-5F38-A1C0-6792BEF1ADA2:b'/bin/sh /etc/update-motd.d/50-landscape-sysinfo':0,CLONE,D7CC7D4F-B61C-515D-BE51-B5F9ABF275BB,b'/usr/bin/python /usr/bin/landscape-sysinfo':0,ta1-theia-1
1557754516.720:16,714E7E75-1920-555B-AEE6-A420C0A7546B:b'/usr/bin/python /usr/bin/landscape-sysinfo':0,CLONE,CE8236B5-A726-5EF1-A6EF-A2228FDBC48B,b'sh -c /sbin/ldconfig -p 2>/dev/null':0,ta1-theia-1
1557754516.717:1707,175C59A3-2E0F-5F38-A1C0-6792BEF1ADA2:b'/bin/sh /etc/update-motd.d/50-landscape-sysinfo':0,CLONE,714E7E75-1920-555B-AEE6-A420C0A7546B,b'/usr/bin/python /usr/bin/landscape-sysinfo':0,ta1-theia-1
1557754515.820:29,3C42CB9D-EA7B-5CC0-9BDB-CE70A62A8857:b'run-parts --lsbsysinit /etc/update-motd.d':0,CLONE,175C59A3-2E0F-5F38-A1C0-6792BEF1ADA2,b'/bin/sh /etc/update-motd.d/50-landscape-sysinfo':0,ta1-theia-1
1557754515.818:27,3C42CB9D-EA7B-5CC0-9BDB-CE70A62A8857:b'run-parts --lsbsysinit /etc/update-motd.d':0,CLONE,6B033F08-F52F-5B4B-9ECB-C99E095F1CB2,b'/bin/sh /etc/update-motd.d/50-landscape-sysinfo':0,ta1-theia-1
1557754515.795:1,7D9E43EC-F8C4-5DDD-99A9-4BCFFAF48E37:b'/bin/sh /etc/update-motd.d/50-landscape-sysinfo':0,CLONE,A278B933-07B9-50BF-A865-5FCF1631CAFB,b'/bin/sh /etc/update-motd.d/50-landscape-sysinfo':0,ta1-theia-1
1557754515.790:2,FDD89B2C-B189-5BE6-888C-399FB0BFB981:b'/bin/sh /etc/update-motd.d/50-landscape-sysinfo':0,CLONE,20E93EEA-CF4C-55DE-BE08-CE956D253540,b'/bin/sh /etc/update-motd.d/50-landscape-sysinfo':0,ta1-theia-1
1557754515.789:1,FDD89B2C-B189-5BE6-888C-399FB0BFB981:b'/bin/sh /etc/update-motd.d/50-landscape-sysinfo':0,CLONE,7D9E43EC-F8C4-5DDD-99A9-4BCFFAF48E37,b'/bin/sh /etc/update-motd.d/50-landscape-sysinfo':0,ta1-theia-1
1557754515.789:22,3C42CB9D-EA7B-5CC0-9BDB-CE70A62A8857:b'run-parts --lsbsysinit /etc/update-motd.d':0,CLONE,FDD89B2C-B189-5BE6-888C-399FB0BFB981,b'/bin/sh /etc/update-motd.d/50-landscape-sysinfo':0,ta1-theia-1
1557754515.763:18,3C42CB9D-EA7B-5CC0-9BDB-CE70A62A8857:b'run-parts --lsbsysinit /etc/update-motd.d':0,CLONE,8CC9CE4D-E311-511D-8F52-9A490DAA7CF2,b'/bin/sh /etc/update-motd.d/50-landscape-sysinfo':0,ta1-theia-1
1557754515.762:29,727C77FE-0557-59D4-9F96-18D8DECCBCE0:b'sh -c /usr/bin/env -i PATH=/usr/local/sbin:/usr/local/bin:/usr/sbin:/usr/bin:/sbin:/bin run-parts --lsbsysinit /etc/update-motd.d > /var/run/motd.new':0,CLONE,3C42CB9D-EA7B-5CC0-9BDB-CE70A62A8857,b'run-parts --lsbsysinit /etc/update-motd.d':0,ta1-theia-1
1557754515.742:24,B1A76523-BD92-5358-968D-A7B25C1C138D:b'run-parts --lsbsysinit /etc/update-motd.d':0,CLONE,10A4CE26-118C-528C-8D8F-158549542802,b'/bin/sh /etc/update-motd.d/10-help-text':0,ta1-theia-1
1557754515.742:23,B1A76523-BD92-5358-968D-A7B25C1C138D:b'run-parts --lsbsysinit /etc/update-motd.d':0,CLONE,75EE911B-2D10-5EC4-BF55-504DABCCD2F9,b'/bin/sh /etc/update-motd.d/10-help-text':0,ta1-theia-1
1557754515.741:28,727C77FE-0557-59D4-9F96-18D8DECCBCE0:b'sh -c /usr/bin/env -i PATH=/usr/local/sbin:/usr/local/bin:/usr/sbin:/usr/bin:/sbin:/bin run-parts --lsbsysinit /etc/update-motd.d > /var/run/motd.new':0,CLONE,B1A76523-BD92-5358-968D-A7B25C1C138D,b'run-parts --lsbsysinit /etc/update-motd.d':0,ta1-theia-1
1557754515.726:31,D6AAC3E9-69CB-5519-95E7-76E6B8AC6279:b'run-parts --lsbsysinit /etc/update-motd.d':0,CLONE,D1D1E612-757F-57C2-8B62-3230797766F7,b'/bin/sh /etc/update-motd.d/00-header':0,ta1-theia-1
1557754515.709:27,D6AAC3E9-69CB-5519-95E7-76E6B8AC6279:b'run-parts --lsbsysinit /etc/update-motd.d':0,CLONE,3622CE34-62B5-5D40-8308-CF9293079918,b'/bin/sh /etc/update-motd.d/00-header':0,ta1-theia-1
1557754515.706:23,D6AAC3E9-69CB-5519-95E7-76E6B8AC6279:b'run-parts --lsbsysinit /etc/update-motd.d':0,CLONE,2E30F139-EE74-5791-B2DF-1FE5B6872880,b'/bin/sh /etc/update-motd.d/00-header':0,ta1-theia-1
1557754515.673:27,727C77FE-0557-59D4-9F96-18D8DECCBCE0:b'sh -c /usr/bin/env -i PATH=/usr/local/sbin:/usr/local/bin:/usr/sbin:/usr/bin:/sbin:/bin run-parts --lsbsysinit /etc/update-motd.d > /var/run/motd.new':0,CLONE,D6AAC3E9-69CB-5519-95E7-76E6B8AC6279,b'run-parts --lsbsysinit /etc/update-motd.d':0,ta1-theia-1
1557754515.668:16,F5DF91C3-1D18-589F-A1AB-4901E7D13476:b'sshd: admin [priv]  ':0,CLONE,727C77FE-0557-59D4-9F96-18D8DECCBCE0,b'sh -c /usr/bin/env -i PATH=/usr/local/sbin:/usr/local/bin:/usr/sbin:/usr/bin:/sbin:/bin run-parts --lsbsysinit /etc/update-motd.d > /var/run/motd.new':0,ta1-theia-1
1557754515.663:538,07D169BD-2B88-5F9E-8844-F487D90FD08D:b'/usr/sbin/sshd -D':0,CLONE,F5DF91C3-1D18-589F-A1AB-4901E7D13476,b'sshd: admin [priv]  ':0,ta1-theia-1
1557754515.099:293,07D169BD-2B88-5F9E-8844-F487D90FD08D:b'/usr/sbin/sshd -D':0,READ,0100D00F-0B00-5800-0000-0000678E005A,/etc/hosts:0,ta1-theia-1
1557754515.098:292,07D169BD-2B88-5F9E-8844-F487D90FD08D:b'/usr/sbin/sshd -D':0,READ,0100D00F-0B00-5800-0000-0000678E005A,/etc/hosts:0,ta1-theia-1
1557754515.098:283,07D169BD-2B88-5F9E-8844-F487D90FD08D:b'/usr/sbin/sshd -D':0,READ,0100D00F-0B00-5800-0000-0000678E005A,/etc/hosts:0,ta1-theia-1
1557754515.045:258,07D169BD-2B88-5F9E-8844-F487D90FD08D:b'/usr/sbin/sshd -D':0,CLONE,D26ABFE0-18EA-5A5F-816F-B5615CB20276,b'sshd: [accepted]    ':0,ta1-theia-1
1557754514.645:5296,84053D48-9767-59AE-A797-BAC5E4ED3368:null:null,CLONE,07D169BD-2B88-5F9E-8844-F487D90FD08D,b'/usr/sbin/sshd -D':0,ta1-theia-1
1557754511.134:517719,CC7C9A7F-4BD4-5E0F-88B4-3EA111554703:null:null,READ,0100D00F-0B00-5800-0000-0000678E005A,/etc/hosts:0,ta1-theia-1
1557754511.134:517718,CC7C9A7F-4BD4-5E0F-88B4-3EA111554703:null:null,READ,0100D00F-0B00-5800-0000-0000678E005A,/etc/hosts:0,ta1-theia-1
1557754504.962:517683,CC7C9A7F-4BD4-5E0F-88B4-3EA111554703:null:null,READ,0100D00F-0B00-5800-0000-0000678E005A,/etc/hosts:0,ta1-theia-1
1557754504.962:517682,CC7C9A7F-4BD4-5E0F-88B4-3EA111554703:null:null,READ,0100D00F-0B00-5800-0000-0000678E005A,/etc/hosts:0,ta1-theia-1
1557754492.782:517653,CC7C9A7F-4BD4-5E0F-88B4-3EA111554703:null:null,READ,0100D00F-0B00-5800-0000-0000678E005A,/etc/hosts:0,ta1-theia-1
1557754492.782:517652,CC7C9A7F-4BD4-5E0F-88B4-3EA111554703:null:null,READ,0100D00F-0B00-5800-0000-0000678E005A,/etc/hosts:0,ta1-theia-1
1557754483.152:517612,CC7C9A7F-4BD4-5E0F-88B4-3EA111554703:null:null,READ,0100D00F-0B00-5800-0000-0000678E005A,/etc/hosts:0,ta1-theia-1
1557754483.152:517611,CC7C9A7F-4BD4-5E0F-88B4-3EA111554703:null:null,READ,0100D00F-0B00-5800-0000-0000678E005A,/etc/hosts:0,ta1-theia-1
1557754477.133:517576,CC7C9A7F-4BD4-5E0F-88B4-3EA111554703:null:null,READ,0100D00F-0B00-5800-0000-0000678E005A,/etc/hosts:0,ta1-theia-1
1557754477.133:517575,CC7C9A7F-4BD4-5E0F-88B4-3EA111554703:null:null,READ,0100D00F-0B00-5800-0000-0000678E005A,/etc/hosts:0,ta1-theia-1
1557754470.134:517546,CC7C9A7F-4BD4-5E0F-88B4-3EA111554703:null:null,READ,0100D00F-0B00-5800-0000-0000678E005A,/etc/hosts:0,ta1-theia-1
1557754470.134:517545,CC7C9A7F-4BD4-5E0F-88B4-3EA111554703:null:null,READ,0100D00F-0B00-5800-0000-0000678E005A,/etc/hosts:0,ta1-theia-1
1557754462.132:517505,CC7C9A7F-4BD4-5E0F-88B4-3EA111554703:null:null,READ,0100D00F-0B00-5800-0000-0000678E005A,/etc/hosts:0,ta1-theia-1
1557754462.132:517504,CC7C9A7F-4BD4-5E0F-88B4-3EA111554703:null:null,READ,0100D00F-0B00-5800-0000-0000678E005A,/etc/hosts:0,ta1-theia-1
1557754453.135:517464,CC7C9A7F-4BD4-5E0F-88B4-3EA111554703:null:null,READ,0100D00F-0B00-5800-0000-0000678E005A,/etc/hosts:0,ta1-theia-1
1557754453.134:517463,CC7C9A7F-4BD4-5E0F-88B4-3EA111554703:null:null,READ,0100D00F-0B00-5800-0000-0000678E005A,/etc/hosts:0,ta1-theia-1
1557754444.930:517423,CC7C9A7F-4BD4-5E0F-88B4-3EA111554703:null:null,READ,0100D00F-0B00-5800-0000-0000678E005A,/etc/hosts:0,ta1-theia-1
1557754444.930:517422,CC7C9A7F-4BD4-5E0F-88B4-3EA111554703:null:null,READ,0100D00F-0B00-5800-0000-0000678E005A,/etc/hosts:0,ta1-theia-1
1557754422.133:517373,CC7C9A7F-4BD4-5E0F-88B4-3EA111554703:null:null,READ,0100D00F-0B00-5800-0000-0000678E005A,/etc/hosts:0,ta1-theia-1
1557754422.133:517372,CC7C9A7F-4BD4-5E0F-88B4-3EA111554703:null:null,READ,0100D00F-0B00-5800-0000-0000678E005A,/etc/hosts:0,ta1-theia-1
1557754414.914:517336,CC7C9A7F-4BD4-5E0F-88B4-3EA111554703:null:null,READ,0100D00F-0B00-5800-0000-0000678E005A,/etc/hosts:0,ta1-theia-1
1557754414.913:517335,CC7C9A7F-4BD4-5E0F-88B4-3EA111554703:null:null,READ,0100D00F-0B00-5800-0000-0000678E005A,/etc/hosts:0,ta1-theia-1
1557754392.577:517311,CC7C9A7F-4BD4-5E0F-88B4-3EA111554703:null:null,READ,0100D00F-0B00-5800-0000-0000678E005A,/etc/hosts:0,ta1-theia-1
1557754392.577:517310,CC7C9A7F-4BD4-5E0F-88B4-3EA111554703:null:null,READ,0100D00F-0B00-5800-0000-0000678E005A,/etc/hosts:0,ta1-theia-1
1557754361.131:517270,CC7C9A7F-4BD4-5E0F-88B4-3EA111554703:null:null,READ,0100D00F-0B00-5800-0000-0000678E005A,/etc/hosts:0,ta1-theia-1
1557754361.131:517269,CC7C9A7F-4BD4-5E0F-88B4-3EA111554703:null:null,READ,0100D00F-0B00-5800-0000-0000678E005A,/etc/hosts:0,ta1-theia-1
1557754354.946:517233,CC7C9A7F-4BD4-5E0F-88B4-3EA111554703:null:null,READ,0100D00F-0B00-5800-0000-0000678E005A,/etc/hosts:0,ta1-theia-1
1557754354.946:517232,CC7C9A7F-4BD4-5E0F-88B4-3EA111554703:null:null,READ,0100D00F-0B00-5800-0000-0000678E005A,/etc/hosts:0,ta1-theia-1
1557754340.132:517203,CC7C9A7F-4BD4-5E0F-88B4-3EA111554703:null:null,READ,0100D00F-0B00-5800-0000-0000678E005A,/etc/hosts:0,ta1-theia-1
1557754340.131:517202,CC7C9A7F-4BD4-5E0F-88B4-3EA111554703:null:null,READ,0100D00F-0B00-5800-0000-0000678E005A,/etc/hosts:0,ta1-theia-1
1557754331.128:517162,CC7C9A7F-4BD4-5E0F-88B4-3EA111554703:null:null,READ,0100D00F-0B00-5800-0000-0000678E005A,/etc/hosts:0,ta1-theia-1
1557754331.128:517161,CC7C9A7F-4BD4-5E0F-88B4-3EA111554703:null:null,READ,0100D00F-0B00-5800-0000-0000678E005A,/etc/hosts:0,ta1-theia-1
1557754324.866:517126,CC7C9A7F-4BD4-5E0F-88B4-3EA111554703:null:null,READ,0100D00F-0B00-5800-0000-0000678E005A,/etc/hosts:0,ta1-theia-1
1557754324.866:517125,CC7C9A7F-4BD4-5E0F-88B4-3EA111554703:null:null,READ,0100D00F-0B00-5800-0000-0000678E005A,/etc/hosts:0,ta1-theia-1
1557754305.131:517086,CC7C9A7F-4BD4-5E0F-88B4-3EA111554703:null:null,READ,0100D00F-0B00-5800-0000-0000678E005A,/etc/hosts:0,ta1-theia-1
1557754305.131:517085,CC7C9A7F-4BD4-5E0F-88B4-3EA111554703:null:null,READ,0100D00F-0B00-5800-0000-0000678E005A,/etc/hosts:0,ta1-theia-1
1557754297.128:517049,CC7C9A7F-4BD4-5E0F-88B4-3EA111554703:null:null,READ,0100D00F-0B00-5800-0000-0000678E005A,/etc/hosts:0,ta1-theia-1
1557754297.128:517048,CC7C9A7F-4BD4-5E0F-88B4-3EA111554703:null:null,READ,0100D00F-0B00-5800-0000-0000678E005A,/etc/hosts:0,ta1-theia-1
1557754289.434:517024,CC7C9A7F-4BD4-5E0F-88B4-3EA111554703:null:null,READ,0100D00F-0B00-5800-0000-0000678E005A,/etc/hosts:0,ta1-theia-1
1557754289.434:517023,CC7C9A7F-4BD4-5E0F-88B4-3EA111554703:null:null,READ,0100D00F-0B00-5800-0000-0000678E005A,/etc/hosts:0,ta1-theia-1
1557754277.234:12,B280CF80-0818-5ADB-A190-180448CAB475:b'/usr/lib/ubuntu-geoip/ubuntu-geoip-provider':107,READ,0100D00F-0B00-5800-0000-0000678E005A,/etc/hosts:0,ta1-theia-1
1557754277.234:11,B280CF80-0818-5ADB-A190-180448CAB475:b'/usr/lib/ubuntu-geoip/ubuntu-geoip-provider':107,READ,0100D00F-0B00-5800-0000-0000678E005A,/etc/hosts:0,ta1-theia-1
1557754277.234:7592,A19E223D-A98B-5DA9-A6DC-4AAC0A6B3C60:null:null,CLONE,B280CF80-0818-5ADB-A190-180448CAB475,b'/usr/lib/ubuntu-geoip/ubuntu-geoip-provider':107,ta1-theia-1
1557754272.130:516983,CC7C9A7F-4BD4-5E0F-88B4-3EA111554703:null:null,READ,0100D00F-0B00-5800-0000-0000678E005A,/etc/hosts:0,ta1-theia-1
1557754272.130:516982,CC7C9A7F-4BD4-5E0F-88B4-3EA111554703:null:null,READ,0100D00F-0B00-5800-0000-0000678E005A,/etc/hosts:0,ta1-theia-1
1557754264.962:516938,CC7C9A7F-4BD4-5E0F-88B4-3EA111554703:null:null,READ,0100D00F-0B00-5800-0000-0000678E005A,/etc/hosts:0,ta1-theia-1
1557754264.962:516937,CC7C9A7F-4BD4-5E0F-88B4-3EA111554703:null:null,READ,0100D00F-0B00-5800-0000-0000678E005A,/etc/hosts:0,ta1-theia-1
1557754248.034:126348,D2254D75-B9E0-55BB-A06C-FF862E97E769:null:null,CLONE,80E35D3C-07E9-5BD3-B41B-9E2C8A6FB2E4,b'xscreensaver -no-splash':1003,ta1-theia-1
1557754247.996:139,E3C41677-3334-56D9-8ABE-79675D1E9561:b'/usr/bin/python /usr/share/apport/apport 188514 11 0':1003,CLONE,F0436E11-AF7D-57E4-887B-AAADB99465DA,b'/usr/bin/gdbus call -e -d org.gnome.SessionManager -o /org/gnome/SessionManager -m org.gnome.SessionManager.IsSessionRunning':1003,ta1-theia-1
1557754247.989:1214,7E17783E-6A58-5139-A171-D4311C9A69EF:b'/usr/bin/python /usr/share/apport/apport 188514 11 0':0,CLONE,E3C41677-3334-56D9-8ABE-79675D1E9561,b'/usr/bin/python /usr/share/apport/apport 188514 11 0':1003,ta1-theia-1
1557754247.916:126321,D2254D75-B9E0-55BB-A06C-FF862E97E769:null:null,CLONE,624E10C0-D2C5-5DB3-875F-2CF8CE096B0A,b'xscreensaver -no-splash':1003,ta1-theia-1
1557754239.744:516899,CC7C9A7F-4BD4-5E0F-88B4-3EA111554703:null:null,READ,0100D00F-0B00-5800-0000-0000678E005A,/etc/hosts:0,ta1-theia-1
1557754239.744:516898,CC7C9A7F-4BD4-5E0F-88B4-3EA111554703:null:null,READ,0100D00F-0B00-5800-0000-0000678E005A,/etc/hosts:0,ta1-theia-1
1557754232.765:516858,CC7C9A7F-4BD4-5E0F-88B4-3EA111554703:null:null,READ,0100D00F-0B00-5800-0000-0000678E005A,/etc/hosts:0,ta1-theia-1
1557754232.764:516857,CC7C9A7F-4BD4-5E0F-88B4-3EA111554703:null:null,READ,0100D00F-0B00-5800-0000-0000678E005A,/etc/hosts:0,ta1-theia-1
1557754223.435:15469,94E4DFBD-838C-514F-903B-19CAECEF6F62:null:null,READ,0100D00F-0B00-5800-0000-0000678E005A,/etc/hosts:0,ta1-theia-1
1557754223.435:15468,94E4DFBD-838C-514F-903B-19CAECEF6F62:null:null,READ,0100D00F-0B00-5800-0000-0000678E005A,/etc/hosts:0,ta1-theia-1
1557754223.434:15464,94E4DFBD-838C-514F-903B-19CAECEF6F62:null:null,READ,0100D00F-0B00-5800-0000-0000678E005A,/etc/hosts:0,ta1-theia-1
1557754212.128:516817,CC7C9A7F-4BD4-5E0F-88B4-3EA111554703:null:null,READ,0100D00F-0B00-5800-0000-0000678E005A,/etc/hosts:0,ta1-theia-1
1557754212.128:516816,CC7C9A7F-4BD4-5E0F-88B4-3EA111554703:null:null,READ,0100D00F-0B00-5800-0000-0000678E005A,/etc/hosts:0,ta1-theia-1
1557754204.929:516776,CC7C9A7F-4BD4-5E0F-88B4-3EA111554703:null:null,READ,0100D00F-0B00-5800-0000-0000678E005A,/etc/hosts:0,ta1-theia-1
1557754204.929:516775,CC7C9A7F-4BD4-5E0F-88B4-3EA111554703:null:null,READ,0100D00F-0B00-5800-0000-0000678E005A,/etc/hosts:0,ta1-theia-1
1557754183.833:516746,CC7C9A7F-4BD4-5E0F-88B4-3EA111554703:null:null,READ,0100D00F-0B00-5800-0000-0000678E005A,/etc/hosts:0,ta1-theia-1
1557754183.833:516745,CC7C9A7F-4BD4-5E0F-88B4-3EA111554703:null:null,READ,0100D00F-0B00-5800-0000-0000678E005A,/etc/hosts:0,ta1-theia-1
1557754151.127:516705,CC7C9A7F-4BD4-5E0F-88B4-3EA111554703:null:null,READ,0100D00F-0B00-5800-0000-0000678E005A,/etc/hosts:0,ta1-theia-1
1557754151.127:516704,CC7C9A7F-4BD4-5E0F-88B4-3EA111554703:null:null,READ,0100D00F-0B00-5800-0000-0000678E005A,/etc/hosts:0,ta1-theia-1
1557754150.266:15457,94E4DFBD-838C-514F-903B-19CAECEF6F62:null:null,READ,0100D00F-0B00-5800-0000-0000678E005A,/etc/hosts:0,ta1-theia-1
1557754150.266:15456,94E4DFBD-838C-514F-903B-19CAECEF6F62:null:null,READ,0100D00F-0B00-5800-0000-0000678E005A,/etc/hosts:0,ta1-theia-1
1557754150.265:15452,94E4DFBD-838C-514F-903B-19CAECEF6F62:null:null,READ,0100D00F-0B00-5800-0000-0000678E005A,/etc/hosts:0,ta1-theia-1
1557754144.898:516669,CC7C9A7F-4BD4-5E0F-88B4-3EA111554703:null:null,READ,0100D00F-0B00-5800-0000-0000678E005A,/etc/hosts:0,ta1-theia-1
1557754144.898:516668,CC7C9A7F-4BD4-5E0F-88B4-3EA111554703:null:null,READ,0100D00F-0B00-5800-0000-0000678E005A,/etc/hosts:0,ta1-theia-1
1557754125.266:15445,94E4DFBD-838C-514F-903B-19CAECEF6F62:null:null,READ,0100D00F-0B00-5800-0000-0000678E005A,/etc/hosts:0,ta1-theia-1
1557754125.266:15444,94E4DFBD-838C-514F-903B-19CAECEF6F62:null:null,READ,0100D00F-0B00-5800-0000-0000678E005A,/etc/hosts:0,ta1-theia-1
1557754125.265:15440,94E4DFBD-838C-514F-903B-19CAECEF6F62:null:null,READ,0100D00F-0B00-5800-0000-0000678E005A,/etc/hosts:0,ta1-theia-1
1557754121.123:516634,CC7C9A7F-4BD4-5E0F-88B4-3EA111554703:null:null,READ,0100D00F-0B00-5800-0000-0000678E005A,/etc/hosts:0,ta1-theia-1
1557754121.123:516633,CC7C9A7F-4BD4-5E0F-88B4-3EA111554703:null:null,READ,0100D00F-0B00-5800-0000-0000678E005A,/etc/hosts:0,ta1-theia-1
1557754114.946:516598,CC7C9A7F-4BD4-5E0F-88B4-3EA111554703:null:null,READ,0100D00F-0B00-5800-0000-0000678E005A,/etc/hosts:0,ta1-theia-1
1557754114.946:516597,CC7C9A7F-4BD4-5E0F-88B4-3EA111554703:null:null,READ,0100D00F-0B00-5800-0000-0000678E005A,/etc/hosts:0,ta1-theia-1
1557754104.129:516568,CC7C9A7F-4BD4-5E0F-88B4-3EA111554703:null:null,READ,0100D00F-0B00-5800-0000-0000678E005A,/etc/hosts:0,ta1-theia-1
1557754104.129:516567,CC7C9A7F-4BD4-5E0F-88B4-3EA111554703:null:null,READ,0100D00F-0B00-5800-0000-0000678E005A,/etc/hosts:0,ta1-theia-1
1557754095.124:516523,CC7C9A7F-4BD4-5E0F-88B4-3EA111554703:null:null,READ,0100D00F-0B00-5800-0000-0000678E005A,/etc/hosts:0,ta1-theia-1
1557754095.124:516522,CC7C9A7F-4BD4-5E0F-88B4-3EA111554703:null:null,READ,0100D00F-0B00-5800-0000-0000678E005A,/etc/hosts:0,ta1-theia-1
1557754087.126:516487,CC7C9A7F-4BD4-5E0F-88B4-3EA111554703:null:null,READ,0100D00F-0B00-5800-0000-0000678E005A,/etc/hosts:0,ta1-theia-1
1557754087.126:516486,CC7C9A7F-4BD4-5E0F-88B4-3EA111554703:null:null,READ,0100D00F-0B00-5800-0000-0000678E005A,/etc/hosts:0,ta1-theia-1
1557754082.254:516457,CC7C9A7F-4BD4-5E0F-88B4-3EA111554703:null:null,READ,0100D00F-0B00-5800-0000-0000678E005A,/etc/hosts:0,ta1-theia-1
1557754082.254:516456,CC7C9A7F-4BD4-5E0F-88B4-3EA111554703:null:null,READ,0100D00F-0B00-5800-0000-0000678E005A,/etc/hosts:0,ta1-theia-1
1557754062.305:516416,CC7C9A7F-4BD4-5E0F-88B4-3EA111554703:null:null,READ,0100D00F-0B00-5800-0000-0000678E005A,/etc/hosts:0,ta1-theia-1
1557754062.305:516415,CC7C9A7F-4BD4-5E0F-88B4-3EA111554703:null:null,READ,0100D00F-0B00-5800-0000-0000678E005A,/etc/hosts:0,ta1-theia-1
1557754054.913:516369,CC7C9A7F-4BD4-5E0F-88B4-3EA111554703:null:null,READ,0100D00F-0B00-5800-0000-0000678E005A,/etc/hosts:0,ta1-theia-1
1557754054.913:516368,CC7C9A7F-4BD4-5E0F-88B4-3EA111554703:null:null,READ,0100D00F-0B00-5800-0000-0000678E005A,/etc/hosts:0,ta1-theia-1
1557754036.855:516344,CC7C9A7F-4BD4-5E0F-88B4-3EA111554703:null:null,READ,0100D00F-0B00-5800-0000-0000678E005A,/etc/hosts:0,ta1-theia-1
1557754036.855:516343,CC7C9A7F-4BD4-5E0F-88B4-3EA111554703:null:null,READ,0100D00F-0B00-5800-0000-0000678E005A,/etc/hosts:0,ta1-theia-1
1557754010.122:516303,CC7C9A7F-4BD4-5E0F-88B4-3EA111554703:null:null,READ,0100D00F-0B00-5800-0000-0000678E005A,/etc/hosts:0,ta1-theia-1
1557754010.122:516302,CC7C9A7F-4BD4-5E0F-88B4-3EA111554703:null:null,READ,0100D00F-0B00-5800-0000-0000678E005A,/etc/hosts:0,ta1-theia-1
1557754001.122:516258,CC7C9A7F-4BD4-5E0F-88B4-3EA111554703:null:null,READ,0100D00F-0B00-5800-0000-0000678E005A,/etc/hosts:0,ta1-theia-1
1557754001.122:516257,CC7C9A7F-4BD4-5E0F-88B4-3EA111554703:null:null,READ,0100D00F-0B00-5800-0000-0000678E005A,/etc/hosts:0,ta1-theia-1
1557753994.882:516222,CC7C9A7F-4BD4-5E0F-88B4-3EA111554703:null:null,READ,0100D00F-0B00-5800-0000-0000678E005A,/etc/hosts:0,ta1-theia-1
1557753994.882:516221,CC7C9A7F-4BD4-5E0F-88B4-3EA111554703:null:null,READ,0100D00F-0B00-5800-0000-0000678E005A,/etc/hosts:0,ta1-theia-1
1557753971.119:516187,CC7C9A7F-4BD4-5E0F-88B4-3EA111554703:null:null,READ,0100D00F-0B00-5800-0000-0000678E005A,/etc/hosts:0,ta1-theia-1
1557753971.119:516186,CC7C9A7F-4BD4-5E0F-88B4-3EA111554703:null:null,READ,0100D00F-0B00-5800-0000-0000678E005A,/etc/hosts:0,ta1-theia-1
1557753964.930:516151,CC7C9A7F-4BD4-5E0F-88B4-3EA111554703:null:null,READ,0100D00F-0B00-5800-0000-0000678E005A,/etc/hosts:0,ta1-theia-1
1557753964.930:516150,CC7C9A7F-4BD4-5E0F-88B4-3EA111554703:null:null,READ,0100D00F-0B00-5800-0000-0000678E005A,/etc/hosts:0,ta1-theia-1
1557753956.539:516121,CC7C9A7F-4BD4-5E0F-88B4-3EA111554703:null:null,READ,0100D00F-0B00-5800-0000-0000678E005A,/etc/hosts:0,ta1-theia-1
1557753956.539:516120,CC7C9A7F-4BD4-5E0F-88B4-3EA111554703:null:null,READ,0100D00F-0B00-5800-0000-0000678E005A,/etc/hosts:0,ta1-theia-1
1557753952.043:516066,CC7C9A7F-4BD4-5E0F-88B4-3EA111554703:null:null,READ,0100D00F-0B00-5800-0000-0000678E005A,/etc/hosts:0,ta1-theia-1
1557753952.043:516065,CC7C9A7F-4BD4-5E0F-88B4-3EA111554703:null:null,READ,0100D00F-0B00-5800-0000-0000678E005A,/etc/hosts:0,ta1-theia-1
1557753941.123:516025,CC7C9A7F-4BD4-5E0F-88B4-3EA111554703:null:null,READ,0100D00F-0B00-5800-0000-0000678E005A,/etc/hosts:0,ta1-theia-1
1557753941.123:516024,CC7C9A7F-4BD4-5E0F-88B4-3EA111554703:null:null,READ,0100D00F-0B00-5800-0000-0000678E005A,/etc/hosts:0,ta1-theia-1
1557753934.914:515988,CC7C9A7F-4BD4-5E0F-88B4-3EA111554703:null:null,READ,0100D00F-0B00-5800-0000-0000678E005A,/etc/hosts:0,ta1-theia-1
1557753934.914:515987,CC7C9A7F-4BD4-5E0F-88B4-3EA111554703:null:null,READ,0100D00F-0B00-5800-0000-0000678E005A,/etc/hosts:0,ta1-theia-1
1557753921.124:515963,CC7C9A7F-4BD4-5E0F-88B4-3EA111554703:null:null,READ,0100D00F-0B00-5800-0000-0000678E005A,/etc/hosts:0,ta1-theia-1
1557753921.124:515962,CC7C9A7F-4BD4-5E0F-88B4-3EA111554703:null:null,READ,0100D00F-0B00-5800-0000-0000678E005A,/etc/hosts:0,ta1-theia-1
1557753912.122:515918,CC7C9A7F-4BD4-5E0F-88B4-3EA111554703:null:null,READ,0100D00F-0B00-5800-0000-0000678E005A,/etc/hosts:0,ta1-theia-1
1557753912.122:515917,CC7C9A7F-4BD4-5E0F-88B4-3EA111554703:null:null,READ,0100D00F-0B00-5800-0000-0000678E005A,/etc/hosts:0,ta1-theia-1
1557753904.898:515877,CC7C9A7F-4BD4-5E0F-88B4-3EA111554703:null:null,READ,0100D00F-0B00-5800-0000-0000678E005A,/etc/hosts:0,ta1-theia-1
1557753904.898:515876,CC7C9A7F-4BD4-5E0F-88B4-3EA111554703:null:null,READ,0100D00F-0B00-5800-0000-0000678E005A,/etc/hosts:0,ta1-theia-1
1557753865.251:515837,CC7C9A7F-4BD4-5E0F-88B4-3EA111554703:null:null,READ,0100D00F-0B00-5800-0000-0000678E005A,/etc/hosts:0,ta1-theia-1
1557753865.251:515836,CC7C9A7F-4BD4-5E0F-88B4-3EA111554703:null:null,READ,0100D00F-0B00-5800-0000-0000678E005A,/etc/hosts:0,ta1-theia-1
1557753846.928:515796,CC7C9A7F-4BD4-5E0F-88B4-3EA111554703:null:null,READ,0100D00F-0B00-5800-0000-0000678E005A,/etc/hosts:0,ta1-theia-1
1557753846.928:515795,CC7C9A7F-4BD4-5E0F-88B4-3EA111554703:null:null,READ,0100D00F-0B00-5800-0000-0000678E005A,/etc/hosts:0,ta1-theia-1
1557753835.484:515755,CC7C9A7F-4BD4-5E0F-88B4-3EA111554703:null:null,READ,0100D00F-0B00-5800-0000-0000678E005A,/etc/hosts:0,ta1-theia-1
1557753835.484:515754,CC7C9A7F-4BD4-5E0F-88B4-3EA111554703:null:null,READ,0100D00F-0B00-5800-0000-0000678E005A,/etc/hosts:0,ta1-theia-1
1557753820.114:515714,CC7C9A7F-4BD4-5E0F-88B4-3EA111554703:null:null,READ,0100D00F-0B00-5800-0000-0000678E005A,/etc/hosts:0,ta1-theia-1
1557753820.114:515713,CC7C9A7F-4BD4-5E0F-88B4-3EA111554703:null:null,READ,0100D00F-0B00-5800-0000-0000678E005A,/etc/hosts:0,ta1-theia-1
1557753814.914:515678,CC7C9A7F-4BD4-5E0F-88B4-3EA111554703:null:null,READ,0100D00F-0B00-5800-0000-0000678E005A,/etc/hosts:0,ta1-theia-1
1557753814.914:515677,CC7C9A7F-4BD4-5E0F-88B4-3EA111554703:null:null,READ,0100D00F-0B00-5800-0000-0000678E005A,/etc/hosts:0,ta1-theia-1
1557753796.363:515643,CC7C9A7F-4BD4-5E0F-88B4-3EA111554703:null:null,READ,0100D00F-0B00-5800-0000-0000678E005A,/etc/hosts:0,ta1-theia-1
1557753796.362:515642,CC7C9A7F-4BD4-5E0F-88B4-3EA111554703:null:null,READ,0100D00F-0B00-5800-0000-0000678E005A,/etc/hosts:0,ta1-theia-1
1557753789.116:515602,CC7C9A7F-4BD4-5E0F-88B4-3EA111554703:null:null,READ,0100D00F-0B00-5800-0000-0000678E005A,/etc/hosts:0,ta1-theia-1
1557753789.116:515601,CC7C9A7F-4BD4-5E0F-88B4-3EA111554703:null:null,READ,0100D00F-0B00-5800-0000-0000678E005A,/etc/hosts:0,ta1-theia-1
1557753784.962:515566,CC7C9A7F-4BD4-5E0F-88B4-3EA111554703:null:null,READ,0100D00F-0B00-5800-0000-0000678E005A,/etc/hosts:0,ta1-theia-1
1557753784.962:515565,CC7C9A7F-4BD4-5E0F-88B4-3EA111554703:null:null,READ,0100D00F-0B00-5800-0000-0000678E005A,/etc/hosts:0,ta1-theia-1
1557753774.121:515536,CC7C9A7F-4BD4-5E0F-88B4-3EA111554703:null:null,READ,0100D00F-0B00-5800-0000-0000678E005A,/etc/hosts:0,ta1-theia-1
1557753774.121:515535,CC7C9A7F-4BD4-5E0F-88B4-3EA111554703:null:null,READ,0100D00F-0B00-5800-0000-0000678E005A,/etc/hosts:0,ta1-theia-1
1557753765.348:515495,CC7C9A7F-4BD4-5E0F-88B4-3EA111554703:null:null,READ,0100D00F-0B00-5800-0000-0000678E005A,/etc/hosts:0,ta1-theia-1
1557753765.348:515494,CC7C9A7F-4BD4-5E0F-88B4-3EA111554703:null:null,READ,0100D00F-0B00-5800-0000-0000678E005A,/etc/hosts:0,ta1-theia-1
1557753749.210:515454,CC7C9A7F-4BD4-5E0F-88B4-3EA111554703:null:null,READ,0100D00F-0B00-5800-0000-0000678E005A,/etc/hosts:0,ta1-theia-1
1557753749.210:515453,CC7C9A7F-4BD4-5E0F-88B4-3EA111554703:null:null,READ,0100D00F-0B00-5800-0000-0000678E005A,/etc/hosts:0,ta1-theia-1
1557753737.241:515413,CC7C9A7F-4BD4-5E0F-88B4-3EA111554703:null:null,READ,0100D00F-0B00-5800-0000-0000678E005A,/etc/hosts:0,ta1-theia-1
1557753737.241:515412,CC7C9A7F-4BD4-5E0F-88B4-3EA111554703:null:null,READ,0100D00F-0B00-5800-0000-0000678E005A,/etc/hosts:0,ta1-theia-1
1557753728.114:515372,CC7C9A7F-4BD4-5E0F-88B4-3EA111554703:null:null,READ,0100D00F-0B00-5800-0000-0000678E005A,/etc/hosts:0,ta1-theia-1
1557753728.114:515371,CC7C9A7F-4BD4-5E0F-88B4-3EA111554703:null:null,READ,0100D00F-0B00-5800-0000-0000678E005A,/etc/hosts:0,ta1-theia-1
1557753724.930:515335,CC7C9A7F-4BD4-5E0F-88B4-3EA111554703:null:null,READ,0100D00F-0B00-5800-0000-0000678E005A,/etc/hosts:0,ta1-theia-1
1557753724.930:515334,CC7C9A7F-4BD4-5E0F-88B4-3EA111554703:null:null,READ,0100D00F-0B00-5800-0000-0000678E005A,/etc/hosts:0,ta1-theia-1
1557753698.114:515310,CC7C9A7F-4BD4-5E0F-88B4-3EA111554703:null:null,READ,0100D00F-0B00-5800-0000-0000678E005A,/etc/hosts:0,ta1-theia-1
1557753698.114:515309,CC7C9A7F-4BD4-5E0F-88B4-3EA111554703:null:null,READ,0100D00F-0B00-5800-0000-0000678E005A,/etc/hosts:0,ta1-theia-1
1557753694.914:515273,CC7C9A7F-4BD4-5E0F-88B4-3EA111554703:null:null,READ,0100D00F-0B00-5800-0000-0000678E005A,/etc/hosts:0,ta1-theia-1
1557753694.914:515272,CC7C9A7F-4BD4-5E0F-88B4-3EA111554703:null:null,READ,0100D00F-0B00-5800-0000-0000678E005A,/etc/hosts:0,ta1-theia-1
1557753668.113:515248,CC7C9A7F-4BD4-5E0F-88B4-3EA111554703:null:null,READ,0100D00F-0B00-5800-0000-0000678E005A,/etc/hosts:0,ta1-theia-1
1557753668.113:515247,CC7C9A7F-4BD4-5E0F-88B4-3EA111554703:null:null,READ,0100D00F-0B00-5800-0000-0000678E005A,/etc/hosts:0,ta1-theia-1
1557753664.898:515212,CC7C9A7F-4BD4-5E0F-88B4-3EA111554703:null:null,READ,0100D00F-0B00-5800-0000-0000678E005A,/etc/hosts:0,ta1-theia-1
1557753664.898:515211,CC7C9A7F-4BD4-5E0F-88B4-3EA111554703:null:null,READ,0100D00F-0B00-5800-0000-0000678E005A,/etc/hosts:0,ta1-theia-1
1557753647.908:126233,D2254D75-B9E0-55BB-A06C-FF862E97E769:null:null,CLONE,672F0B1B-15CA-5986-B1A0-DF48299C782C,b'xscreensaver -no-splash':1003,ta1-theia-1
1557753647.887:139,EC0BF1B0-6D66-550E-9828-6E18156FA670:b'/usr/bin/python /usr/share/apport/apport 188469 11 0':1003,CLONE,411BFAF7-C185-52BA-9472-1223BF2D1177,b'/usr/bin/gdbus call -e -d org.gnome.SessionManager -o /org/gnome/SessionManager -m org.gnome.SessionManager.IsSessionRunning':1003,ta1-theia-1
1557753647.880:1214,F6A3B9DE-7520-54DC-AA16-29F9C93D2B36:b'/usr/bin/python /usr/share/apport/apport 188469 11 0':0,CLONE,EC0BF1B0-6D66-550E-9828-6E18156FA670,b'/usr/bin/python /usr/share/apport/apport 188469 11 0':1003,ta1-theia-1
1557753647.821:126206,D2254D75-B9E0-55BB-A06C-FF862E97E769:null:null,CLONE,76C95BAF-BB14-5D21-8092-44C89B7B3DA0,b'xscreensaver -no-splash':1003,ta1-theia-1
1557753639.114:515168,CC7C9A7F-4BD4-5E0F-88B4-3EA111554703:null:null,READ,0100D00F-0B00-5800-0000-0000678E005A,/etc/hosts:0,ta1-theia-1
1557753639.114:515167,CC7C9A7F-4BD4-5E0F-88B4-3EA111554703:null:null,READ,0100D00F-0B00-5800-0000-0000678E005A,/etc/hosts:0,ta1-theia-1
1557753634.946:515126,CC7C9A7F-4BD4-5E0F-88B4-3EA111554703:null:null,READ,0100D00F-0B00-5800-0000-0000678E005A,/etc/hosts:0,ta1-theia-1
1557753634.946:515125,CC7C9A7F-4BD4-5E0F-88B4-3EA111554703:null:null,READ,0100D00F-0B00-5800-0000-0000678E005A,/etc/hosts:0,ta1-theia-1
1557753610.096:515101,CC7C9A7F-4BD4-5E0F-88B4-3EA111554703:null:null,READ,0100D00F-0B00-5800-0000-0000678E005A,/etc/hosts:0,ta1-theia-1
1557753610.096:515100,CC7C9A7F-4BD4-5E0F-88B4-3EA111554703:null:null,READ,0100D00F-0B00-5800-0000-0000678E005A,/etc/hosts:0,ta1-theia-1
1557753604.866:515055,CC7C9A7F-4BD4-5E0F-88B4-3EA111554703:null:null,READ,0100D00F-0B00-5800-0000-0000678E005A,/etc/hosts:0,ta1-theia-1
1557753604.866:515054,CC7C9A7F-4BD4-5E0F-88B4-3EA111554703:null:null,READ,0100D00F-0B00-5800-0000-0000678E005A,/etc/hosts:0,ta1-theia-1
1557753596.111:515025,CC7C9A7F-4BD4-5E0F-88B4-3EA111554703:null:null,READ,0100D00F-0B00-5800-0000-0000678E005A,/etc/hosts:0,ta1-theia-1
1557753596.111:515024,CC7C9A7F-4BD4-5E0F-88B4-3EA111554703:null:null,READ,0100D00F-0B00-5800-0000-0000678E005A,/etc/hosts:0,ta1-theia-1
1557753587.197:514980,CC7C9A7F-4BD4-5E0F-88B4-3EA111554703:null:null,READ,0100D00F-0B00-5800-0000-0000678E005A,/etc/hosts:0,ta1-theia-1
1557753587.197:514979,CC7C9A7F-4BD4-5E0F-88B4-3EA111554703:null:null,READ,0100D00F-0B00-5800-0000-0000678E005A,/etc/hosts:0,ta1-theia-1
1557753578.110:514934,CC7C9A7F-4BD4-5E0F-88B4-3EA111554703:null:null,READ,0100D00F-0B00-5800-0000-0000678E005A,/etc/hosts:0,ta1-theia-1
1557753578.110:514933,CC7C9A7F-4BD4-5E0F-88B4-3EA111554703:null:null,READ,0100D00F-0B00-5800-0000-0000678E005A,/etc/hosts:0,ta1-theia-1
1557753574.914:514898,CC7C9A7F-4BD4-5E0F-88B4-3EA111554703:null:null,READ,0100D00F-0B00-5800-0000-0000678E005A,/etc/hosts:0,ta1-theia-1
1557753574.914:514897,CC7C9A7F-4BD4-5E0F-88B4-3EA111554703:null:null,READ,0100D00F-0B00-5800-0000-0000678E005A,/etc/hosts:0,ta1-theia-1
1557753563.525:0,C90DF2B0-F37A-5C69-B53F-F6299CC3E0F7:b'/usr/bin/python /usr/bin/salt-minion':0,CLONE,085682BF-A1EF-5CE8-A074-B8810A9D9116,b'/usr/bin/python /usr/bin/salt-minion':0,ta1-theia-1
1557753563.522:12,B08ABC33-A269-5CA7-BECA-EA2A2E2F2EAC:b'/usr/bin/python /usr/bin/salt-minion':0,CLONE,C90DF2B0-F37A-5C69-B53F-F6299CC3E0F7,b'/usr/bin/python /usr/bin/salt-minion':0,ta1-theia-1
1557753563.510:182,D4B45BC5-EC91-5DC5-A30D-EE36D254E96F:null:null,CLONE,B08ABC33-A269-5CA7-BECA-EA2A2E2F2EAC,b'/usr/bin/python /usr/bin/salt-minion':0,ta1-theia-1
1557753561.112:514868,CC7C9A7F-4BD4-5E0F-88B4-3EA111554703:null:null,READ,0100D00F-0B00-5800-0000-0000678E005A,/etc/hosts:0,ta1-theia-1
1557753561.112:514867,CC7C9A7F-4BD4-5E0F-88B4-3EA111554703:null:null,READ,0100D00F-0B00-5800-0000-0000678E005A,/etc/hosts:0,ta1-theia-1
1557753552.079:514823,CC7C9A7F-4BD4-5E0F-88B4-3EA111554703:null:null,READ,0100D00F-0B00-5800-0000-0000678E005A,/etc/hosts:0,ta1-theia-1
1557753552.079:514822,CC7C9A7F-4BD4-5E0F-88B4-3EA111554703:null:null,READ,0100D00F-0B00-5800-0000-0000678E005A,/etc/hosts:0,ta1-theia-1
1557753544.962:514787,CC7C9A7F-4BD4-5E0F-88B4-3EA111554703:null:null,READ,0100D00F-0B00-5800-0000-0000678E005A,/etc/hosts:0,ta1-theia-1
1557753544.962:514786,CC7C9A7F-4BD4-5E0F-88B4-3EA111554703:null:null,READ,0100D00F-0B00-5800-0000-0000678E005A,/etc/hosts:0,ta1-theia-1
1557753471.079:514757,CC7C9A7F-4BD4-5E0F-88B4-3EA111554703:null:null,READ,0100D00F-0B00-5800-0000-0000678E005A,/etc/hosts:0,ta1-theia-1
1557753471.079:514756,CC7C9A7F-4BD4-5E0F-88B4-3EA111554703:null:null,READ,0100D00F-0B00-5800-0000-0000678E005A,/etc/hosts:0,ta1-theia-1
1557753462.079:514702,CC7C9A7F-4BD4-5E0F-88B4-3EA111554703:null:null,READ,0100D00F-0B00-5800-0000-0000678E005A,/etc/hosts:0,ta1-theia-1
1557753462.079:514701,CC7C9A7F-4BD4-5E0F-88B4-3EA111554703:null:null,READ,0100D00F-0B00-5800-0000-0000678E005A,/etc/hosts:0,ta1-theia-1
1557753454.914:514665,CC7C9A7F-4BD4-5E0F-88B4-3EA111554703:null:null,READ,0100D00F-0B00-5800-0000-0000678E005A,/etc/hosts:0,ta1-theia-1
1557753454.913:514664,CC7C9A7F-4BD4-5E0F-88B4-3EA111554703:null:null,READ,0100D00F-0B00-5800-0000-0000678E005A,/etc/hosts:0,ta1-theia-1
1557753430.079:514640,CC7C9A7F-4BD4-5E0F-88B4-3EA111554703:null:null,READ,0100D00F-0B00-5800-0000-0000678E005A,/etc/hosts:0,ta1-theia-1
1557753430.079:514639,CC7C9A7F-4BD4-5E0F-88B4-3EA111554703:null:null,READ,0100D00F-0B00-5800-0000-0000678E005A,/etc/hosts:0,ta1-theia-1
1557753424.898:514603,CC7C9A7F-4BD4-5E0F-88B4-3EA111554703:null:null,READ,0100D00F-0B00-5800-0000-0000678E005A,/etc/hosts:0,ta1-theia-1
1557753424.897:514602,CC7C9A7F-4BD4-5E0F-88B4-3EA111554703:null:null,READ,0100D00F-0B00-5800-0000-0000678E005A,/etc/hosts:0,ta1-theia-1
1557753421.260:26,CB6BC84D-9721-5F51-AA44-34390042978A:b'CRON':0,CLONE,830EE23D-6021-58F2-9148-F2FF2C8B393F,b'/bin/sh -c    cd / && run-parts --report /etc/cron.hourly':0,ta1-theia-1
1557753421.259:234,AA56FEC3-BC4F-5B39-8195-3D2975AEAB96:b'cron':0,CLONE,CB6BC84D-9721-5F51-AA44-34390042978A,b'CRON':0,ta1-theia-1
1557753421.253:66,33A72DDD-EF04-5285-AEFF-6DB2970260A8:null:null,CLONE,AA56FEC3-BC4F-5B39-8195-3D2975AEAB96,b'cron':0,ta1-theia-1
1557753392.232:0,5C20E885-E74D-5114-B142-27D657C380A1:b'-bash':1003,CLONE,0AB5EBCC-EC84-538E-B522-F477E9005063,b'-bash':1003,ta1-theia-1
1557753392.232:6943,730A1E11-2182-5B43-9038-D0F595622CBA:b'sshd: admin@pts/0   ':1003,CLONE,5C20E885-E74D-5114-B142-27D657C380A1,b'-bash':1003,ta1-theia-1
1557753392.186:2,7E0998B2-4EF4-54A6-80AD-7E34E58BA4A5:b'-bash':1003,CLONE,A33D871B-65A0-5F6C-9DDA-0467B7FC3786,b'-bash':1003,ta1-theia-1
1557753392.186:1,7E0998B2-4EF4-54A6-80AD-7E34E58BA4A5:b'-bash':1003,CLONE,B70F691D-2987-51F9-B2D7-6EAB12BD026D,b'-bash':1003,ta1-theia-1
1557753392.186:6932,730A1E11-2182-5B43-9038-D0F595622CBA:b'sshd: admin@pts/0   ':1003,CLONE,7E0998B2-4EF4-54A6-80AD-7E34E58BA4A5,b'-bash':1003,ta1-theia-1
1557753392.162:0,201742F3-11EC-54BA-92BE-E88C5B514FBB:b'-bash':1003,CLONE,7483DFF4-B4D5-58D6-8AB4-AAF8EA7D8E82,b'-bash':1003,ta1-theia-1
1557753392.161:6070,730A1E11-2182-5B43-9038-D0F595622CBA:b'sshd: admin@pts/0   ':1003,CLONE,201742F3-11EC-54BA-92BE-E88C5B514FBB,b'-bash':1003,ta1-theia-1
1557753392.146:0,A04E4DFA-895B-5031-B3CA-126ED401224F:b'-bash':1003,CLONE,56F68C86-6EB3-5CE7-BF27-FC5B409048FB,b'-bash':1003,ta1-theia-1
1557753392.146:6054,730A1E11-2182-5B43-9038-D0F595622CBA:b'sshd: admin@pts/0   ':1003,CLONE,A04E4DFA-895B-5031-B3CA-126ED401224F,b'-bash':1003,ta1-theia-1
1557753392.138:1,AD4C525C-D524-515D-BEBF-1D4F807B7E71:b'/bin/sh /usr/bin/lesspipe':1003,CLONE,05085067-963E-5FFD-932F-440F8E7A557D,b'/bin/sh /usr/bin/lesspipe':1003,ta1-theia-1
1557753392.138:22,542D3486-9CC8-5376-8315-4D39D9CBE39A:b'-bash':1003,CLONE,AD4C525C-D524-515D-BEBF-1D4F807B7E71,b'/bin/sh /usr/bin/lesspipe':1003,ta1-theia-1
1557753392.137:18,542D3486-9CC8-5376-8315-4D39D9CBE39A:b'-bash':1003,CLONE,6F7DFC51-5E05-5108-B66D-6B94B0E3B49B,b'/bin/sh /usr/bin/lesspipe':1003,ta1-theia-1
1557753392.136:0,ADD1E8CB-5BD3-59B7-BA29-AF3D450D37CA:b'-bash':1003,CLONE,542D3486-9CC8-5376-8315-4D39D9CBE39A,b'-bash':1003,ta1-theia-1
1557753392.136:6050,730A1E11-2182-5B43-9038-D0F595622CBA:b'sshd: admin@pts/0   ':1003,CLONE,ADD1E8CB-5BD3-59B7-BA29-AF3D450D37CA,b'-bash':1003,ta1-theia-1
1557753392.053:2,D47BECB8-96CD-5ECD-A7EA-B941B7FCD3CF:b'-bash':1003,CLONE,E74747C7-2A9B-519A-87AC-3663F3EB3524,b'-bash':1003,ta1-theia-1
1557753392.053:1,D47BECB8-96CD-5ECD-A7EA-B941B7FCD3CF:b'-bash':1003,CLONE,EA64DD3C-4BFB-57F7-A253-747E33AA43E6,b'-bash':1003,ta1-theia-1
1557753392.053:2287,730A1E11-2182-5B43-9038-D0F595622CBA:b'sshd: admin@pts/0   ':1003,CLONE,D47BECB8-96CD-5ECD-A7EA-B941B7FCD3CF,b'-bash':1003,ta1-theia-1
1557753392.044:2,D7CB0B5B-A75E-5209-B869-496326C08EA2:b'-bash':1003,CLONE,ECDBA915-0C65-5784-93C5-88B5560978E4,b'-bash':1003,ta1-theia-1
1557753392.044:1,D7CB0B5B-A75E-5209-B869-496326C08EA2:b'-bash':1003,CLONE,090D71A8-3AAA-595B-A561-B76A1FFA2596,b'-bash':1003,ta1-theia-1
1557753392.043:2272,730A1E11-2182-5B43-9038-D0F595622CBA:b'sshd: admin@pts/0   ':1003,CLONE,D7CB0B5B-A75E-5209-B869-496326C08EA2,b'-bash':1003,ta1-theia-1
1557753392.041:2,B8344BED-C8FE-5D7E-B891-73084B695BD9:b'-bash':1003,CLONE,389F10F2-4233-55E7-BCD2-6E4A03E03D9A,b'-bash':1003,ta1-theia-1
1557753392.041:1,B8344BED-C8FE-5D7E-B891-73084B695BD9:b'-bash':1003,CLONE,B87EE101-3255-513E-BDED-1A0FC37895AE,b'-bash':1003,ta1-theia-1
1557753392.041:2257,730A1E11-2182-5B43-9038-D0F595622CBA:b'sshd: admin@pts/0   ':1003,CLONE,B8344BED-C8FE-5D7E-B891-73084B695BD9,b'-bash':1003,ta1-theia-1
1557753392.032:2,A6563AAD-54B4-5218-9A1F-EF16A1654E40:b'-bash':1003,CLONE,0062AE27-A9A5-59F5-B666-38CD8B831665,b'-bash':1003,ta1-theia-1
1557753392.031:1,A6563AAD-54B4-5218-9A1F-EF16A1654E40:b'-bash':1003,CLONE,2FE78EBF-7D83-5129-9F63-D14F3CE6387E,b'-bash':1003,ta1-theia-1
1557753392.031:2242,730A1E11-2182-5B43-9038-D0F595622CBA:b'sshd: admin@pts/0   ':1003,CLONE,A6563AAD-54B4-5218-9A1F-EF16A1654E40,b'-bash':1003,ta1-theia-1
1557753392.029:2,D2C06C59-EF52-5946-BCA3-55CD55FD9EBA:b'-bash':1003,CLONE,284B5F49-F2D0-57C8-B542-C970CA9C10C7,b'-bash':1003,ta1-theia-1
1557753392.029:1,D2C06C59-EF52-5946-BCA3-55CD55FD9EBA:b'-bash':1003,CLONE,4F77CE6B-2BD5-5072-ABF4-E21D36C46AFA,b'-bash':1003,ta1-theia-1
1557753392.029:2227,730A1E11-2182-5B43-9038-D0F595622CBA:b'sshd: admin@pts/0   ':1003,CLONE,D2C06C59-EF52-5946-BCA3-55CD55FD9EBA,b'-bash':1003,ta1-theia-1
1557753392.020:2,546E660A-EF83-5A14-82D5-D7085D98EDB5:b'-bash':1003,CLONE,345E4353-CD39-5BC6-901E-8D51B6DCE2D6,b'-bash':1003,ta1-theia-1
1557753392.020:1,546E660A-EF83-5A14-82D5-D7085D98EDB5:b'-bash':1003,CLONE,0C6CAD67-7015-58D2-95BA-3882DAE7D727,b'-bash':1003,ta1-theia-1
1557753392.019:2212,730A1E11-2182-5B43-9038-D0F595622CBA:b'sshd: admin@pts/0   ':1003,CLONE,546E660A-EF83-5A14-82D5-D7085D98EDB5,b'-bash':1003,ta1-theia-1
1557753392.017:2,88CAD4BB-A1E5-5285-8B5A-BF864CFF3C02:b'-bash':1003,CLONE,3035344C-AD84-5DFA-84AB-8AB9D5A894B1,b'-bash':1003,ta1-theia-1
1557753392.017:1,88CAD4BB-A1E5-5285-8B5A-BF864CFF3C02:b'-bash':1003,CLONE,FC4A8D7B-5300-53F3-8169-155EC4811A43,b'-bash':1003,ta1-theia-1
1557753392.017:2197,730A1E11-2182-5B43-9038-D0F595622CBA:b'sshd: admin@pts/0   ':1003,CLONE,88CAD4BB-A1E5-5285-8B5A-BF864CFF3C02,b'-bash':1003,ta1-theia-1
1557753392.009:2,BB2774E5-0F71-526F-B8E1-2C851B0A9429:b'-bash':1003,CLONE,8671FC4C-F79A-5651-8B04-501EF2BF2B6D,b'-bash':1003,ta1-theia-1
1557753392.009:1,BB2774E5-0F71-526F-B8E1-2C851B0A9429:b'-bash':1003,CLONE,7E65AE80-119C-5263-9F88-77727E2A2AA3,b'-bash':1003,ta1-theia-1
1557753392.009:2182,730A1E11-2182-5B43-9038-D0F595622CBA:b'sshd: admin@pts/0   ':1003,CLONE,BB2774E5-0F71-526F-B8E1-2C851B0A9429,b'-bash':1003,ta1-theia-1
1557753392.001:2,0BA2C000-4AE8-55D5-AA83-1489EE11CBF1:b'-bash':1003,CLONE,30502BDB-3557-5F86-86CD-AB1B3B249AB7,b'-bash':1003,ta1-theia-1
1557753392.001:1,0BA2C000-4AE8-55D5-AA83-1489EE11CBF1:b'-bash':1003,CLONE,F1081487-CC82-528C-903F-AB13FCAE6D44,b'-bash':1003,ta1-theia-1
1557753392.001:2167,730A1E11-2182-5B43-9038-D0F595622CBA:b'sshd: admin@pts/0   ':1003,CLONE,0BA2C000-4AE8-55D5-AA83-1489EE11CBF1,b'-bash':1003,ta1-theia-1
1557753391.992:2,1C8CCB63-67AB-5270-9693-CDB20E8ECFEB:b'-bash':1003,CLONE,B61774F9-DE6B-51B8-AB05-7B251740E9CE,b'-bash':1003,ta1-theia-1
1557753391.991:1,1C8CCB63-67AB-5270-9693-CDB20E8ECFEB:b'-bash':1003,CLONE,4F3F9512-3D4C-5753-BB33-C358AA5D50DE,b'-bash':1003,ta1-theia-1
1557753391.991:2152,730A1E11-2182-5B43-9038-D0F595622CBA:b'sshd: admin@pts/0   ':1003,CLONE,1C8CCB63-67AB-5270-9693-CDB20E8ECFEB,b'-bash':1003,ta1-theia-1
1557753391.989:2,A34DCD05-63B3-5AE2-AA28-AD32DFE3653A:b'-bash':1003,CLONE,5F073320-6729-5818-867E-0D9C16CB1F1D,b'-bash':1003,ta1-theia-1
1557753391.989:1,A34DCD05-63B3-5AE2-AA28-AD32DFE3653A:b'-bash':1003,CLONE,2F1A2E31-876B-57A6-90C4-1B52B1D5E1C2,b'-bash':1003,ta1-theia-1
1557753391.989:2137,730A1E11-2182-5B43-9038-D0F595622CBA:b'sshd: admin@pts/0   ':1003,CLONE,A34DCD05-63B3-5AE2-AA28-AD32DFE3653A,b'-bash':1003,ta1-theia-1
1557753391.980:2,8184D0F9-40CB-5833-BB8F-33A8804A6192:b'-bash':1003,CLONE,21807F90-81D9-56AE-AD96-D890FC45E346,b'-bash':1003,ta1-theia-1
1557753391.980:1,8184D0F9-40CB-5833-BB8F-33A8804A6192:b'-bash':1003,CLONE,1D1D1B4B-3998-5B1E-A194-A065BC12FA7C,b'-bash':1003,ta1-theia-1
1557753391.980:2122,730A1E11-2182-5B43-9038-D0F595622CBA:b'sshd: admin@pts/0   ':1003,CLONE,8184D0F9-40CB-5833-BB8F-33A8804A6192,b'-bash':1003,ta1-theia-1
1557753391.977:2028,730A1E11-2182-5B43-9038-D0F595622CBA:b'sshd: admin@pts/0   ':1003,CLONE,3DE88D8E-4FBA-59E3-8304-1D7546B82EBB,b'-bash':1003,ta1-theia-1
1557753391.946:0,66E02724-74BA-5239-AA6A-FD5A54525A66:b'-bash':1003,CLONE,78E7F34B-051C-5189-B6B5-764C9A3D2789,b'-bash':1003,ta1-theia-1
1557753391.946:991,730A1E11-2182-5B43-9038-D0F595622CBA:b'sshd: admin@pts/0   ':1003,CLONE,66E02724-74BA-5239-AA6A-FD5A54525A66,b'-bash':1003,ta1-theia-1
1557753391.893:2,17C8F54B-D2E9-5896-8553-0C2A4BE44A3E:b'-bash':1003,CLONE,5BABEF93-E238-5E6D-8B86-6FB9CF16BF25,b'-bash':1003,ta1-theia-1
1557753391.893:1,17C8F54B-D2E9-5896-8553-0C2A4BE44A3E:b'-bash':1003,CLONE,8CF41F98-D678-5C1E-99D5-C6A1C571B407,b'-bash':1003,ta1-theia-1
1557753391.893:980,730A1E11-2182-5B43-9038-D0F595622CBA:b'sshd: admin@pts/0   ':1003,CLONE,17C8F54B-D2E9-5896-8553-0C2A4BE44A3E,b'-bash':1003,ta1-theia-1
1557753391.818:0,E00A35F8-60E5-5278-9FA7-FB7B91FB3CFE:b'-bash':1003,CLONE,278F3C12-83FE-5689-9994-78F17A012398,b'-bash':1003,ta1-theia-1
1557753391.817:118,730A1E11-2182-5B43-9038-D0F595622CBA:b'sshd: admin@pts/0   ':1003,CLONE,E00A35F8-60E5-5278-9FA7-FB7B91FB3CFE,b'-bash':1003,ta1-theia-1
1557753391.750:34,B9ECB971-2B9D-5234-B799-F349FD547171:b'sshd: admin [priv]  ':0,CLONE,730A1E11-2182-5B43-9038-D0F595622CBA,b'sshd: admin@pts/0   ':1003,ta1-theia-1
1557753391.440:607,8361E47B-AA2E-53D8-881E-683865842E04:b'/usr/sbin/sshd -D':0,CLONE,B9ECB971-2B9D-5234-B799-F349FD547171,b'sshd: admin [priv]  ':0,ta1-theia-1
1557753391.293:35,E615F49E-DC40-5CE2-BBDB-70F5138F2213:b'sh -c /usr/bin/env -i PATH=/usr/local/sbin:/usr/local/bin:/usr/sbin:/usr/bin:/sbin:/bin run-parts --lsbsysinit /etc/update-motd.d > /var/run/motd.new':0,CLONE,A78527F1-EE5B-5A8D-BDCE-883B0C5794B5,b'run-parts --lsbsysinit /etc/update-motd.d':0,ta1-theia-1
1557753391.229:34,E615F49E-DC40-5CE2-BBDB-70F5138F2213:b'sh -c /usr/bin/env -i PATH=/usr/local/sbin:/usr/local/bin:/usr/sbin:/usr/bin:/sbin:/bin run-parts --lsbsysinit /etc/update-motd.d > /var/run/motd.new':0,CLONE,04EC0F37-849F-5034-9DEE-A5C68D9B2537,b'run-parts --lsbsysinit /etc/update-motd.d':0,ta1-theia-1
1557753391.094:0,C6A26063-D5E2-517E-953B-3BAA308A6B2F:b'/bin/sh /usr/lib/update-notifier/update-motd-fsck-at-reboot':0,EXECUTE,0100D00F-9E00-3200-0000-0000B790005A,/bin/cat:0,ta1-theia-1
1557753391.093:124,4619CDE1-47B1-53F9-8D79-0D8DF8A9DAAA:b'run-parts --lsbsysinit /etc/update-motd.d':0,CLONE,C6A26063-D5E2-517E-953B-3BAA308A6B2F,b'/bin/sh /usr/lib/update-notifier/update-motd-fsck-at-reboot':0,ta1-theia-1
1557753391.013:121,4619CDE1-47B1-53F9-8D79-0D8DF8A9DAAA:b'run-parts --lsbsysinit /etc/update-motd.d':0,CLONE,3567E8FC-D29B-59E0-A022-96D494DCA3BE,b'/bin/sh /usr/lib/update-notifier/update-motd-fsck-at-reboot':0,ta1-theia-1
1557753390.887:4,50679DD2-1C3D-5A21-B738-B7CB760F3C06:b'/bin/sh /usr/lib/update-notifier/update-motd-fsck-at-reboot':0,CLONE,72FC421B-75B6-5369-8ECB-B7B182814188,b'/bin/sh /usr/lib/update-notifier/update-motd-fsck-at-reboot':0,ta1-theia-1
1557753390.886:3,50679DD2-1C3D-5A21-B738-B7CB760F3C06:b'/bin/sh /usr/lib/update-notifier/update-motd-fsck-at-reboot':0,CLONE,492B6446-871D-586E-B3D5-2C523DB3013E,b'/bin/sh /usr/lib/update-notifier/update-motd-fsck-at-reboot':0,ta1-theia-1
1557753390.886:1,50679DD2-1C3D-5A21-B738-B7CB760F3C06:b'/bin/sh /usr/lib/update-notifier/update-motd-fsck-at-reboot':0,CLONE,FE60843E-2F4C-5CCA-836D-877E45986241,b'/bin/sh /usr/lib/update-notifier/update-motd-fsck-at-reboot':0,ta1-theia-1
1557753390.886:118,4619CDE1-47B1-53F9-8D79-0D8DF8A9DAAA:b'run-parts --lsbsysinit /etc/update-motd.d':0,CLONE,50679DD2-1C3D-5A21-B738-B7CB760F3C06,b'/bin/sh /usr/lib/update-notifier/update-motd-fsck-at-reboot':0,ta1-theia-1
1557753390.775:6,D87B89B5-464D-50F4-8AC0-3DE9F9BC60FB:b'/bin/sh /usr/lib/update-notifier/update-motd-fsck-at-reboot':0,CLONE,C053C331-0D11-559E-A9ED-44D98A5B7FEE,b'/bin/sh /usr/lib/update-notifier/update-motd-fsck-at-reboot':0,ta1-theia-1
1557753390.775:5,D87B89B5-464D-50F4-8AC0-3DE9F9BC60FB:b'/bin/sh /usr/lib/update-notifier/update-motd-fsck-at-reboot':0,CLONE,D621B5CF-2D2D-572A-B0E9-D3BE227A29D2,b'/bin/sh /usr/lib/update-notifier/update-motd-fsck-at-reboot':0,ta1-theia-1
1557753390.774:3,D87B89B5-464D-50F4-8AC0-3DE9F9BC60FB:b'/bin/sh /usr/lib/update-notifier/update-motd-fsck-at-reboot':0,CLONE,57962CB3-4EAE-523A-9CEC-FEE7BADC61A9,b'/bin/sh /usr/lib/update-notifier/update-motd-fsck-at-reboot':0,ta1-theia-1
1557753390.774:1,D87B89B5-464D-50F4-8AC0-3DE9F9BC60FB:b'/bin/sh /usr/lib/update-notifier/update-motd-fsck-at-reboot':0,CLONE,220DF58A-9280-5D32-B19B-DF38173ACF8F,b'/bin/sh /usr/lib/update-notifier/update-motd-fsck-at-reboot':0,ta1-theia-1
1557753390.773:114,4619CDE1-47B1-53F9-8D79-0D8DF8A9DAAA:b'run-parts --lsbsysinit /etc/update-motd.d':0,CLONE,D87B89B5-464D-50F4-8AC0-3DE9F9BC60FB,b'/bin/sh /usr/lib/update-notifier/update-motd-fsck-at-reboot':0,ta1-theia-1
1557753390.683:4,591B4AD7-EC15-51BA-9D81-F012B41691C9:b'/bin/sh /usr/lib/update-notifier/update-motd-fsck-at-reboot':0,CLONE,8C2A6431-381F-5D62-9D52-86EE513B5034,b'/bin/sh /usr/lib/update-notifier/update-motd-fsck-at-reboot':0,ta1-theia-1
1557753390.682:3,591B4AD7-EC15-51BA-9D81-F012B41691C9:b'/bin/sh /usr/lib/update-notifier/update-motd-fsck-at-reboot':0,CLONE,5CB17585-D13C-5A63-955B-322B849CDD0D,b'/bin/sh /usr/lib/update-notifier/update-motd-fsck-at-reboot':0,ta1-theia-1
1557753390.682:1,591B4AD7-EC15-51BA-9D81-F012B41691C9:b'/bin/sh /usr/lib/update-notifier/update-motd-fsck-at-reboot':0,CLONE,EBE40C5A-79B0-5486-9C49-73D60B3C663D,b'/bin/sh /usr/lib/update-notifier/update-motd-fsck-at-reboot':0,ta1-theia-1
1557753390.682:110,4619CDE1-47B1-53F9-8D79-0D8DF8A9DAAA:b'run-parts --lsbsysinit /etc/update-motd.d':0,CLONE,591B4AD7-EC15-51BA-9D81-F012B41691C9,b'/bin/sh /usr/lib/update-notifier/update-motd-fsck-at-reboot':0,ta1-theia-1
1557753390.554:4,E5BD3E6C-B3E6-5493-98CB-2B3771792591:b'/bin/sh /usr/lib/update-notifier/update-motd-fsck-at-reboot':0,CLONE,01195BC3-0CD8-5F4B-886E-2F7666EBDF44,b'/bin/sh /usr/lib/update-notifier/update-motd-fsck-at-reboot':0,ta1-theia-1
1557753390.554:3,E5BD3E6C-B3E6-5493-98CB-2B3771792591:b'/bin/sh /usr/lib/update-notifier/update-motd-fsck-at-reboot':0,CLONE,9C4F61A6-863E-5759-BF0E-979E0937CBA1,b'/bin/sh /usr/lib/update-notifier/update-motd-fsck-at-reboot':0,ta1-theia-1
1557753390.554:1,E5BD3E6C-B3E6-5493-98CB-2B3771792591:b'/bin/sh /usr/lib/update-notifier/update-motd-fsck-at-reboot':0,CLONE,9228EA24-FAB7-5798-8314-752DC274EBF5,b'/bin/sh /usr/lib/update-notifier/update-motd-fsck-at-reboot':0,ta1-theia-1
1557753390.553:106,4619CDE1-47B1-53F9-8D79-0D8DF8A9DAAA:b'run-parts --lsbsysinit /etc/update-motd.d':0,CLONE,E5BD3E6C-B3E6-5493-98CB-2B3771792591,b'/bin/sh /usr/lib/update-notifier/update-motd-fsck-at-reboot':0,ta1-theia-1
1557753390.325:88,4619CDE1-47B1-53F9-8D79-0D8DF8A9DAAA:b'run-parts --lsbsysinit /etc/update-motd.d':0,CLONE,BF2D2950-C684-5A6C-B0EB-09A6852D99F7,b'/bin/sh /usr/lib/update-notifier/update-motd-fsck-at-reboot':0,ta1-theia-1
1557753390.253:84,4619CDE1-47B1-53F9-8D79-0D8DF8A9DAAA:b'run-parts --lsbsysinit /etc/update-motd.d':0,CLONE,715C3E6F-F60C-5BF0-9AEE-B6FD92324AEA,b'/bin/sh /usr/lib/update-notifier/update-motd-fsck-at-reboot':0,ta1-theia-1
1557753390.127:4,242C0345-2C3A-5DE3-B313-63A7ED1621DC:b'/bin/sh /usr/lib/update-notifier/update-motd-fsck-at-reboot':0,CLONE,906506DE-A52F-5C4B-B35A-D7868AC0E678,b'/bin/sh /usr/lib/update-notifier/update-motd-fsck-at-reboot':0,ta1-theia-1
1557753390.126:3,242C0345-2C3A-5DE3-B313-63A7ED1621DC:b'/bin/sh /usr/lib/update-notifier/update-motd-fsck-at-reboot':0,CLONE,484C1ADC-9F2B-5413-9CD0-5B7A7D76F54A,b'/bin/sh /usr/lib/update-notifier/update-motd-fsck-at-reboot':0,ta1-theia-1
1557753390.126:1,242C0345-2C3A-5DE3-B313-63A7ED1621DC:b'/bin/sh /usr/lib/update-notifier/update-motd-fsck-at-reboot':0,CLONE,87449104-6896-568F-9C52-E95BD3C3659B,b'/bin/sh /usr/lib/update-notifier/update-motd-fsck-at-reboot':0,ta1-theia-1
1557753390.126:81,4619CDE1-47B1-53F9-8D79-0D8DF8A9DAAA:b'run-parts --lsbsysinit /etc/update-motd.d':0,CLONE,242C0345-2C3A-5DE3-B313-63A7ED1621DC,b'/bin/sh /usr/lib/update-notifier/update-motd-fsck-at-reboot':0,ta1-theia-1
1557753389.995:6,63F630D2-28DF-538A-A4E8-4DD9E3FD5C9E:b'/bin/sh /usr/lib/update-notifier/update-motd-fsck-at-reboot':0,CLONE,DC6F902B-5F15-58D9-9718-1A6F6BAED9F5,b'/bin/sh /usr/lib/update-notifier/update-motd-fsck-at-reboot':0,ta1-theia-1
1557753389.994:5,63F630D2-28DF-538A-A4E8-4DD9E3FD5C9E:b'/bin/sh /usr/lib/update-notifier/update-motd-fsck-at-reboot':0,CLONE,46E151F0-04F4-518C-AF7A-23131B37D961,b'/bin/sh /usr/lib/update-notifier/update-motd-fsck-at-reboot':0,ta1-theia-1
1557753389.994:3,63F630D2-28DF-538A-A4E8-4DD9E3FD5C9E:b'/bin/sh /usr/lib/update-notifier/update-motd-fsck-at-reboot':0,CLONE,1738154A-704D-5993-93E3-0B4048543B3D,b'/bin/sh /usr/lib/update-notifier/update-motd-fsck-at-reboot':0,ta1-theia-1
1557753389.994:1,63F630D2-28DF-538A-A4E8-4DD9E3FD5C9E:b'/bin/sh /usr/lib/update-notifier/update-motd-fsck-at-reboot':0,CLONE,4C0D653A-D051-5BAA-A122-A2F7F0C63D60,b'/bin/sh /usr/lib/update-notifier/update-motd-fsck-at-reboot':0,ta1-theia-1
1557753389.993:77,4619CDE1-47B1-53F9-8D79-0D8DF8A9DAAA:b'run-parts --lsbsysinit /etc/update-motd.d':0,CLONE,63F630D2-28DF-538A-A4E8-4DD9E3FD5C9E,b'/bin/sh /usr/lib/update-notifier/update-motd-fsck-at-reboot':0,ta1-theia-1
1557753389.850:4,11DFB68A-5D9C-5A0E-A94B-4E7537A2F2BD:b'/bin/sh /usr/lib/update-notifier/update-motd-fsck-at-reboot':0,CLONE,5C6893AC-140E-5902-92FD-BA2BF5BC22A1,b'/bin/sh /usr/lib/update-notifier/update-motd-fsck-at-reboot':0,ta1-theia-1
1557753389.850:3,11DFB68A-5D9C-5A0E-A94B-4E7537A2F2BD:b'/bin/sh /usr/lib/update-notifier/update-motd-fsck-at-reboot':0,CLONE,23FB7248-4B75-58B4-A6C0-5E28658E4B79,b'/bin/sh /usr/lib/update-notifier/update-motd-fsck-at-reboot':0,ta1-theia-1
1557753389.850:1,11DFB68A-5D9C-5A0E-A94B-4E7537A2F2BD:b'/bin/sh /usr/lib/update-notifier/update-motd-fsck-at-reboot':0,CLONE,56F520C2-7DBF-59D7-B1B5-A6CE80EBE8DE,b'/bin/sh /usr/lib/update-notifier/update-motd-fsck-at-reboot':0,ta1-theia-1
1557753389.849:73,4619CDE1-47B1-53F9-8D79-0D8DF8A9DAAA:b'run-parts --lsbsysinit /etc/update-motd.d':0,CLONE,11DFB68A-5D9C-5A0E-A94B-4E7537A2F2BD,b'/bin/sh /usr/lib/update-notifier/update-motd-fsck-at-reboot':0,ta1-theia-1
1557753389.762:4,D0C88750-1B68-5179-989E-E0F7F2898C46:b'/bin/sh /usr/lib/update-notifier/update-motd-fsck-at-reboot':0,CLONE,90595067-A4CE-518A-954D-D5AA7764252F,b'/bin/sh /usr/lib/update-notifier/update-motd-fsck-at-reboot':0,ta1-theia-1
1557753389.762:3,D0C88750-1B68-5179-989E-E0F7F2898C46:b'/bin/sh /usr/lib/update-notifier/update-motd-fsck-at-reboot':0,CLONE,A8AF07E5-ED10-5B85-817E-32C108E3C653,b'/bin/sh /usr/lib/update-notifier/update-motd-fsck-at-reboot':0,ta1-theia-1
1557753389.762:1,D0C88750-1B68-5179-989E-E0F7F2898C46:b'/bin/sh /usr/lib/update-notifier/update-motd-fsck-at-reboot':0,CLONE,0F98AB17-2725-542D-B12B-7BA44A62F067,b'/bin/sh /usr/lib/update-notifier/update-motd-fsck-at-reboot':0,ta1-theia-1
1557753389.761:69,4619CDE1-47B1-53F9-8D79-0D8DF8A9DAAA:b'run-parts --lsbsysinit /etc/update-motd.d':0,CLONE,D0C88750-1B68-5179-989E-E0F7F2898C46,b'/bin/sh /usr/lib/update-notifier/update-motd-fsck-at-reboot':0,ta1-theia-1
1557753389.589:51,4619CDE1-47B1-53F9-8D79-0D8DF8A9DAAA:b'run-parts --lsbsysinit /etc/update-motd.d':0,CLONE,D32727C2-3591-5BFA-993F-F419BDC28561,b'/bin/sh /usr/lib/update-notifier/update-motd-fsck-at-reboot':0,ta1-theia-1
1557753389.498:2,093DA79F-C6A6-5D0D-919F-399D2DDCA73D:b'/bin/sh /usr/lib/update-notifier/update-motd-fsck-at-reboot':0,CLONE,F0CD2C08-862D-5B4C-88CE-F58AFE1DEADE,b'/bin/sh /usr/lib/update-notifier/update-motd-fsck-at-reboot':0,ta1-theia-1
1557753389.498:1,093DA79F-C6A6-5D0D-919F-399D2DDCA73D:b'/bin/sh /usr/lib/update-notifier/update-motd-fsck-at-reboot':0,CLONE,DC41CD82-622D-5A69-A9D9-B18AFA7770FB,b'/bin/sh /usr/lib/update-notifier/update-motd-fsck-at-reboot':0,ta1-theia-1
1557753389.497:47,4619CDE1-47B1-53F9-8D79-0D8DF8A9DAAA:b'run-parts --lsbsysinit /etc/update-motd.d':0,CLONE,093DA79F-C6A6-5D0D-919F-399D2DDCA73D,b'/bin/sh /usr/lib/update-notifier/update-motd-fsck-at-reboot':0,ta1-theia-1
1557753389.377:40,4619CDE1-47B1-53F9-8D79-0D8DF8A9DAAA:b'run-parts --lsbsysinit /etc/update-motd.d':0,CLONE,15AEECE7-120B-54A8-BF4D-C12BA684C033,b'/bin/sh /usr/lib/update-notifier/update-motd-fsck-at-reboot':0,ta1-theia-1
1557753389.349:36,4619CDE1-47B1-53F9-8D79-0D8DF8A9DAAA:b'run-parts --lsbsysinit /etc/update-motd.d':0,CLONE,8AB2DFEF-734B-5745-A702-3D1F6933B7F5,b'/bin/sh /usr/lib/update-notifier/update-motd-fsck-at-reboot':0,ta1-theia-1
1557753389.345:33,E615F49E-DC40-5CE2-BBDB-70F5138F2213:b'sh -c /usr/bin/env -i PATH=/usr/local/sbin:/usr/local/bin:/usr/sbin:/usr/bin:/sbin:/bin run-parts --lsbsysinit /etc/update-motd.d > /var/run/motd.new':0,CLONE,4619CDE1-47B1-53F9-8D79-0D8DF8A9DAAA,b'run-parts --lsbsysinit /etc/update-motd.d':0,ta1-theia-1
1557753389.230:0,E99803EE-9E13-544D-9D3A-AE623CA0877C:b'/bin/sh -e /usr/lib/update-notifier/update-motd-hwe-eol':0,EXECUTE,0100D00F-9E00-3200-0000-0000B790005A,/bin/cat:0,ta1-theia-1
1557753389.229:57,1A590683-C7D6-5CD1-90CE-24C4D989D2B2:b'run-parts --lsbsysinit /etc/update-motd.d':0,CLONE,E99803EE-9E13-544D-9D3A-AE623CA0877C,b'/bin/sh -e /usr/lib/update-notifier/update-motd-hwe-eol':0,ta1-theia-1
1557753389.129:55,1A590683-C7D6-5CD1-90CE-24C4D989D2B2:b'run-parts --lsbsysinit /etc/update-motd.d':0,CLONE,E11CAC96-1B78-5DBD-B968-B60375DB82AE,b'/bin/sh -e /usr/lib/update-notifier/update-motd-hwe-eol':0,ta1-theia-1
1557753389.023:105,F713C712-A24E-5FB3-BC0D-3401AF726EBE:b'/bin/sh -e /usr/lib/update-notifier/update-motd-hwe-eol':0,CLONE,6EAD99C0-8079-5C1A-91A8-E345FCD358BB,b'apt-config shell DpkgStatusDir Dir::State::status':0,ta1-theia-1
1557753389.013:51,1A590683-C7D6-5CD1-90CE-24C4D989D2B2:b'run-parts --lsbsysinit /etc/update-motd.d':0,CLONE,F713C712-A24E-5FB3-BC0D-3401AF726EBE,b'/bin/sh -e /usr/lib/update-notifier/update-motd-hwe-eol':0,ta1-theia-1
1557753388.910:105,8C5D3F4F-0B16-5087-AD3C-5AE99ADFD2F2:b'/bin/sh -e /usr/lib/update-notifier/update-motd-hwe-eol':0,CLONE,CDED6340-0385-5971-9E2B-74B8B9665524,b'apt-config shell SourceList Dir::Etc::sourcelist':0,ta1-theia-1
1557753388.901:47,1A590683-C7D6-5CD1-90CE-24C4D989D2B2:b'run-parts --lsbsysinit /etc/update-motd.d':0,CLONE,8C5D3F4F-0B16-5087-AD3C-5AE99ADFD2F2,b'/bin/sh -e /usr/lib/update-notifier/update-motd-hwe-eol':0,ta1-theia-1
1557753388.795:105,BF0B543A-54CC-5C92-86A4-CC4FB7EB6B4F:b'/bin/sh -e /usr/lib/update-notifier/update-motd-hwe-eol':0,CLONE,59E00768-A471-5FA7-9E35-4C8A6F68D36F,b'apt-config shell EtcDir Dir::Etc':0,ta1-theia-1
1557753388.785:43,1A590683-C7D6-5CD1-90CE-24C4D989D2B2:b'run-parts --lsbsysinit /etc/update-motd.d':0,CLONE,BF0B543A-54CC-5C92-86A4-CC4FB7EB6B4F,b'/bin/sh -e /usr/lib/update-notifier/update-motd-hwe-eol':0,ta1-theia-1
1557753388.656:105,2D9FD3EE-AA82-532E-8E71-93DFBDF8EF1C:b'/bin/sh -e /usr/lib/update-notifier/update-motd-hwe-eol':0,CLONE,382D0D20-F864-5666-B9E6-A9EECE40B027,b'apt-config shell ListDir Dir::State::Lists':0,ta1-theia-1
1557753388.645:39,1A590683-C7D6-5CD1-90CE-24C4D989D2B2:b'run-parts --lsbsysinit /etc/update-motd.d':0,CLONE,2D9FD3EE-AA82-532E-8E71-93DFBDF8EF1C,b'/bin/sh -e /usr/lib/update-notifier/update-motd-hwe-eol':0,ta1-theia-1
1557753388.516:105,99B7B02D-2562-5152-B9D9-091941AB527E:b'/bin/sh -e /usr/lib/update-notifier/update-motd-hwe-eol':0,CLONE,B115DE72-3AE1-5238-BE54-AED65AD5EB11,b'apt-config shell StateDir Dir::State':0,ta1-theia-1
1557753388.505:35,1A590683-C7D6-5CD1-90CE-24C4D989D2B2:b'run-parts --lsbsysinit /etc/update-motd.d':0,CLONE,99B7B02D-2562-5152-B9D9-091941AB527E,b'/bin/sh -e /usr/lib/update-notifier/update-motd-hwe-eol':0,ta1-theia-1
1557753388.501:32,E615F49E-DC40-5CE2-BBDB-70F5138F2213:b'sh -c /usr/bin/env -i PATH=/usr/local/sbin:/usr/local/bin:/usr/sbin:/usr/bin:/sbin:/bin run-parts --lsbsysinit /etc/update-motd.d > /var/run/motd.new':0,CLONE,1A590683-C7D6-5CD1-90CE-24C4D989D2B2,b'run-parts --lsbsysinit /etc/update-motd.d':0,ta1-theia-1
1557753388.390:0,50F209F4-888C-5149-8FB2-BD8868A5AA47:b'/bin/sh -e /usr/lib/update-manager/release-upgrade-motd':0,EXECUTE,0100D00F-9E00-3200-0000-0000B790005A,/bin/cat:0,ta1-theia-1
1557753388.389:34,C461CE4D-EB8C-59B6-8B7F-FA8DE7F41477:b'run-parts --lsbsysinit /etc/update-motd.d':0,CLONE,50F209F4-888C-5149-8FB2-BD8868A5AA47,b'/bin/sh -e /usr/lib/update-manager/release-upgrade-motd':0,ta1-theia-1
1557753388.385:31,E615F49E-DC40-5CE2-BBDB-70F5138F2213:b'sh -c /usr/bin/env -i PATH=/usr/local/sbin:/usr/local/bin:/usr/sbin:/usr/bin:/sbin:/bin run-parts --lsbsysinit /etc/update-motd.d > /var/run/motd.new':0,CLONE,C461CE4D-EB8C-59B6-8B7F-FA8DE7F41477,b'run-parts --lsbsysinit /etc/update-motd.d':0,ta1-theia-1
1557753388.190:0,49BA7E29-74C2-5F72-A5DA-5901DA6C357A:b'/bin/sh -e /usr/lib/update-notifier/update-motd-updates-available':0,EXECUTE,0100D00F-9E00-3200-0000-0000B790005A,/bin/cat:0,ta1-theia-1
1557753388.189:447,8A141F95-4C40-5EE4-8F33-E58215F33033:b'run-parts --lsbsysinit /etc/update-motd.d':0,CLONE,49BA7E29-74C2-5F72-A5DA-5901DA6C357A,b'/bin/sh -e /usr/lib/update-notifier/update-motd-updates-available':0,ta1-theia-1
1557753388.141:444,8A141F95-4C40-5EE4-8F33-E58215F33033:b'run-parts --lsbsysinit /etc/update-motd.d':0,CLONE,630AE417-3717-5899-B0B0-01B57959187D,b'/bin/sh -e /usr/lib/update-notifier/update-motd-updates-available':0,ta1-theia-1
1557753388.012:105,D92DC7D4-F383-5DA0-954D-ACBB25DD4543:b'/bin/sh -e /usr/lib/update-notifier/update-motd-updates-available':0,CLONE,5B6723FC-D18A-56D5-8F89-6C35D3D3A106,b'apt-config shell SourceList Dir::Etc::sourcelist':0,ta1-theia-1
1557753388.001:440,8A141F95-4C40-5EE4-8F33-E58215F33033:b'run-parts --lsbsysinit /etc/update-motd.d':0,CLONE,D92DC7D4-F383-5DA0-954D-ACBB25DD4543,b'/bin/sh -e /usr/lib/update-notifier/update-motd-updates-available':0,ta1-theia-1
1557753387.872:105,6C08C1BD-4157-5460-A072-9E1E20E042DE:b'/bin/sh -e /usr/lib/update-notifier/update-motd-updates-available':0,CLONE,D4BF234C-E831-55BA-A27F-5F24C8B23E65,b'apt-config shell EtcDir Dir::Etc':0,ta1-theia-1
1557753387.861:436,8A141F95-4C40-5EE4-8F33-E58215F33033:b'run-parts --lsbsysinit /etc/update-motd.d':0,CLONE,6C08C1BD-4157-5460-A072-9E1E20E042DE,b'/bin/sh -e /usr/lib/update-notifier/update-motd-updates-available':0,ta1-theia-1
1557753387.805:432,8A141F95-4C40-5EE4-8F33-E58215F33033:b'run-parts --lsbsysinit /etc/update-motd.d':0,CLONE,20FA1635-8B73-569A-959E-0ACF37D5F0E6,b'/bin/sh -e /usr/lib/update-notifier/update-motd-updates-available':0,ta1-theia-1
1557753387.749:428,8A141F95-4C40-5EE4-8F33-E58215F33033:b'run-parts --lsbsysinit /etc/update-motd.d':0,CLONE,6BE84FE4-557C-52F6-9723-82A443783CCF,b'/bin/sh -e /usr/lib/update-notifier/update-motd-updates-available':0,ta1-theia-1
1557753387.693:424,8A141F95-4C40-5EE4-8F33-E58215F33033:b'run-parts --lsbsysinit /etc/update-motd.d':0,CLONE,D475D32D-6236-5BDC-A9A7-011D9D704C55,b'/bin/sh -e /usr/lib/update-notifier/update-motd-updates-available':0,ta1-theia-1
1557753387.637:420,8A141F95-4C40-5EE4-8F33-E58215F33033:b'run-parts --lsbsysinit /etc/update-motd.d':0,CLONE,1922752F-79B2-5751-9921-B85308A7774D,b'/bin/sh -e /usr/lib/update-notifier/update-motd-updates-available':0,ta1-theia-1
1557753387.581:416,8A141F95-4C40-5EE4-8F33-E58215F33033:b'run-parts --lsbsysinit /etc/update-motd.d':0,CLONE,6D98C5EA-E4C4-523F-AC9D-7980C66702BE,b'/bin/sh -e /usr/lib/update-notifier/update-motd-updates-available':0,ta1-theia-1
1557753387.525:412,8A141F95-4C40-5EE4-8F33-E58215F33033:b'run-parts --lsbsysinit /etc/update-motd.d':0,CLONE,02E79D33-268C-503E-9DCC-B297A92D88E0,b'/bin/sh -e /usr/lib/update-notifier/update-motd-updates-available':0,ta1-theia-1
1557753387.477:408,8A141F95-4C40-5EE4-8F33-E58215F33033:b'run-parts --lsbsysinit /etc/update-motd.d':0,CLONE,52B27BA2-8ECD-50D0-A202-9A9213A61166,b'/bin/sh -e /usr/lib/update-notifier/update-motd-updates-available':0,ta1-theia-1
1557753387.421:404,8A141F95-4C40-5EE4-8F33-E58215F33033:b'run-parts --lsbsysinit /etc/update-motd.d':0,CLONE,3130CCD6-C75F-526C-8593-6B5715B07D53,b'/bin/sh -e /usr/lib/update-notifier/update-motd-updates-available':0,ta1-theia-1
1557753387.369:400,8A141F95-4C40-5EE4-8F33-E58215F33033:b'run-parts --lsbsysinit /etc/update-motd.d':0,CLONE,4E2AC4ED-74BD-5BEE-8011-2287A4CDED9B,b'/bin/sh -e /usr/lib/update-notifier/update-motd-updates-available':0,ta1-theia-1
1557753387.317:396,8A141F95-4C40-5EE4-8F33-E58215F33033:b'run-parts --lsbsysinit /etc/update-motd.d':0,CLONE,DB831758-4EE1-53B6-BE71-238639781018,b'/bin/sh -e /usr/lib/update-notifier/update-motd-updates-available':0,ta1-theia-1
1557753387.221:392,8A141F95-4C40-5EE4-8F33-E58215F33033:b'run-parts --lsbsysinit /etc/update-motd.d':0,CLONE,C8EC7E45-A401-5877-A2C9-B4DD0D5953D0,b'/bin/sh -e /usr/lib/update-notifier/update-motd-updates-available':0,ta1-theia-1
1557753387.169:388,8A141F95-4C40-5EE4-8F33-E58215F33033:b'run-parts --lsbsysinit /etc/update-motd.d':0,CLONE,13534FEB-C9EE-55FF-A1D6-9689BB7E1898,b'/bin/sh -e /usr/lib/update-notifier/update-motd-updates-available':0,ta1-theia-1
1557753387.117:384,8A141F95-4C40-5EE4-8F33-E58215F33033:b'run-parts --lsbsysinit /etc/update-motd.d':0,CLONE,39C7C6F9-3227-5DF9-9F4A-9B59063297A8,b'/bin/sh -e /usr/lib/update-notifier/update-motd-updates-available':0,ta1-theia-1
1557753387.065:380,8A141F95-4C40-5EE4-8F33-E58215F33033:b'run-parts --lsbsysinit /etc/update-motd.d':0,CLONE,13158A05-71D6-542C-9962-6538003D6AF6,b'/bin/sh -e /usr/lib/update-notifier/update-motd-updates-available':0,ta1-theia-1
1557753387.013:376,8A141F95-4C40-5EE4-8F33-E58215F33033:b'run-parts --lsbsysinit /etc/update-motd.d':0,CLONE,3FAF0F64-4C6C-5B5B-A757-BE183DC6E113,b'/bin/sh -e /usr/lib/update-notifier/update-motd-updates-available':0,ta1-theia-1
1557753386.965:372,8A141F95-4C40-5EE4-8F33-E58215F33033:b'run-parts --lsbsysinit /etc/update-motd.d':0,CLONE,5209F4F0-DC9B-5D24-9CBB-10ACD0E6D785,b'/bin/sh -e /usr/lib/update-notifier/update-motd-updates-available':0,ta1-theia-1
1557753386.913:368,8A141F95-4C40-5EE4-8F33-E58215F33033:b'run-parts --lsbsysinit /etc/update-motd.d':0,CLONE,B4499719-933D-5D40-9E85-635BD5CBFA93,b'/bin/sh -e /usr/lib/update-notifier/update-motd-updates-available':0,ta1-theia-1
1557753386.865:364,8A141F95-4C40-5EE4-8F33-E58215F33033:b'run-parts --lsbsysinit /etc/update-motd.d':0,CLONE,F23F51D7-EBD0-575B-8A2B-D7DA6DDC363A,b'/bin/sh -e /usr/lib/update-notifier/update-motd-updates-available':0,ta1-theia-1
1557753386.817:360,8A141F95-4C40-5EE4-8F33-E58215F33033:b'run-parts --lsbsysinit /etc/update-motd.d':0,CLONE,2277AA87-428C-5989-9067-6117FB2F52E6,b'/bin/sh -e /usr/lib/update-notifier/update-motd-updates-available':0,ta1-theia-1
1557753386.769:356,8A141F95-4C40-5EE4-8F33-E58215F33033:b'run-parts --lsbsysinit /etc/update-motd.d':0,CLONE,13766FDC-B5C0-5C36-B97C-439EFA8C1A2B,b'/bin/sh -e /usr/lib/update-notifier/update-motd-updates-available':0,ta1-theia-1
1557753386.717:352,8A141F95-4C40-5EE4-8F33-E58215F33033:b'run-parts --lsbsysinit /etc/update-motd.d':0,CLONE,1CB7D1E9-AACB-5B3C-A341-367E9BC83BA7,b'/bin/sh -e /usr/lib/update-notifier/update-motd-updates-available':0,ta1-theia-1
1557753386.665:348,8A141F95-4C40-5EE4-8F33-E58215F33033:b'run-parts --lsbsysinit /etc/update-motd.d':0,CLONE,2284BE8E-AE2E-504F-BF6E-7B4239C02E74,b'/bin/sh -e /usr/lib/update-notifier/update-motd-updates-available':0,ta1-theia-1
1557753386.613:344,8A141F95-4C40-5EE4-8F33-E58215F33033:b'run-parts --lsbsysinit /etc/update-motd.d':0,CLONE,50A5CD7C-B87E-57F9-83A4-0B5865365B83,b'/bin/sh -e /usr/lib/update-notifier/update-motd-updates-available':0,ta1-theia-1
1557753386.561:340,8A141F95-4C40-5EE4-8F33-E58215F33033:b'run-parts --lsbsysinit /etc/update-motd.d':0,CLONE,B335A678-5ED4-534A-938C-BA8BC769CEBA,b'/bin/sh -e /usr/lib/update-notifier/update-motd-updates-available':0,ta1-theia-1
1557753386.509:336,8A141F95-4C40-5EE4-8F33-E58215F33033:b'run-parts --lsbsysinit /etc/update-motd.d':0,CLONE,46417FA2-76D7-5C9C-8008-F76BA26C4ECE,b'/bin/sh -e /usr/lib/update-notifier/update-motd-updates-available':0,ta1-theia-1
1557753386.457:332,8A141F95-4C40-5EE4-8F33-E58215F33033:b'run-parts --lsbsysinit /etc/update-motd.d':0,CLONE,42F07EA7-8D4B-5F48-B311-383D22D2752F,b'/bin/sh -e /usr/lib/update-notifier/update-motd-updates-available':0,ta1-theia-1
1557753386.405:328,8A141F95-4C40-5EE4-8F33-E58215F33033:b'run-parts --lsbsysinit /etc/update-motd.d':0,CLONE,0B224986-BFF5-59C8-8F14-7E31A11F64B5,b'/bin/sh -e /usr/lib/update-notifier/update-motd-updates-available':0,ta1-theia-1
1557753386.309:324,8A141F95-4C40-5EE4-8F33-E58215F33033:b'run-parts --lsbsysinit /etc/update-motd.d':0,CLONE,1D7E0215-5070-5512-BB45-B6CAD07A9352,b'/bin/sh -e /usr/lib/update-notifier/update-motd-updates-available':0,ta1-theia-1
1557753386.253:320,8A141F95-4C40-5EE4-8F33-E58215F33033:b'run-parts --lsbsysinit /etc/update-motd.d':0,CLONE,AC881E76-5501-58FC-A8F9-72E8207D91B8,b'/bin/sh -e /usr/lib/update-notifier/update-motd-updates-available':0,ta1-theia-1
1557753386.201:316,8A141F95-4C40-5EE4-8F33-E58215F33033:b'run-parts --lsbsysinit /etc/update-motd.d':0,CLONE,438A3AE9-35DC-5FD6-9B11-2B7C885A544B,b'/bin/sh -e /usr/lib/update-notifier/update-motd-updates-available':0,ta1-theia-1
1557753386.153:312,8A141F95-4C40-5EE4-8F33-E58215F33033:b'run-parts --lsbsysinit /etc/update-motd.d':0,CLONE,FBAB5723-AB9A-5A86-B65B-024B510CFCCF,b'/bin/sh -e /usr/lib/update-notifier/update-motd-updates-available':0,ta1-theia-1
1557753386.101:308,8A141F95-4C40-5EE4-8F33-E58215F33033:b'run-parts --lsbsysinit /etc/update-motd.d':0,CLONE,475AC180-C162-51AF-A252-C1DB25DB422C,b'/bin/sh -e /usr/lib/update-notifier/update-motd-updates-available':0,ta1-theia-1
1557753386.053:304,8A141F95-4C40-5EE4-8F33-E58215F33033:b'run-parts --lsbsysinit /etc/update-motd.d':0,CLONE,DAD323B6-7CB5-5A4D-81FB-3743EC808BAC,b'/bin/sh -e /usr/lib/update-notifier/update-motd-updates-available':0,ta1-theia-1
1557753386.001:300,8A141F95-4C40-5EE4-8F33-E58215F33033:b'run-parts --lsbsysinit /etc/update-motd.d':0,CLONE,34C2CF4A-6EC6-54C0-B6AF-BDA1AC2CA9DF,b'/bin/sh -e /usr/lib/update-notifier/update-motd-updates-available':0,ta1-theia-1
1557753385.949:296,8A141F95-4C40-5EE4-8F33-E58215F33033:b'run-parts --lsbsysinit /etc/update-motd.d':0,CLONE,01BD0CE2-1813-57CA-82B7-57D39F259077,b'/bin/sh -e /usr/lib/update-notifier/update-motd-updates-available':0,ta1-theia-1
1557753385.897:292,8A141F95-4C40-5EE4-8F33-E58215F33033:b'run-parts --lsbsysinit /etc/update-motd.d':0,CLONE,445A4255-92F9-5FF4-A7C9-A4B2CA91FD9F,b'/bin/sh -e /usr/lib/update-notifier/update-motd-updates-available':0,ta1-theia-1
1557753385.845:288,8A141F95-4C40-5EE4-8F33-E58215F33033:b'run-parts --lsbsysinit /etc/update-motd.d':0,CLONE,45D1A773-C8FC-54B1-8DBC-C38F6464C3F3,b'/bin/sh -e /usr/lib/update-notifier/update-motd-updates-available':0,ta1-theia-1
1557753385.793:284,8A141F95-4C40-5EE4-8F33-E58215F33033:b'run-parts --lsbsysinit /etc/update-motd.d':0,CLONE,2B8F3710-E6D1-5F4B-B5E5-4D7BA79BEF8F,b'/bin/sh -e /usr/lib/update-notifier/update-motd-updates-available':0,ta1-theia-1
1557753385.741:280,8A141F95-4C40-5EE4-8F33-E58215F33033:b'run-parts --lsbsysinit /etc/update-motd.d':0,CLONE,16279DD1-168D-5B4B-A39F-E40E74788137,b'/bin/sh -e /usr/lib/update-notifier/update-motd-updates-available':0,ta1-theia-1
1557753385.689:276,8A141F95-4C40-5EE4-8F33-E58215F33033:b'run-parts --lsbsysinit /etc/update-motd.d':0,CLONE,F5FEF5A0-64BE-560E-BF9B-65BF000A4FFD,b'/bin/sh -e /usr/lib/update-notifier/update-motd-updates-available':0,ta1-theia-1
1557753385.577:272,8A141F95-4C40-5EE4-8F33-E58215F33033:b'run-parts --lsbsysinit /etc/update-motd.d':0,CLONE,B152168F-AD8E-5580-8AC6-530732A0DEA8,b'/bin/sh -e /usr/lib/update-notifier/update-motd-updates-available':0,ta1-theia-1
1557753385.529:268,8A141F95-4C40-5EE4-8F33-E58215F33033:b'run-parts --lsbsysinit /etc/update-motd.d':0,CLONE,DE532E78-E1D2-5EA4-89E8-27D6BB61B915,b'/bin/sh -e /usr/lib/update-notifier/update-motd-updates-available':0,ta1-theia-1
1557753385.481:264,8A141F95-4C40-5EE4-8F33-E58215F33033:b'run-parts --lsbsysinit /etc/update-motd.d':0,CLONE,E54C9EA4-A342-5BD7-982A-F7556E8831F9,b'/bin/sh -e /usr/lib/update-notifier/update-motd-updates-available':0,ta1-theia-1
1557753385.433:260,8A141F95-4C40-5EE4-8F33-E58215F33033:b'run-parts --lsbsysinit /etc/update-motd.d':0,CLONE,E57F85C8-8246-5C7E-BCE8-C81D1D4EB1C3,b'/bin/sh -e /usr/lib/update-notifier/update-motd-updates-available':0,ta1-theia-1
1557753385.337:256,8A141F95-4C40-5EE4-8F33-E58215F33033:b'run-parts --lsbsysinit /etc/update-motd.d':0,CLONE,F67E701C-4406-58F1-B471-66A42DA20D93,b'/bin/sh -e /usr/lib/update-notifier/update-motd-updates-available':0,ta1-theia-1
1557753385.289:252,8A141F95-4C40-5EE4-8F33-E58215F33033:b'run-parts --lsbsysinit /etc/update-motd.d':0,CLONE,6096EEAF-DDD2-5A36-B31D-D24016F05FAD,b'/bin/sh -e /usr/lib/update-notifier/update-motd-updates-available':0,ta1-theia-1
1557753385.237:248,8A141F95-4C40-5EE4-8F33-E58215F33033:b'run-parts --lsbsysinit /etc/update-motd.d':0,CLONE,280A516A-F451-52CE-8097-BF41E54AE5F8,b'/bin/sh -e /usr/lib/update-notifier/update-motd-updates-available':0,ta1-theia-1
1557753385.185:244,8A141F95-4C40-5EE4-8F33-E58215F33033:b'run-parts --lsbsysinit /etc/update-motd.d':0,CLONE,CA787E2C-2A20-5A76-975D-65F1760FE2FA,b'/bin/sh -e /usr/lib/update-notifier/update-motd-updates-available':0,ta1-theia-1
1557753385.129:240,8A141F95-4C40-5EE4-8F33-E58215F33033:b'run-parts --lsbsysinit /etc/update-motd.d':0,CLONE,4552E96C-C100-5A97-A69C-0E845E09855C,b'/bin/sh -e /usr/lib/update-notifier/update-motd-updates-available':0,ta1-theia-1
1557753385.073:236,8A141F95-4C40-5EE4-8F33-E58215F33033:b'run-parts --lsbsysinit /etc/update-motd.d':0,CLONE,24F03E8C-F77D-52AF-AF85-D0A6CD833AC1,b'/bin/sh -e /usr/lib/update-notifier/update-motd-updates-available':0,ta1-theia-1
1557753385.017:232,8A141F95-4C40-5EE4-8F33-E58215F33033:b'run-parts --lsbsysinit /etc/update-motd.d':0,CLONE,6923D908-CD4A-57AE-83AD-1FD67F961340,b'/bin/sh -e /usr/lib/update-notifier/update-motd-updates-available':0,ta1-theia-1
1557753384.961:228,8A141F95-4C40-5EE4-8F33-E58215F33033:b'run-parts --lsbsysinit /etc/update-motd.d':0,CLONE,FC7D6695-7D78-5A2A-8543-6E773B24DB22,b'/bin/sh -e /usr/lib/update-notifier/update-motd-updates-available':0,ta1-theia-1
1557753384.905:224,8A141F95-4C40-5EE4-8F33-E58215F33033:b'run-parts --lsbsysinit /etc/update-motd.d':0,CLONE,711EFB6D-4364-519A-9AC8-C07BE7DF8AB7,b'/bin/sh -e /usr/lib/update-notifier/update-motd-updates-available':0,ta1-theia-1
1557753384.857:220,8A141F95-4C40-5EE4-8F33-E58215F33033:b'run-parts --lsbsysinit /etc/update-motd.d':0,CLONE,9D44EDF6-A5D7-5D9D-96B8-5CD2F67BC315,b'/bin/sh -e /usr/lib/update-notifier/update-motd-updates-available':0,ta1-theia-1
1557753384.809:216,8A141F95-4C40-5EE4-8F33-E58215F33033:b'run-parts --lsbsysinit /etc/update-motd.d':0,CLONE,57876BB8-C015-5AD6-82C7-21A665F117F1,b'/bin/sh -e /usr/lib/update-notifier/update-motd-updates-available':0,ta1-theia-1
1557753384.761:212,8A141F95-4C40-5EE4-8F33-E58215F33033:b'run-parts --lsbsysinit /etc/update-motd.d':0,CLONE,0B82D6E3-87CE-5F07-8175-3713704600E4,b'/bin/sh -e /usr/lib/update-notifier/update-motd-updates-available':0,ta1-theia-1
1557753384.713:208,8A141F95-4C40-5EE4-8F33-E58215F33033:b'run-parts --lsbsysinit /etc/update-motd.d':0,CLONE,CD504906-C368-5695-A2A5-28D391EE1133,b'/bin/sh -e /usr/lib/update-notifier/update-motd-updates-available':0,ta1-theia-1
1557753384.665:204,8A141F95-4C40-5EE4-8F33-E58215F33033:b'run-parts --lsbsysinit /etc/update-motd.d':0,CLONE,9C6C50F3-60FA-5743-9C57-AFD62A280343,b'/bin/sh -e /usr/lib/update-notifier/update-motd-updates-available':0,ta1-theia-1
1557753384.614:200,8A141F95-4C40-5EE4-8F33-E58215F33033:b'run-parts --lsbsysinit /etc/update-motd.d':0,CLONE,8B985F0E-B33B-5F7B-8B31-B377061E312E,b'/bin/sh -e /usr/lib/update-notifier/update-motd-updates-available':0,ta1-theia-1
1557753384.561:196,8A141F95-4C40-5EE4-8F33-E58215F33033:b'run-parts --lsbsysinit /etc/update-motd.d':0,CLONE,0BC567AE-75D8-50A3-9A7A-30057AB0BDA5,b'/bin/sh -e /usr/lib/update-notifier/update-motd-updates-available':0,ta1-theia-1
1557753384.509:192,8A141F95-4C40-5EE4-8F33-E58215F33033:b'run-parts --lsbsysinit /etc/update-motd.d':0,CLONE,BFC0F4AF-6194-5DC9-80D7-0412EB7AE0C7,b'/bin/sh -e /usr/lib/update-notifier/update-motd-updates-available':0,ta1-theia-1
1557753384.413:188,8A141F95-4C40-5EE4-8F33-E58215F33033:b'run-parts --lsbsysinit /etc/update-motd.d':0,CLONE,03CEA7DC-06C5-5441-8281-7A83626EFE29,b'/bin/sh -e /usr/lib/update-notifier/update-motd-updates-available':0,ta1-theia-1
1557753384.361:184,8A141F95-4C40-5EE4-8F33-E58215F33033:b'run-parts --lsbsysinit /etc/update-motd.d':0,CLONE,CC4EECC9-D6F3-58D4-9158-87CB86A352FB,b'/bin/sh -e /usr/lib/update-notifier/update-motd-updates-available':0,ta1-theia-1
1557753384.309:180,8A141F95-4C40-5EE4-8F33-E58215F33033:b'run-parts --lsbsysinit /etc/update-motd.d':0,CLONE,93A66427-7313-5AC2-89FE-4C4C46963D00,b'/bin/sh -e /usr/lib/update-notifier/update-motd-updates-available':0,ta1-theia-1
1557753384.257:176,8A141F95-4C40-5EE4-8F33-E58215F33033:b'run-parts --lsbsysinit /etc/update-motd.d':0,CLONE,01BCC531-7E49-54AA-A235-B7CBE5C9FEF4,b'/bin/sh -e /usr/lib/update-notifier/update-motd-updates-available':0,ta1-theia-1
1557753384.205:172,8A141F95-4C40-5EE4-8F33-E58215F33033:b'run-parts --lsbsysinit /etc/update-motd.d':0,CLONE,08D29AC9-0BD4-582B-A4D7-A3A3507F67C0,b'/bin/sh -e /usr/lib/update-notifier/update-motd-updates-available':0,ta1-theia-1
1557753384.157:168,8A141F95-4C40-5EE4-8F33-E58215F33033:b'run-parts --lsbsysinit /etc/update-motd.d':0,CLONE,48BD34DB-27EF-5B4A-8AB5-FE5559E6CD5E,b'/bin/sh -e /usr/lib/update-notifier/update-motd-updates-available':0,ta1-theia-1
1557753384.109:164,8A141F95-4C40-5EE4-8F33-E58215F33033:b'run-parts --lsbsysinit /etc/update-motd.d':0,CLONE,8A547C77-207A-56FF-90EA-1B8480A1BA9B,b'/bin/sh -e /usr/lib/update-notifier/update-motd-updates-available':0,ta1-theia-1
1557753384.061:160,8A141F95-4C40-5EE4-8F33-E58215F33033:b'run-parts --lsbsysinit /etc/update-motd.d':0,CLONE,E7B0A617-7993-51F3-8410-44221FBB089F,b'/bin/sh -e /usr/lib/update-notifier/update-motd-updates-available':0,ta1-theia-1
1557753384.013:156,8A141F95-4C40-5EE4-8F33-E58215F33033:b'run-parts --lsbsysinit /etc/update-motd.d':0,CLONE,2EBB7A39-D514-5293-B273-C32AA50A6C4A,b'/bin/sh -e /usr/lib/update-notifier/update-motd-updates-available':0,ta1-theia-1
1557753383.965:152,8A141F95-4C40-5EE4-8F33-E58215F33033:b'run-parts --lsbsysinit /etc/update-motd.d':0,CLONE,0A44F304-B12E-5D17-BC71-37D6702476A1,b'/bin/sh -e /usr/lib/update-notifier/update-motd-updates-available':0,ta1-theia-1
1557753383.913:148,8A141F95-4C40-5EE4-8F33-E58215F33033:b'run-parts --lsbsysinit /etc/update-motd.d':0,CLONE,3417D6D1-217F-5FD8-B160-34B5025E702F,b'/bin/sh -e /usr/lib/update-notifier/update-motd-updates-available':0,ta1-theia-1
1557753383.857:144,8A141F95-4C40-5EE4-8F33-E58215F33033:b'run-parts --lsbsysinit /etc/update-motd.d':0,CLONE,D11DAA50-F6D7-5AB6-8D12-002465BC8F38,b'/bin/sh -e /usr/lib/update-notifier/update-motd-updates-available':0,ta1-theia-1
1557753383.801:140,8A141F95-4C40-5EE4-8F33-E58215F33033:b'run-parts --lsbsysinit /etc/update-motd.d':0,CLONE,286E38B9-D2CD-5F6C-889B-BB148179B0C9,b'/bin/sh -e /usr/lib/update-notifier/update-motd-updates-available':0,ta1-theia-1
1557753383.745:136,8A141F95-4C40-5EE4-8F33-E58215F33033:b'run-parts --lsbsysinit /etc/update-motd.d':0,CLONE,57998CF4-2EE3-5304-9EC5-3F6ADB652A45,b'/bin/sh -e /usr/lib/update-notifier/update-motd-updates-available':0,ta1-theia-1
1557753383.689:132,8A141F95-4C40-5EE4-8F33-E58215F33033:b'run-parts --lsbsysinit /etc/update-motd.d':0,CLONE,CB7ED4A4-B1AC-54E6-931F-42A96349F13C,b'/bin/sh -e /usr/lib/update-notifier/update-motd-updates-available':0,ta1-theia-1
1557753383.633:128,8A141F95-4C40-5EE4-8F33-E58215F33033:b'run-parts --lsbsysinit /etc/update-motd.d':0,CLONE,F458A1DB-C381-52F7-A8E5-13FB8946F511,b'/bin/sh -e /usr/lib/update-notifier/update-motd-updates-available':0,ta1-theia-1
1557753383.581:124,8A141F95-4C40-5EE4-8F33-E58215F33033:b'run-parts --lsbsysinit /etc/update-motd.d':0,CLONE,73918B71-5837-5CFE-88FE-A7E6E1F838AA,b'/bin/sh -e /usr/lib/update-notifier/update-motd-updates-available':0,ta1-theia-1
1557753383.485:120,8A141F95-4C40-5EE4-8F33-E58215F33033:b'run-parts --lsbsysinit /etc/update-motd.d':0,CLONE,240CAC07-037C-5791-ABCA-8A3BC07F32A2,b'/bin/sh -e /usr/lib/update-notifier/update-motd-updates-available':0,ta1-theia-1
1557753383.437:116,8A141F95-4C40-5EE4-8F33-E58215F33033:b'run-parts --lsbsysinit /etc/update-motd.d':0,CLONE,8D7B0387-764F-5695-AC09-AD13914D1A10,b'/bin/sh -e /usr/lib/update-notifier/update-motd-updates-available':0,ta1-theia-1
1557753383.389:112,8A141F95-4C40-5EE4-8F33-E58215F33033:b'run-parts --lsbsysinit /etc/update-motd.d':0,CLONE,41ED95B7-D8A7-5CC8-B5E9-176EA45F7BFC,b'/bin/sh -e /usr/lib/update-notifier/update-motd-updates-available':0,ta1-theia-1
1557753383.341:108,8A141F95-4C40-5EE4-8F33-E58215F33033:b'run-parts --lsbsysinit /etc/update-motd.d':0,CLONE,A4EDD1FD-D524-54B3-99B6-FAA398BE692C,b'/bin/sh -e /usr/lib/update-notifier/update-motd-updates-available':0,ta1-theia-1
1557753383.293:104,8A141F95-4C40-5EE4-8F33-E58215F33033:b'run-parts --lsbsysinit /etc/update-motd.d':0,CLONE,395F1101-A79B-5634-89BF-76A5918540FF,b'/bin/sh -e /usr/lib/update-notifier/update-motd-updates-available':0,ta1-theia-1
1557753383.245:100,8A141F95-4C40-5EE4-8F33-E58215F33033:b'run-parts --lsbsysinit /etc/update-motd.d':0,CLONE,B4DA35DC-92D9-5AEA-8B5C-7DEF2FFEA222,b'/bin/sh -e /usr/lib/update-notifier/update-motd-updates-available':0,ta1-theia-1
1557753383.194:96,8A141F95-4C40-5EE4-8F33-E58215F33033:b'run-parts --lsbsysinit /etc/update-motd.d':0,CLONE,9032CBA8-C78A-5F14-87E3-5D5B56EB6166,b'/bin/sh -e /usr/lib/update-notifier/update-motd-updates-available':0,ta1-theia-1
1557753383.141:92,8A141F95-4C40-5EE4-8F33-E58215F33033:b'run-parts --lsbsysinit /etc/update-motd.d':0,CLONE,B798524B-D55F-5ADF-905A-5607E4104207,b'/bin/sh -e /usr/lib/update-notifier/update-motd-updates-available':0,ta1-theia-1
1557753383.089:88,8A141F95-4C40-5EE4-8F33-E58215F33033:b'run-parts --lsbsysinit /etc/update-motd.d':0,CLONE,6143EFFF-F456-5704-97E7-547C8FF0D2B2,b'/bin/sh -e /usr/lib/update-notifier/update-motd-updates-available':0,ta1-theia-1
1557753383.037:84,8A141F95-4C40-5EE4-8F33-E58215F33033:b'run-parts --lsbsysinit /etc/update-motd.d':0,CLONE,A4E03459-70FD-573C-AA22-690874B38976,b'/bin/sh -e /usr/lib/update-notifier/update-motd-updates-available':0,ta1-theia-1
1557753382.985:80,8A141F95-4C40-5EE4-8F33-E58215F33033:b'run-parts --lsbsysinit /etc/update-motd.d':0,CLONE,DA93D4D3-BCE3-5F7F-9F47-EADFA0196B8B,b'/bin/sh -e /usr/lib/update-notifier/update-motd-updates-available':0,ta1-theia-1
1557753382.933:76,8A141F95-4C40-5EE4-8F33-E58215F33033:b'run-parts --lsbsysinit /etc/update-motd.d':0,CLONE,4A00F8B0-8AC1-5428-9036-C4D16CDCA573,b'/bin/sh -e /usr/lib/update-notifier/update-motd-updates-available':0,ta1-theia-1
1557753382.885:72,8A141F95-4C40-5EE4-8F33-E58215F33033:b'run-parts --lsbsysinit /etc/update-motd.d':0,CLONE,0F97C5C7-E610-5ADB-B079-21A115D4CB52,b'/bin/sh -e /usr/lib/update-notifier/update-motd-updates-available':0,ta1-theia-1
1557753382.850:68,8A141F95-4C40-5EE4-8F33-E58215F33033:b'run-parts --lsbsysinit /etc/update-motd.d':0,CLONE,FFED2409-C93D-5CC3-B181-3FCF0C06BB89,b'/bin/sh -e /usr/lib/update-notifier/update-motd-updates-available':0,ta1-theia-1
1557753382.849:64,8A141F95-4C40-5EE4-8F33-E58215F33033:b'run-parts --lsbsysinit /etc/update-motd.d':0,CLONE,B1B177A6-FAA1-5D0A-9B10-4EC7C932A816,b'/bin/sh -e /usr/lib/update-notifier/update-motd-updates-available':0,ta1-theia-1
1557753382.842:60,8A141F95-4C40-5EE4-8F33-E58215F33033:b'run-parts --lsbsysinit /etc/update-motd.d':0,CLONE,7D7B6CFE-AFDB-5B59-A6B8-9F0FD4A50FC7,b'/bin/sh -e /usr/lib/update-notifier/update-motd-updates-available':0,ta1-theia-1
1557753382.841:56,8A141F95-4C40-5EE4-8F33-E58215F33033:b'run-parts --lsbsysinit /etc/update-motd.d':0,CLONE,8455B1B4-6C6C-5686-A36B-9C0D429CB0A9,b'/bin/sh -e /usr/lib/update-notifier/update-motd-updates-available':0,ta1-theia-1
1557753382.834:52,8A141F95-4C40-5EE4-8F33-E58215F33033:b'run-parts --lsbsysinit /etc/update-motd.d':0,CLONE,E59AFA3B-6EFB-5E0A-AE60-F4897E0727ED,b'/bin/sh -e /usr/lib/update-notifier/update-motd-updates-available':0,ta1-theia-1
1557753382.833:48,8A141F95-4C40-5EE4-8F33-E58215F33033:b'run-parts --lsbsysinit /etc/update-motd.d':0,CLONE,6B1B678D-AE64-59E7-A073-D52EF1F05AE9,b'/bin/sh -e /usr/lib/update-notifier/update-motd-updates-available':0,ta1-theia-1
1557753382.824:105,F45EB8B8-57A5-51F3-B883-2A0AA0B93950:b'/bin/sh -e /usr/lib/update-notifier/update-motd-updates-available':0,CLONE,B9981492-CD5E-5CE2-8E21-EE725C87B256,b'apt-config shell ListDir Dir::State::Lists':0,ta1-theia-1
1557753382.821:43,8A141F95-4C40-5EE4-8F33-E58215F33033:b'run-parts --lsbsysinit /etc/update-motd.d':0,CLONE,F45EB8B8-57A5-51F3-B883-2A0AA0B93950,b'/bin/sh -e /usr/lib/update-notifier/update-motd-updates-available':0,ta1-theia-1
1557753382.814:105,E60AC112-0492-5131-AEE4-4499B90DD0C7:b'/bin/sh -e /usr/lib/update-notifier/update-motd-updates-available':0,CLONE,DA9495FE-74AF-556E-A0C2-11BF7F575CC3,b'apt-config shell StateDir Dir::State':0,ta1-theia-1
1557753382.811:39,8A141F95-4C40-5EE4-8F33-E58215F33033:b'run-parts --lsbsysinit /etc/update-motd.d':0,CLONE,E60AC112-0492-5131-AEE4-4499B90DD0C7,b'/bin/sh -e /usr/lib/update-notifier/update-motd-updates-available':0,ta1-theia-1
1557753382.810:35,8A141F95-4C40-5EE4-8F33-E58215F33033:b'run-parts --lsbsysinit /etc/update-motd.d':0,CLONE,E33705FD-99FB-5FDA-B882-B45D29DB7B44,b'/bin/sh -e /usr/lib/update-notifier/update-motd-updates-available':0,ta1-theia-1
1557753382.809:30,E615F49E-DC40-5CE2-BBDB-70F5138F2213:b'sh -c /usr/bin/env -i PATH=/usr/local/sbin:/usr/local/bin:/usr/sbin:/usr/bin:/sbin:/bin run-parts --lsbsysinit /etc/update-motd.d > /var/run/motd.new':0,CLONE,8A141F95-4C40-5EE4-8F33-E58215F33033,b'run-parts --lsbsysinit /etc/update-motd.d':0,ta1-theia-1
1557753382.777:4,FE02486D-9DAD-5475-B85B-5D8F1B8723BF:b'/usr/bin/python /usr/bin/landscape-sysinfo':0,EXECUTE,0100D00F-C326-0C00-0000-0000B790005A,/usr/bin/who:0,ta1-theia-1
1557753382.772:5035,6F55142F-2107-5C5D-8738-284CB296033E:b'/bin/sh /etc/update-motd.d/50-landscape-sysinfo':0,CLONE,FE02486D-9DAD-5475-B85B-5D8F1B8723BF,b'/usr/bin/python /usr/bin/landscape-sysinfo':0,ta1-theia-1
1557753382.697:1903,6F55142F-2107-5C5D-8738-284CB296033E:b'/bin/sh /etc/update-motd.d/50-landscape-sysinfo':0,CLONE,E7335E9E-C162-56D0-9A66-A8E6399F3662,b'/usr/bin/python /usr/bin/landscape-sysinfo':0,ta1-theia-1
1557753382.666:16,D3D47140-EFF8-5F4F-98BF-C85F889F7C55:b'/usr/bin/python /usr/bin/landscape-sysinfo':0,CLONE,ACBAA080-63FC-545B-BE6E-4E4CE03CB005,b'sh -c /sbin/ldconfig -p 2>/dev/null':0,ta1-theia-1
1557753382.666:1732,6F55142F-2107-5C5D-8738-284CB296033E:b'/bin/sh /etc/update-motd.d/50-landscape-sysinfo':0,CLONE,D3D47140-EFF8-5F4F-98BF-C85F889F7C55,b'/usr/bin/python /usr/bin/landscape-sysinfo':0,ta1-theia-1
1557753382.654:16,2B85AF90-0F9A-5C1E-BC56-0C2C2910A954:b'/usr/bin/python /usr/bin/landscape-sysinfo':0,CLONE,7940D1FF-6F40-511E-8627-511E44A7C9B1,b'sh -c /sbin/ldconfig -p 2>/dev/null':0,ta1-theia-1
1557753382.653:1707,6F55142F-2107-5C5D-8738-284CB296033E:b'/bin/sh /etc/update-motd.d/50-landscape-sysinfo':0,CLONE,2B85AF90-0F9A-5C1E-BC56-0C2C2910A954,b'/usr/bin/python /usr/bin/landscape-sysinfo':0,ta1-theia-1
1557753382.488:29,6EFB45E3-172E-5F51-A978-3E7A0B582D43:b'run-parts --lsbsysinit /etc/update-motd.d':0,CLONE,6F55142F-2107-5C5D-8738-284CB296033E,b'/bin/sh /etc/update-motd.d/50-landscape-sysinfo':0,ta1-theia-1
1557753382.486:27,6EFB45E3-172E-5F51-A978-3E7A0B582D43:b'run-parts --lsbsysinit /etc/update-motd.d':0,CLONE,A0B3E817-0318-5EE7-9CF2-C56CED25CCD0,b'/bin/sh /etc/update-motd.d/50-landscape-sysinfo':0,ta1-theia-1
1557753382.476:1,DA21B10D-1165-5D1F-B534-F640D2728DCC:b'/bin/sh /etc/update-motd.d/50-landscape-sysinfo':0,CLONE,47FD4B84-6B44-5CF7-9D60-517FA0DC636D,b'/bin/sh /etc/update-motd.d/50-landscape-sysinfo':0,ta1-theia-1
1557753382.474:2,EB1A73B6-ADCF-55FF-A3D4-BF3359D14769:b'/bin/sh /etc/update-motd.d/50-landscape-sysinfo':0,CLONE,EE8F08C5-7F3C-5DF7-A36E-DF0C6A87FBC3,b'/bin/sh /etc/update-motd.d/50-landscape-sysinfo':0,ta1-theia-1
1557753382.473:1,EB1A73B6-ADCF-55FF-A3D4-BF3359D14769:b'/bin/sh /etc/update-motd.d/50-landscape-sysinfo':0,CLONE,DA21B10D-1165-5D1F-B534-F640D2728DCC,b'/bin/sh /etc/update-motd.d/50-landscape-sysinfo':0,ta1-theia-1
1557753382.473:22,6EFB45E3-172E-5F51-A978-3E7A0B582D43:b'run-parts --lsbsysinit /etc/update-motd.d':0,CLONE,EB1A73B6-ADCF-55FF-A3D4-BF3359D14769,b'/bin/sh /etc/update-motd.d/50-landscape-sysinfo':0,ta1-theia-1
1557753382.464:18,6EFB45E3-172E-5F51-A978-3E7A0B582D43:b'run-parts --lsbsysinit /etc/update-motd.d':0,CLONE,E0F60466-DBC7-51CB-A62A-B1517226E761,b'/bin/sh /etc/update-motd.d/50-landscape-sysinfo':0,ta1-theia-1
1557753382.462:29,E615F49E-DC40-5CE2-BBDB-70F5138F2213:b'sh -c /usr/bin/env -i PATH=/usr/local/sbin:/usr/local/bin:/usr/sbin:/usr/bin:/sbin:/bin run-parts --lsbsysinit /etc/update-motd.d > /var/run/motd.new':0,CLONE,6EFB45E3-172E-5F51-A978-3E7A0B582D43,b'run-parts --lsbsysinit /etc/update-motd.d':0,ta1-theia-1
1557753382.452:24,1BF3E0B7-1835-5E16-A9A3-1E686A05321B:b'run-parts --lsbsysinit /etc/update-motd.d':0,CLONE,02CC5D95-DB47-5A7A-B562-CB5261C44EF4,b'/bin/sh /etc/update-motd.d/10-help-text':0,ta1-theia-1
1557753382.452:23,1BF3E0B7-1835-5E16-A9A3-1E686A05321B:b'run-parts --lsbsysinit /etc/update-motd.d':0,CLONE,87EF87BF-93CD-5F6F-8746-B79AD222C7C6,b'/bin/sh /etc/update-motd.d/10-help-text':0,ta1-theia-1
1557753382.449:28,E615F49E-DC40-5CE2-BBDB-70F5138F2213:b'sh -c /usr/bin/env -i PATH=/usr/local/sbin:/usr/local/bin:/usr/sbin:/usr/bin:/sbin:/bin run-parts --lsbsysinit /etc/update-motd.d > /var/run/motd.new':0,CLONE,1BF3E0B7-1835-5E16-A9A3-1E686A05321B,b'run-parts --lsbsysinit /etc/update-motd.d':0,ta1-theia-1
1557753382.441:31,9878E9CD-798A-5F1E-8798-34D6B4E0CC01:b'run-parts --lsbsysinit /etc/update-motd.d':0,CLONE,06C78B1A-A09D-5033-8E3B-EF40262E8F86,b'/bin/sh /etc/update-motd.d/00-header':0,ta1-theia-1
1557753382.433:27,9878E9CD-798A-5F1E-8798-34D6B4E0CC01:b'run-parts --lsbsysinit /etc/update-motd.d':0,CLONE,3107337D-FAF4-58F4-8924-2AD557E19C32,b'/bin/sh /etc/update-motd.d/00-header':0,ta1-theia-1
1557753382.430:23,9878E9CD-798A-5F1E-8798-34D6B4E0CC01:b'run-parts --lsbsysinit /etc/update-motd.d':0,CLONE,6A02BDC1-5F9A-5544-9F11-82FFC460CA0C,b'/bin/sh /etc/update-motd.d/00-header':0,ta1-theia-1
1557753382.420:27,E615F49E-DC40-5CE2-BBDB-70F5138F2213:b'sh -c /usr/bin/env -i PATH=/usr/local/sbin:/usr/local/bin:/usr/sbin:/usr/bin:/sbin:/bin run-parts --lsbsysinit /etc/update-motd.d > /var/run/motd.new':0,CLONE,9878E9CD-798A-5F1E-8798-34D6B4E0CC01,b'run-parts --lsbsysinit /etc/update-motd.d':0,ta1-theia-1
1557753382.416:16,E2F437BD-2FCE-5F54-A6DB-BBFF0CBECC14:b'sshd: admin [priv]  ':0,CLONE,E615F49E-DC40-5CE2-BBDB-70F5138F2213,b'sh -c /usr/bin/env -i PATH=/usr/local/sbin:/usr/local/bin:/usr/sbin:/usr/bin:/sbin:/bin run-parts --lsbsysinit /etc/update-motd.d > /var/run/motd.new':0,ta1-theia-1
1557753382.412:554,8361E47B-AA2E-53D8-881E-683865842E04:b'/usr/sbin/sshd -D':0,CLONE,E2F437BD-2FCE-5F54-A6DB-BBFF0CBECC14,b'sshd: admin [priv]  ':0,ta1-theia-1
1557753382.131:309,8361E47B-AA2E-53D8-881E-683865842E04:b'/usr/sbin/sshd -D':0,READ,0100D00F-0B00-5800-0000-0000678E005A,/etc/hosts:0,ta1-theia-1
1557753382.131:308,8361E47B-AA2E-53D8-881E-683865842E04:b'/usr/sbin/sshd -D':0,READ,0100D00F-0B00-5800-0000-0000678E005A,/etc/hosts:0,ta1-theia-1
1557753382.131:299,8361E47B-AA2E-53D8-881E-683865842E04:b'/usr/sbin/sshd -D':0,READ,0100D00F-0B00-5800-0000-0000678E005A,/etc/hosts:0,ta1-theia-1
1557753382.085:274,8361E47B-AA2E-53D8-881E-683865842E04:b'/usr/sbin/sshd -D':0,CLONE,374C6E92-8BC7-5662-B336-FC842BC46B3E,b'sshd: [accepted]    ':0,ta1-theia-1
1557753381.935:5289,84053D48-9767-59AE-A797-BAC5E4ED3368:null:null,CLONE,8361E47B-AA2E-53D8-881E-683865842E04,b'/usr/sbin/sshd -D':0,ta1-theia-1
1557753379.478:514578,CC7C9A7F-4BD4-5E0F-88B4-3EA111554703:null:null,READ,0100D00F-0B00-5800-0000-0000678E005A,/etc/hosts:0,ta1-theia-1
1557753379.478:514577,CC7C9A7F-4BD4-5E0F-88B4-3EA111554703:null:null,READ,0100D00F-0B00-5800-0000-0000678E005A,/etc/hosts:0,ta1-theia-1
1557753372.076:514533,CC7C9A7F-4BD4-5E0F-88B4-3EA111554703:null:null,READ,0100D00F-0B00-5800-0000-0000678E005A,/etc/hosts:0,ta1-theia-1
1557753372.076:514532,CC7C9A7F-4BD4-5E0F-88B4-3EA111554703:null:null,READ,0100D00F-0B00-5800-0000-0000678E005A,/etc/hosts:0,ta1-theia-1
1557753364.866:514496,CC7C9A7F-4BD4-5E0F-88B4-3EA111554703:null:null,READ,0100D00F-0B00-5800-0000-0000678E005A,/etc/hosts:0,ta1-theia-1
1557753364.866:514495,CC7C9A7F-4BD4-5E0F-88B4-3EA111554703:null:null,READ,0100D00F-0B00-5800-0000-0000678E005A,/etc/hosts:0,ta1-theia-1
1557753311.071:514471,CC7C9A7F-4BD4-5E0F-88B4-3EA111554703:null:null,READ,0100D00F-0B00-5800-0000-0000678E005A,/etc/hosts:0,ta1-theia-1
1557753311.071:514470,CC7C9A7F-4BD4-5E0F-88B4-3EA111554703:null:null,READ,0100D00F-0B00-5800-0000-0000678E005A,/etc/hosts:0,ta1-theia-1
1557753304.962:514434,CC7C9A7F-4BD4-5E0F-88B4-3EA111554703:null:null,READ,0100D00F-0B00-5800-0000-0000678E005A,/etc/hosts:0,ta1-theia-1
1557753304.962:514433,CC7C9A7F-4BD4-5E0F-88B4-3EA111554703:null:null,READ,0100D00F-0B00-5800-0000-0000678E005A,/etc/hosts:0,ta1-theia-1
1557753293.438:15404,94E4DFBD-838C-514F-903B-19CAECEF6F62:null:null,READ,0100D00F-0B00-5800-0000-0000678E005A,/etc/hosts:0,ta1-theia-1
1557753293.438:15403,94E4DFBD-838C-514F-903B-19CAECEF6F62:null:null,READ,0100D00F-0B00-5800-0000-0000678E005A,/etc/hosts:0,ta1-theia-1
1557753293.438:15399,94E4DFBD-838C-514F-903B-19CAECEF6F62:null:null,READ,0100D00F-0B00-5800-0000-0000678E005A,/etc/hosts:0,ta1-theia-1
1557753287.342:514409,CC7C9A7F-4BD4-5E0F-88B4-3EA111554703:null:null,READ,0100D00F-0B00-5800-0000-0000678E005A,/etc/hosts:0,ta1-theia-1
1557753287.342:514408,CC7C9A7F-4BD4-5E0F-88B4-3EA111554703:null:null,READ,0100D00F-0B00-5800-0000-0000678E005A,/etc/hosts:0,ta1-theia-1
1557753249.733:15392,94E4DFBD-838C-514F-903B-19CAECEF6F62:null:null,READ,0100D00F-0B00-5800-0000-0000678E005A,/etc/hosts:0,ta1-theia-1
1557753249.733:15391,94E4DFBD-838C-514F-903B-19CAECEF6F62:null:null,READ,0100D00F-0B00-5800-0000-0000678E005A,/etc/hosts:0,ta1-theia-1
1557753249.733:15387,94E4DFBD-838C-514F-903B-19CAECEF6F62:null:null,READ,0100D00F-0B00-5800-0000-0000678E005A,/etc/hosts:0,ta1-theia-1
1557753246.872:514368,CC7C9A7F-4BD4-5E0F-88B4-3EA111554703:null:null,READ,0100D00F-0B00-5800-0000-0000678E005A,/etc/hosts:0,ta1-theia-1
1557753246.872:514367,CC7C9A7F-4BD4-5E0F-88B4-3EA111554703:null:null,READ,0100D00F-0B00-5800-0000-0000678E005A,/etc/hosts:0,ta1-theia-1
1557753228.070:514327,CC7C9A7F-4BD4-5E0F-88B4-3EA111554703:null:null,READ,0100D00F-0B00-5800-0000-0000678E005A,/etc/hosts:0,ta1-theia-1
1557753228.070:514326,CC7C9A7F-4BD4-5E0F-88B4-3EA111554703:null:null,READ,0100D00F-0B00-5800-0000-0000678E005A,/etc/hosts:0,ta1-theia-1
1557753222.865:15380,94E4DFBD-838C-514F-903B-19CAECEF6F62:null:null,READ,0100D00F-0B00-5800-0000-0000678E005A,/etc/hosts:0,ta1-theia-1
1557753222.865:15379,94E4DFBD-838C-514F-903B-19CAECEF6F62:null:null,READ,0100D00F-0B00-5800-0000-0000678E005A,/etc/hosts:0,ta1-theia-1
1557753222.865:15375,94E4DFBD-838C-514F-903B-19CAECEF6F62:null:null,READ,0100D00F-0B00-5800-0000-0000678E005A,/etc/hosts:0,ta1-theia-1
1557753219.070:514286,CC7C9A7F-4BD4-5E0F-88B4-3EA111554703:null:null,READ,0100D00F-0B00-5800-0000-0000678E005A,/etc/hosts:0,ta1-theia-1
1557753219.070:514285,CC7C9A7F-4BD4-5E0F-88B4-3EA111554703:null:null,READ,0100D00F-0B00-5800-0000-0000678E005A,/etc/hosts:0,ta1-theia-1
1557753214.914:514250,CC7C9A7F-4BD4-5E0F-88B4-3EA111554703:null:null,READ,0100D00F-0B00-5800-0000-0000678E005A,/etc/hosts:0,ta1-theia-1
1557753214.914:514249,CC7C9A7F-4BD4-5E0F-88B4-3EA111554703:null:null,READ,0100D00F-0B00-5800-0000-0000678E005A,/etc/hosts:0,ta1-theia-1
1557753189.074:514220,CC7C9A7F-4BD4-5E0F-88B4-3EA111554703:null:null,READ,0100D00F-0B00-5800-0000-0000678E005A,/etc/hosts:0,ta1-theia-1
1557753189.074:514219,CC7C9A7F-4BD4-5E0F-88B4-3EA111554703:null:null,READ,0100D00F-0B00-5800-0000-0000678E005A,/etc/hosts:0,ta1-theia-1
1557753184.898:514183,CC7C9A7F-4BD4-5E0F-88B4-3EA111554703:null:null,READ,0100D00F-0B00-5800-0000-0000678E005A,/etc/hosts:0,ta1-theia-1
1557753184.898:514182,CC7C9A7F-4BD4-5E0F-88B4-3EA111554703:null:null,READ,0100D00F-0B00-5800-0000-0000678E005A,/etc/hosts:0,ta1-theia-1
1557753159.067:514158,CC7C9A7F-4BD4-5E0F-88B4-3EA111554703:null:null,READ,0100D00F-0B00-5800-0000-0000678E005A,/etc/hosts:0,ta1-theia-1
1557753159.067:514157,CC7C9A7F-4BD4-5E0F-88B4-3EA111554703:null:null,READ,0100D00F-0B00-5800-0000-0000678E005A,/etc/hosts:0,ta1-theia-1
1557753154.946:514122,CC7C9A7F-4BD4-5E0F-88B4-3EA111554703:null:null,READ,0100D00F-0B00-5800-0000-0000678E005A,/etc/hosts:0,ta1-theia-1
1557753154.946:514121,CC7C9A7F-4BD4-5E0F-88B4-3EA111554703:null:null,READ,0100D00F-0B00-5800-0000-0000678E005A,/etc/hosts:0,ta1-theia-1
1557753137.069:514092,CC7C9A7F-4BD4-5E0F-88B4-3EA111554703:null:null,READ,0100D00F-0B00-5800-0000-0000678E005A,/etc/hosts:0,ta1-theia-1
1557753137.069:514091,CC7C9A7F-4BD4-5E0F-88B4-3EA111554703:null:null,READ,0100D00F-0B00-5800-0000-0000678E005A,/etc/hosts:0,ta1-theia-1
1557753129.069:514055,CC7C9A7F-4BD4-5E0F-88B4-3EA111554703:null:null,READ,0100D00F-0B00-5800-0000-0000678E005A,/etc/hosts:0,ta1-theia-1
1557753129.069:514054,CC7C9A7F-4BD4-5E0F-88B4-3EA111554703:null:null,READ,0100D00F-0B00-5800-0000-0000678E005A,/etc/hosts:0,ta1-theia-1
1557753121.431:514030,CC7C9A7F-4BD4-5E0F-88B4-3EA111554703:null:null,READ,0100D00F-0B00-5800-0000-0000678E005A,/etc/hosts:0,ta1-theia-1
1557753121.431:514029,CC7C9A7F-4BD4-5E0F-88B4-3EA111554703:null:null,READ,0100D00F-0B00-5800-0000-0000678E005A,/etc/hosts:0,ta1-theia-1
1557753112.072:513989,CC7C9A7F-4BD4-5E0F-88B4-3EA111554703:null:null,READ,0100D00F-0B00-5800-0000-0000678E005A,/etc/hosts:0,ta1-theia-1
1557753112.072:513988,CC7C9A7F-4BD4-5E0F-88B4-3EA111554703:null:null,READ,0100D00F-0B00-5800-0000-0000678E005A,/etc/hosts:0,ta1-theia-1
1557753103.068:513948,CC7C9A7F-4BD4-5E0F-88B4-3EA111554703:null:null,READ,0100D00F-0B00-5800-0000-0000678E005A,/etc/hosts:0,ta1-theia-1
1557753103.068:513947,CC7C9A7F-4BD4-5E0F-88B4-3EA111554703:null:null,READ,0100D00F-0B00-5800-0000-0000678E005A,/etc/hosts:0,ta1-theia-1
1557753095.068:513912,CC7C9A7F-4BD4-5E0F-88B4-3EA111554703:null:null,READ,0100D00F-0B00-5800-0000-0000678E005A,/etc/hosts:0,ta1-theia-1
1557753095.068:513911,CC7C9A7F-4BD4-5E0F-88B4-3EA111554703:null:null,READ,0100D00F-0B00-5800-0000-0000678E005A,/etc/hosts:0,ta1-theia-1
1557753089.271:513877,CC7C9A7F-4BD4-5E0F-88B4-3EA111554703:null:null,READ,0100D00F-0B00-5800-0000-0000678E005A,/etc/hosts:0,ta1-theia-1
1557753089.271:513876,CC7C9A7F-4BD4-5E0F-88B4-3EA111554703:null:null,READ,0100D00F-0B00-5800-0000-0000678E005A,/etc/hosts:0,ta1-theia-1
1557753071.622:513836,CC7C9A7F-4BD4-5E0F-88B4-3EA111554703:null:null,READ,0100D00F-0B00-5800-0000-0000678E005A,/etc/hosts:0,ta1-theia-1
1557753071.622:513835,CC7C9A7F-4BD4-5E0F-88B4-3EA111554703:null:null,READ,0100D00F-0B00-5800-0000-0000678E005A,/etc/hosts:0,ta1-theia-1
1557753064.962:513786,CC7C9A7F-4BD4-5E0F-88B4-3EA111554703:null:null,READ,0100D00F-0B00-5800-0000-0000678E005A,/etc/hosts:0,ta1-theia-1
1557753064.962:513785,CC7C9A7F-4BD4-5E0F-88B4-3EA111554703:null:null,READ,0100D00F-0B00-5800-0000-0000678E005A,/etc/hosts:0,ta1-theia-1
1557753047.786:125810,D2254D75-B9E0-55BB-A06C-FF862E97E769:null:null,CLONE,33C62136-B172-5C50-8699-ACD43A3070C0,b'xscreensaver -no-splash':1003,ta1-theia-1
1557753047.771:139,3C353F81-FF10-5C7C-9D36-ACCEDCED52AF:b'/usr/bin/python /usr/share/apport/apport 188162 11 0':1003,CLONE,53C97AE2-0C2F-5FC1-B1CA-394CA440821F,b'/usr/bin/gdbus call -e -d org.gnome.SessionManager -o /org/gnome/SessionManager -m org.gnome.SessionManager.IsSessionRunning':1003,ta1-theia-1
1557753047.764:1214,C847AED8-ED63-569F-8F2F-EE7844C6A4EE:b'/usr/bin/python /usr/share/apport/apport 188162 11 0':0,CLONE,3C353F81-FF10-5C7C-9D36-ACCEDCED52AF,b'/usr/bin/python /usr/share/apport/apport 188162 11 0':1003,ta1-theia-1
1557753047.711:125785,D2254D75-B9E0-55BB-A06C-FF862E97E769:null:null,CLONE,CB063B15-BCE0-510E-A6DA-FD12A5CCDB06,b'xscreensaver -no-splash':1003,ta1-theia-1
1557753047.693:139,5324B830-DFD9-5EDA-9977-B9DB060ABA5E:b'/usr/bin/python /usr/share/apport/apport 188158 11 0':1003,CLONE,5914A506-9C83-5CB4-A87A-2490CA3C7920,b'/usr/bin/gdbus call -e -d org.gnome.SessionManager -o /org/gnome/SessionManager -m org.gnome.SessionManager.IsSessionRunning':1003,ta1-theia-1
1557753047.686:1214,5188B668-F7EE-5634-9DC6-9D37E840DBB6:b'/usr/bin/python /usr/share/apport/apport 188158 11 0':0,CLONE,5324B830-DFD9-5EDA-9977-B9DB060ABA5E,b'/usr/bin/python /usr/share/apport/apport 188158 11 0':1003,ta1-theia-1
1557753047.632:125776,D2254D75-B9E0-55BB-A06C-FF862E97E769:null:null,CLONE,CE4371EA-3BD4-5E20-B6AF-DAC0EE513A75,b'xscreensaver -no-splash':1003,ta1-theia-1
1557753027.068:513733,CC7C9A7F-4BD4-5E0F-88B4-3EA111554703:null:null,READ,0100D00F-0B00-5800-0000-0000678E005A,/etc/hosts:0,ta1-theia-1
1557753027.068:513732,CC7C9A7F-4BD4-5E0F-88B4-3EA111554703:null:null,READ,0100D00F-0B00-5800-0000-0000678E005A,/etc/hosts:0,ta1-theia-1
1557753020.177:513692,CC7C9A7F-4BD4-5E0F-88B4-3EA111554703:null:null,READ,0100D00F-0B00-5800-0000-0000678E005A,/etc/hosts:0,ta1-theia-1
1557753020.177:513691,CC7C9A7F-4BD4-5E0F-88B4-3EA111554703:null:null,READ,0100D00F-0B00-5800-0000-0000678E005A,/etc/hosts:0,ta1-theia-1
1557753010.064:513651,CC7C9A7F-4BD4-5E0F-88B4-3EA111554703:null:null,READ,0100D00F-0B00-5800-0000-0000678E005A,/etc/hosts:0,ta1-theia-1
1557753010.064:513650,CC7C9A7F-4BD4-5E0F-88B4-3EA111554703:null:null,READ,0100D00F-0B00-5800-0000-0000678E005A,/etc/hosts:0,ta1-theia-1
1557753004.930:513615,CC7C9A7F-4BD4-5E0F-88B4-3EA111554703:null:null,READ,0100D00F-0B00-5800-0000-0000678E005A,/etc/hosts:0,ta1-theia-1
1557753004.930:513614,CC7C9A7F-4BD4-5E0F-88B4-3EA111554703:null:null,READ,0100D00F-0B00-5800-0000-0000678E005A,/etc/hosts:0,ta1-theia-1
1557752976.126:513585,CC7C9A7F-4BD4-5E0F-88B4-3EA111554703:null:null,READ,0100D00F-0B00-5800-0000-0000678E005A,/etc/hosts:0,ta1-theia-1
1557752976.126:513584,CC7C9A7F-4BD4-5E0F-88B4-3EA111554703:null:null,READ,0100D00F-0B00-5800-0000-0000678E005A,/etc/hosts:0,ta1-theia-1
1557752953.069:513534,CC7C9A7F-4BD4-5E0F-88B4-3EA111554703:null:null,READ,0100D00F-0B00-5800-0000-0000678E005A,/etc/hosts:0,ta1-theia-1
1557752953.069:513533,CC7C9A7F-4BD4-5E0F-88B4-3EA111554703:null:null,READ,0100D00F-0B00-5800-0000-0000678E005A,/etc/hosts:0,ta1-theia-1
1557752944.898:513489,CC7C9A7F-4BD4-5E0F-88B4-3EA111554703:null:null,READ,0100D00F-0B00-5800-0000-0000678E005A,/etc/hosts:0,ta1-theia-1
1557752944.898:513488,CC7C9A7F-4BD4-5E0F-88B4-3EA111554703:null:null,READ,0100D00F-0B00-5800-0000-0000678E005A,/etc/hosts:0,ta1-theia-1
1557752922.067:513459,CC7C9A7F-4BD4-5E0F-88B4-3EA111554703:null:null,READ,0100D00F-0B00-5800-0000-0000678E005A,/etc/hosts:0,ta1-theia-1
1557752922.067:513458,CC7C9A7F-4BD4-5E0F-88B4-3EA111554703:null:null,READ,0100D00F-0B00-5800-0000-0000678E005A,/etc/hosts:0,ta1-theia-1
1557752914.946:513422,CC7C9A7F-4BD4-5E0F-88B4-3EA111554703:null:null,READ,0100D00F-0B00-5800-0000-0000678E005A,/etc/hosts:0,ta1-theia-1
1557752914.945:513421,CC7C9A7F-4BD4-5E0F-88B4-3EA111554703:null:null,READ,0100D00F-0B00-5800-0000-0000678E005A,/etc/hosts:0,ta1-theia-1
1557752876.428:28,9CD11525-0905-5B98-9F0E-D1F7F447255A:b'sshd: admin [priv]  ':0,CLONE,CDA0ACE2-CC18-586D-A1C7-DC15ECC0248B,b'sshd: admin@notty   ':1003,ta1-theia-1
1557752876.426:635,095E5288-2AC0-54D7-9C73-594CF4BBC1E2:b'/usr/sbin/sshd -D':0,CLONE,9CD11525-0905-5B98-9F0E-D1F7F447255A,b'sshd: admin [priv]  ':0,ta1-theia-1
1557752876.417:35,96F15175-F984-5546-829C-6C81F06C589F:b'sh -c /usr/bin/env -i PATH=/usr/local/sbin:/usr/local/bin:/usr/sbin:/usr/bin:/sbin:/bin run-parts --lsbsysinit /etc/update-motd.d > /var/run/motd.new':0,CLONE,715B35EF-EBD4-5AF9-A86D-A7E8CAD99E9D,b'run-parts --lsbsysinit /etc/update-motd.d':0,ta1-theia-1
1557752876.413:34,96F15175-F984-5546-829C-6C81F06C589F:b'sh -c /usr/bin/env -i PATH=/usr/local/sbin:/usr/local/bin:/usr/sbin:/usr/bin:/sbin:/bin run-parts --lsbsysinit /etc/update-motd.d > /var/run/motd.new':0,CLONE,04CA9AE2-2B94-514B-9235-746A29907CF9,b'run-parts --lsbsysinit /etc/update-motd.d':0,ta1-theia-1
1557752876.405:0,952B74FA-F7FF-5FF3-856A-016754322578:b'/bin/sh /usr/lib/update-notifier/update-motd-fsck-at-reboot':0,EXECUTE,0100D00F-9E00-3200-0000-0000B790005A,/bin/cat:0,ta1-theia-1
1557752876.405:43,87577B52-D184-5A15-B3BC-1CB127E52565:b'run-parts --lsbsysinit /etc/update-motd.d':0,CLONE,952B74FA-F7FF-5FF3-856A-016754322578,b'/bin/sh /usr/lib/update-notifier/update-motd-fsck-at-reboot':0,ta1-theia-1
1557752876.400:40,87577B52-D184-5A15-B3BC-1CB127E52565:b'run-parts --lsbsysinit /etc/update-motd.d':0,CLONE,0BD90A45-4332-5FD5-A7BC-45A6DE66C377,b'/bin/sh /usr/lib/update-notifier/update-motd-fsck-at-reboot':0,ta1-theia-1
1557752876.398:36,87577B52-D184-5A15-B3BC-1CB127E52565:b'run-parts --lsbsysinit /etc/update-motd.d':0,CLONE,C3C94760-8B5F-5E5F-92C3-170D4C089045,b'/bin/sh /usr/lib/update-notifier/update-motd-fsck-at-reboot':0,ta1-theia-1
1557752876.391:33,96F15175-F984-5546-829C-6C81F06C589F:b'sh -c /usr/bin/env -i PATH=/usr/local/sbin:/usr/local/bin:/usr/sbin:/usr/bin:/sbin:/bin run-parts --lsbsysinit /etc/update-motd.d > /var/run/motd.new':0,CLONE,87577B52-D184-5A15-B3BC-1CB127E52565,b'run-parts --lsbsysinit /etc/update-motd.d':0,ta1-theia-1
1557752876.389:0,4B16F2C6-EB9B-5820-ADA6-2766C9BD639E:b'/bin/sh -e /usr/lib/update-notifier/update-motd-hwe-eol':0,EXECUTE,0100D00F-9E00-3200-0000-0000B790005A,/bin/cat:0,ta1-theia-1
1557752876.389:57,8639882A-A902-5815-9EDF-E01C64D7B6D4:b'run-parts --lsbsysinit /etc/update-motd.d':0,CLONE,4B16F2C6-EB9B-5820-ADA6-2766C9BD639E,b'/bin/sh -e /usr/lib/update-notifier/update-motd-hwe-eol':0,ta1-theia-1
1557752876.377:55,8639882A-A902-5815-9EDF-E01C64D7B6D4:b'run-parts --lsbsysinit /etc/update-motd.d':0,CLONE,84DC4336-8456-58F0-98B7-1556340D2F3C,b'/bin/sh -e /usr/lib/update-notifier/update-motd-hwe-eol':0,ta1-theia-1
1557752876.361:105,4D65F449-2FCC-54FD-98EB-23C6F0E7883F:b'/bin/sh -e /usr/lib/update-notifier/update-motd-hwe-eol':0,CLONE,ED603BD4-B757-53CE-BAC1-BE35C563B761,b'apt-config shell DpkgStatusDir Dir::State::status':0,ta1-theia-1
1557752876.357:51,8639882A-A902-5815-9EDF-E01C64D7B6D4:b'run-parts --lsbsysinit /etc/update-motd.d':0,CLONE,4D65F449-2FCC-54FD-98EB-23C6F0E7883F,b'/bin/sh -e /usr/lib/update-notifier/update-motd-hwe-eol':0,ta1-theia-1
1557752876.345:105,97DB596E-2F50-5668-9665-7CCF81F7023A:b'/bin/sh -e /usr/lib/update-notifier/update-motd-hwe-eol':0,CLONE,C0D80434-6F3C-537F-AC6B-2E918C98157B,b'apt-config shell SourceList Dir::Etc::sourcelist':0,ta1-theia-1
1557752876.341:47,8639882A-A902-5815-9EDF-E01C64D7B6D4:b'run-parts --lsbsysinit /etc/update-motd.d':0,CLONE,97DB596E-2F50-5668-9665-7CCF81F7023A,b'/bin/sh -e /usr/lib/update-notifier/update-motd-hwe-eol':0,ta1-theia-1
1557752876.328:105,8311091A-CF75-5B62-BB38-58484CEFDB72:b'/bin/sh -e /usr/lib/update-notifier/update-motd-hwe-eol':0,CLONE,CAECEF12-EBB8-5F1A-AF6C-E0ED1A040AC6,b'apt-config shell EtcDir Dir::Etc':0,ta1-theia-1
1557752876.317:43,8639882A-A902-5815-9EDF-E01C64D7B6D4:b'run-parts --lsbsysinit /etc/update-motd.d':0,CLONE,8311091A-CF75-5B62-BB38-58484CEFDB72,b'/bin/sh -e /usr/lib/update-notifier/update-motd-hwe-eol':0,ta1-theia-1
1557752876.306:105,BB09B2A7-7D4D-55AC-ACB2-6E592A588ECE:b'/bin/sh -e /usr/lib/update-notifier/update-motd-hwe-eol':0,CLONE,B07F4AB0-F41F-5A40-B13A-CDD497C4A992,b'apt-config shell ListDir Dir::State::Lists':0,ta1-theia-1
1557752876.301:39,8639882A-A902-5815-9EDF-E01C64D7B6D4:b'run-parts --lsbsysinit /etc/update-motd.d':0,CLONE,BB09B2A7-7D4D-55AC-ACB2-6E592A588ECE,b'/bin/sh -e /usr/lib/update-notifier/update-motd-hwe-eol':0,ta1-theia-1
1557752876.291:105,4DAE6EAE-DEC5-5590-A1B7-B0C84E81DC71:b'/bin/sh -e /usr/lib/update-notifier/update-motd-hwe-eol':0,CLONE,B7B910D5-9084-5A0E-8A56-D0DDE545AED1,b'apt-config shell StateDir Dir::State':0,ta1-theia-1
1557752876.287:35,8639882A-A902-5815-9EDF-E01C64D7B6D4:b'run-parts --lsbsysinit /etc/update-motd.d':0,CLONE,4DAE6EAE-DEC5-5590-A1B7-B0C84E81DC71,b'/bin/sh -e /usr/lib/update-notifier/update-motd-hwe-eol':0,ta1-theia-1
1557752876.285:32,96F15175-F984-5546-829C-6C81F06C589F:b'sh -c /usr/bin/env -i PATH=/usr/local/sbin:/usr/local/bin:/usr/sbin:/usr/bin:/sbin:/bin run-parts --lsbsysinit /etc/update-motd.d > /var/run/motd.new':0,CLONE,8639882A-A902-5815-9EDF-E01C64D7B6D4,b'run-parts --lsbsysinit /etc/update-motd.d':0,ta1-theia-1
1557752876.279:0,38F36980-4FFE-5790-8778-67E419AD628C:b'/bin/sh -e /usr/lib/update-manager/release-upgrade-motd':0,EXECUTE,0100D00F-9E00-3200-0000-0000B790005A,/bin/cat:0,ta1-theia-1
1557752876.279:34,2D1AFAE2-4414-504B-9EE5-B1C457A1C36A:b'run-parts --lsbsysinit /etc/update-motd.d':0,CLONE,38F36980-4FFE-5790-8778-67E419AD628C,b'/bin/sh -e /usr/lib/update-manager/release-upgrade-motd':0,ta1-theia-1
1557752876.277:31,96F15175-F984-5546-829C-6C81F06C589F:b'sh -c /usr/bin/env -i PATH=/usr/local/sbin:/usr/local/bin:/usr/sbin:/usr/bin:/sbin:/bin run-parts --lsbsysinit /etc/update-motd.d > /var/run/motd.new':0,CLONE,2D1AFAE2-4414-504B-9EE5-B1C457A1C36A,b'run-parts --lsbsysinit /etc/update-motd.d':0,ta1-theia-1
1557752876.263:0,76AF86E9-B2A1-5829-92BC-2BB9BD3A414A:b'/bin/sh -e /usr/lib/update-notifier/update-motd-updates-available':0,EXECUTE,0100D00F-9E00-3200-0000-0000B790005A,/bin/cat:0,ta1-theia-1
1557752876.263:447,5E72A693-3D75-57ED-933D-68F95FF12EAF:b'run-parts --lsbsysinit /etc/update-motd.d':0,CLONE,76AF86E9-B2A1-5829-92BC-2BB9BD3A414A,b'/bin/sh -e /usr/lib/update-notifier/update-motd-updates-available':0,ta1-theia-1
1557752876.261:444,5E72A693-3D75-57ED-933D-68F95FF12EAF:b'run-parts --lsbsysinit /etc/update-motd.d':0,CLONE,B2FF0734-1268-51CD-83C4-83A190F72CDE,b'/bin/sh -e /usr/lib/update-notifier/update-motd-updates-available':0,ta1-theia-1
1557752876.246:105,F0154765-9F5F-5C6A-A512-078109F7A022:b'/bin/sh -e /usr/lib/update-notifier/update-motd-updates-available':0,CLONE,F7BC4163-C1F6-5F06-8A52-7AAD270F7AD2,b'apt-config shell SourceList Dir::Etc::sourcelist':0,ta1-theia-1
1557752876.241:440,5E72A693-3D75-57ED-933D-68F95FF12EAF:b'run-parts --lsbsysinit /etc/update-motd.d':0,CLONE,F0154765-9F5F-5C6A-A512-078109F7A022,b'/bin/sh -e /usr/lib/update-notifier/update-motd-updates-available':0,ta1-theia-1
1557752876.231:105,50120A66-600A-597E-A6BD-1DD3B2802CEE:b'/bin/sh -e /usr/lib/update-notifier/update-motd-updates-available':0,CLONE,B39210CB-9D3E-576E-A711-4C20F0FAE465,b'apt-config shell EtcDir Dir::Etc':0,ta1-theia-1
1557752876.227:436,5E72A693-3D75-57ED-933D-68F95FF12EAF:b'run-parts --lsbsysinit /etc/update-motd.d':0,CLONE,50120A66-600A-597E-A6BD-1DD3B2802CEE,b'/bin/sh -e /usr/lib/update-notifier/update-motd-updates-available':0,ta1-theia-1
1557752876.225:432,5E72A693-3D75-57ED-933D-68F95FF12EAF:b'run-parts --lsbsysinit /etc/update-motd.d':0,CLONE,FE8BBC36-2499-5C47-BD4E-973DD16246C5,b'/bin/sh -e /usr/lib/update-notifier/update-motd-updates-available':0,ta1-theia-1
1557752876.219:428,5E72A693-3D75-57ED-933D-68F95FF12EAF:b'run-parts --lsbsysinit /etc/update-motd.d':0,CLONE,9C653638-E54A-5614-B994-2CBA3BF9B6D0,b'/bin/sh -e /usr/lib/update-notifier/update-motd-updates-available':0,ta1-theia-1
1557752876.217:424,5E72A693-3D75-57ED-933D-68F95FF12EAF:b'run-parts --lsbsysinit /etc/update-motd.d':0,CLONE,0E344235-D266-5BF2-9700-E98972F3F222,b'/bin/sh -e /usr/lib/update-notifier/update-motd-updates-available':0,ta1-theia-1
1557752876.208:420,5E72A693-3D75-57ED-933D-68F95FF12EAF:b'run-parts --lsbsysinit /etc/update-motd.d':0,CLONE,328AA39F-B879-5E07-8B42-99C360B0F563,b'/bin/sh -e /usr/lib/update-notifier/update-motd-updates-available':0,ta1-theia-1
1557752876.206:416,5E72A693-3D75-57ED-933D-68F95FF12EAF:b'run-parts --lsbsysinit /etc/update-motd.d':0,CLONE,249EF6BB-E697-542E-B20F-F35B2AC11829,b'/bin/sh -e /usr/lib/update-notifier/update-motd-updates-available':0,ta1-theia-1
1557752876.199:412,5E72A693-3D75-57ED-933D-68F95FF12EAF:b'run-parts --lsbsysinit /etc/update-motd.d':0,CLONE,477F0AF6-8A21-5314-AB34-DFF42A14B6F7,b'/bin/sh -e /usr/lib/update-notifier/update-motd-updates-available':0,ta1-theia-1
1557752876.197:408,5E72A693-3D75-57ED-933D-68F95FF12EAF:b'run-parts --lsbsysinit /etc/update-motd.d':0,CLONE,EA0C6A8F-FAF6-528F-8ADC-9E6D248D6646,b'/bin/sh -e /usr/lib/update-notifier/update-motd-updates-available':0,ta1-theia-1
1557752876.191:404,5E72A693-3D75-57ED-933D-68F95FF12EAF:b'run-parts --lsbsysinit /etc/update-motd.d':0,CLONE,AFEA9BF4-B41C-54F0-B6E2-3C1CEC96744E,b'/bin/sh -e /usr/lib/update-notifier/update-motd-updates-available':0,ta1-theia-1
1557752876.189:400,5E72A693-3D75-57ED-933D-68F95FF12EAF:b'run-parts --lsbsysinit /etc/update-motd.d':0,CLONE,79D979EA-447F-5D30-B191-AF2FCC54F316,b'/bin/sh -e /usr/lib/update-notifier/update-motd-updates-available':0,ta1-theia-1
1557752876.183:396,5E72A693-3D75-57ED-933D-68F95FF12EAF:b'run-parts --lsbsysinit /etc/update-motd.d':0,CLONE,0F1E6FFC-6917-59B6-82C2-6892432132C9,b'/bin/sh -e /usr/lib/update-notifier/update-motd-updates-available':0,ta1-theia-1
1557752876.181:392,5E72A693-3D75-57ED-933D-68F95FF12EAF:b'run-parts --lsbsysinit /etc/update-motd.d':0,CLONE,2076E7DB-BF17-5C45-9056-3725686B058C,b'/bin/sh -e /usr/lib/update-notifier/update-motd-updates-available':0,ta1-theia-1
1557752876.175:388,5E72A693-3D75-57ED-933D-68F95FF12EAF:b'run-parts --lsbsysinit /etc/update-motd.d':0,CLONE,C89B8F99-7590-5AE0-92E8-09A7F27800EF,b'/bin/sh -e /usr/lib/update-notifier/update-motd-updates-available':0,ta1-theia-1
1557752876.173:384,5E72A693-3D75-57ED-933D-68F95FF12EAF:b'run-parts --lsbsysinit /etc/update-motd.d':0,CLONE,F2AA6019-0267-5442-BD01-0746E746AFFB,b'/bin/sh -e /usr/lib/update-notifier/update-motd-updates-available':0,ta1-theia-1
1557752876.167:380,5E72A693-3D75-57ED-933D-68F95FF12EAF:b'run-parts --lsbsysinit /etc/update-motd.d':0,CLONE,25F49C77-4732-5C45-BC32-B455B5138E72,b'/bin/sh -e /usr/lib/update-notifier/update-motd-updates-available':0,ta1-theia-1
1557752876.165:376,5E72A693-3D75-57ED-933D-68F95FF12EAF:b'run-parts --lsbsysinit /etc/update-motd.d':0,CLONE,1E9355DF-7F2C-5007-AEA1-F0D1934B1281,b'/bin/sh -e /usr/lib/update-notifier/update-motd-updates-available':0,ta1-theia-1
1557752876.159:372,5E72A693-3D75-57ED-933D-68F95FF12EAF:b'run-parts --lsbsysinit /etc/update-motd.d':0,CLONE,562AC14B-3628-592D-8D26-6CCCA4214735,b'/bin/sh -e /usr/lib/update-notifier/update-motd-updates-available':0,ta1-theia-1
1557752876.157:368,5E72A693-3D75-57ED-933D-68F95FF12EAF:b'run-parts --lsbsysinit /etc/update-motd.d':0,CLONE,EB28A6FC-7538-5400-A95E-19D1E3496958,b'/bin/sh -e /usr/lib/update-notifier/update-motd-updates-available':0,ta1-theia-1
1557752876.151:364,5E72A693-3D75-57ED-933D-68F95FF12EAF:b'run-parts --lsbsysinit /etc/update-motd.d':0,CLONE,4A6B1DD7-8AD0-5481-9689-1463A0AB9E72,b'/bin/sh -e /usr/lib/update-notifier/update-motd-updates-available':0,ta1-theia-1
1557752876.149:360,5E72A693-3D75-57ED-933D-68F95FF12EAF:b'run-parts --lsbsysinit /etc/update-motd.d':0,CLONE,B26C9C23-5709-5F17-9E81-5916C1282C25,b'/bin/sh -e /usr/lib/update-notifier/update-motd-updates-available':0,ta1-theia-1
1557752876.140:356,5E72A693-3D75-57ED-933D-68F95FF12EAF:b'run-parts --lsbsysinit /etc/update-motd.d':0,CLONE,5678370F-B292-5F84-8A98-7D52CFC9B353,b'/bin/sh -e /usr/lib/update-notifier/update-motd-updates-available':0,ta1-theia-1
1557752876.138:352,5E72A693-3D75-57ED-933D-68F95FF12EAF:b'run-parts --lsbsysinit /etc/update-motd.d':0,CLONE,DFA6D0BE-840C-5759-BF3E-8B39CA3FFF75,b'/bin/sh -e /usr/lib/update-notifier/update-motd-updates-available':0,ta1-theia-1
1557752876.131:348,5E72A693-3D75-57ED-933D-68F95FF12EAF:b'run-parts --lsbsysinit /etc/update-motd.d':0,CLONE,3DD3087F-98FE-5339-908D-096DF1FB1D78,b'/bin/sh -e /usr/lib/update-notifier/update-motd-updates-available':0,ta1-theia-1
1557752876.129:344,5E72A693-3D75-57ED-933D-68F95FF12EAF:b'run-parts --lsbsysinit /etc/update-motd.d':0,CLONE,315A4CAB-3458-5256-811B-F01E9C9570E2,b'/bin/sh -e /usr/lib/update-notifier/update-motd-updates-available':0,ta1-theia-1
1557752876.123:340,5E72A693-3D75-57ED-933D-68F95FF12EAF:b'run-parts --lsbsysinit /etc/update-motd.d':0,CLONE,1804B4CD-F3CE-5FD1-8793-D233A0B83069,b'/bin/sh -e /usr/lib/update-notifier/update-motd-updates-available':0,ta1-theia-1
1557752876.121:336,5E72A693-3D75-57ED-933D-68F95FF12EAF:b'run-parts --lsbsysinit /etc/update-motd.d':0,CLONE,1792D09E-E8D0-5A4B-9099-0B3A11A02C6B,b'/bin/sh -e /usr/lib/update-notifier/update-motd-updates-available':0,ta1-theia-1
1557752876.115:332,5E72A693-3D75-57ED-933D-68F95FF12EAF:b'run-parts --lsbsysinit /etc/update-motd.d':0,CLONE,83E7C8CE-A708-57DF-9A5C-51629E2EAD57,b'/bin/sh -e /usr/lib/update-notifier/update-motd-updates-available':0,ta1-theia-1
1557752876.113:328,5E72A693-3D75-57ED-933D-68F95FF12EAF:b'run-parts --lsbsysinit /etc/update-motd.d':0,CLONE,92B67C40-A3F6-549C-B45A-9C4966D1B8E3,b'/bin/sh -e /usr/lib/update-notifier/update-motd-updates-available':0,ta1-theia-1
1557752876.107:324,5E72A693-3D75-57ED-933D-68F95FF12EAF:b'run-parts --lsbsysinit /etc/update-motd.d':0,CLONE,56803DA6-9B93-5808-8E26-9A8EC646C0F0,b'/bin/sh -e /usr/lib/update-notifier/update-motd-updates-available':0,ta1-theia-1
1557752876.105:320,5E72A693-3D75-57ED-933D-68F95FF12EAF:b'run-parts --lsbsysinit /etc/update-motd.d':0,CLONE,E2ACB754-69BF-505C-BDC7-F0AD8F4E6E7B,b'/bin/sh -e /usr/lib/update-notifier/update-motd-updates-available':0,ta1-theia-1
1557752876.099:316,5E72A693-3D75-57ED-933D-68F95FF12EAF:b'run-parts --lsbsysinit /etc/update-motd.d':0,CLONE,6A29AD9C-F572-5D50-BA66-C4C4FAD8D71E,b'/bin/sh -e /usr/lib/update-notifier/update-motd-updates-available':0,ta1-theia-1
1557752876.097:312,5E72A693-3D75-57ED-933D-68F95FF12EAF:b'run-parts --lsbsysinit /etc/update-motd.d':0,CLONE,897BBAF9-2649-52D8-AB64-9572056939AB,b'/bin/sh -e /usr/lib/update-notifier/update-motd-updates-available':0,ta1-theia-1
1557752876.091:308,5E72A693-3D75-57ED-933D-68F95FF12EAF:b'run-parts --lsbsysinit /etc/update-motd.d':0,CLONE,D4395884-9C6C-5108-B8EC-2761BFDF96B0,b'/bin/sh -e /usr/lib/update-notifier/update-motd-updates-available':0,ta1-theia-1
1557752876.089:304,5E72A693-3D75-57ED-933D-68F95FF12EAF:b'run-parts --lsbsysinit /etc/update-motd.d':0,CLONE,9537AB61-6C12-5971-B44F-E4D03B1D5B6B,b'/bin/sh -e /usr/lib/update-notifier/update-motd-updates-available':0,ta1-theia-1
1557752876.083:300,5E72A693-3D75-57ED-933D-68F95FF12EAF:b'run-parts --lsbsysinit /etc/update-motd.d':0,CLONE,5692D6A2-BBE8-595A-AE2B-253523BABA5E,b'/bin/sh -e /usr/lib/update-notifier/update-motd-updates-available':0,ta1-theia-1
1557752876.081:296,5E72A693-3D75-57ED-933D-68F95FF12EAF:b'run-parts --lsbsysinit /etc/update-motd.d':0,CLONE,43C00C91-99B8-54A4-ACD9-8D2AFF0EFC41,b'/bin/sh -e /usr/lib/update-notifier/update-motd-updates-available':0,ta1-theia-1
1557752876.075:292,5E72A693-3D75-57ED-933D-68F95FF12EAF:b'run-parts --lsbsysinit /etc/update-motd.d':0,CLONE,D92281EE-341E-51C7-A6D3-5216449B25D0,b'/bin/sh -e /usr/lib/update-notifier/update-motd-updates-available':0,ta1-theia-1
1557752876.073:288,5E72A693-3D75-57ED-933D-68F95FF12EAF:b'run-parts --lsbsysinit /etc/update-motd.d':0,CLONE,CB306F1D-2074-57CD-98B5-53DA51E07330,b'/bin/sh -e /usr/lib/update-notifier/update-motd-updates-available':0,ta1-theia-1
1557752876.064:284,5E72A693-3D75-57ED-933D-68F95FF12EAF:b'run-parts --lsbsysinit /etc/update-motd.d':0,CLONE,4A75B1B9-238F-5716-93B3-491B563E424E,b'/bin/sh -e /usr/lib/update-notifier/update-motd-updates-available':0,ta1-theia-1
1557752876.062:280,5E72A693-3D75-57ED-933D-68F95FF12EAF:b'run-parts --lsbsysinit /etc/update-motd.d':0,CLONE,A324B4C8-752B-5992-B5BF-0771E743376E,b'/bin/sh -e /usr/lib/update-notifier/update-motd-updates-available':0,ta1-theia-1
1557752876.055:276,5E72A693-3D75-57ED-933D-68F95FF12EAF:b'run-parts --lsbsysinit /etc/update-motd.d':0,CLONE,E27941D5-498C-5D97-9653-F8AB2250EAF9,b'/bin/sh -e /usr/lib/update-notifier/update-motd-updates-available':0,ta1-theia-1
1557752876.053:272,5E72A693-3D75-57ED-933D-68F95FF12EAF:b'run-parts --lsbsysinit /etc/update-motd.d':0,CLONE,2D5A4E99-CF17-5051-AD5A-FB117B272C87,b'/bin/sh -e /usr/lib/update-notifier/update-motd-updates-available':0,ta1-theia-1
1557752876.047:268,5E72A693-3D75-57ED-933D-68F95FF12EAF:b'run-parts --lsbsysinit /etc/update-motd.d':0,CLONE,F9D4D70D-1717-5923-BB6C-66EFC7B88F02,b'/bin/sh -e /usr/lib/update-notifier/update-motd-updates-available':0,ta1-theia-1
1557752876.045:264,5E72A693-3D75-57ED-933D-68F95FF12EAF:b'run-parts --lsbsysinit /etc/update-motd.d':0,CLONE,587D176E-1FA3-59F4-97A9-7DF87DEE35E0,b'/bin/sh -e /usr/lib/update-notifier/update-motd-updates-available':0,ta1-theia-1
1557752876.039:260,5E72A693-3D75-57ED-933D-68F95FF12EAF:b'run-parts --lsbsysinit /etc/update-motd.d':0,CLONE,DB19C78D-8464-54DD-BB7E-DDFC63548C96,b'/bin/sh -e /usr/lib/update-notifier/update-motd-updates-available':0,ta1-theia-1
1557752876.037:256,5E72A693-3D75-57ED-933D-68F95FF12EAF:b'run-parts --lsbsysinit /etc/update-motd.d':0,CLONE,17E53A90-723A-5561-A55F-CCC8BD12B0F9,b'/bin/sh -e /usr/lib/update-notifier/update-motd-updates-available':0,ta1-theia-1
1557752876.031:252,5E72A693-3D75-57ED-933D-68F95FF12EAF:b'run-parts --lsbsysinit /etc/update-motd.d':0,CLONE,C0B06C41-BF6B-5EB8-BBBB-A0B4318D82DB,b'/bin/sh -e /usr/lib/update-notifier/update-motd-updates-available':0,ta1-theia-1
1557752876.029:248,5E72A693-3D75-57ED-933D-68F95FF12EAF:b'run-parts --lsbsysinit /etc/update-motd.d':0,CLONE,09FC1835-D239-5588-A192-2271F461C27F,b'/bin/sh -e /usr/lib/update-notifier/update-motd-updates-available':0,ta1-theia-1
1557752876.023:244,5E72A693-3D75-57ED-933D-68F95FF12EAF:b'run-parts --lsbsysinit /etc/update-motd.d':0,CLONE,691AB488-E32B-5705-B9B1-28F2C2912AF7,b'/bin/sh -e /usr/lib/update-notifier/update-motd-updates-available':0,ta1-theia-1
1557752876.021:240,5E72A693-3D75-57ED-933D-68F95FF12EAF:b'run-parts --lsbsysinit /etc/update-motd.d':0,CLONE,82D8EE53-FFEF-5543-B528-CFC28BBEC89C,b'/bin/sh -e /usr/lib/update-notifier/update-motd-updates-available':0,ta1-theia-1
1557752876.015:236,5E72A693-3D75-57ED-933D-68F95FF12EAF:b'run-parts --lsbsysinit /etc/update-motd.d':0,CLONE,62B9D0C6-15D7-5D26-934E-FB62EAED1D97,b'/bin/sh -e /usr/lib/update-notifier/update-motd-updates-available':0,ta1-theia-1
1557752876.013:232,5E72A693-3D75-57ED-933D-68F95FF12EAF:b'run-parts --lsbsysinit /etc/update-motd.d':0,CLONE,9066DE48-7882-52D9-B3CF-0580D3041484,b'/bin/sh -e /usr/lib/update-notifier/update-motd-updates-available':0,ta1-theia-1
1557752876.007:228,5E72A693-3D75-57ED-933D-68F95FF12EAF:b'run-parts --lsbsysinit /etc/update-motd.d':0,CLONE,266AD7B1-32DF-58E3-92F7-6E19CA598DC5,b'/bin/sh -e /usr/lib/update-notifier/update-motd-updates-available':0,ta1-theia-1
1557752876.005:224,5E72A693-3D75-57ED-933D-68F95FF12EAF:b'run-parts --lsbsysinit /etc/update-motd.d':0,CLONE,3E98792E-E834-5256-B828-E1B8037D2ABA,b'/bin/sh -e /usr/lib/update-notifier/update-motd-updates-available':0,ta1-theia-1
1557752875.996:220,5E72A693-3D75-57ED-933D-68F95FF12EAF:b'run-parts --lsbsysinit /etc/update-motd.d':0,CLONE,73C449FA-71D8-5ED6-B55B-A7CD8B1380E7,b'/bin/sh -e /usr/lib/update-notifier/update-motd-updates-available':0,ta1-theia-1
1557752875.994:216,5E72A693-3D75-57ED-933D-68F95FF12EAF:b'run-parts --lsbsysinit /etc/update-motd.d':0,CLONE,7DB7CE47-BCCC-5FB4-A178-544E94F1F38C,b'/bin/sh -e /usr/lib/update-notifier/update-motd-updates-available':0,ta1-theia-1
1557752875.987:212,5E72A693-3D75-57ED-933D-68F95FF12EAF:b'run-parts --lsbsysinit /etc/update-motd.d':0,CLONE,DB1D633A-A1C7-5B9F-9D05-555738B22FE2,b'/bin/sh -e /usr/lib/update-notifier/update-motd-updates-available':0,ta1-theia-1
1557752875.985:208,5E72A693-3D75-57ED-933D-68F95FF12EAF:b'run-parts --lsbsysinit /etc/update-motd.d':0,CLONE,7535D0E5-ABAA-50BF-9628-50DBE60710F7,b'/bin/sh -e /usr/lib/update-notifier/update-motd-updates-available':0,ta1-theia-1
1557752875.979:204,5E72A693-3D75-57ED-933D-68F95FF12EAF:b'run-parts --lsbsysinit /etc/update-motd.d':0,CLONE,092FFB23-444C-594B-BE08-4438DC254696,b'/bin/sh -e /usr/lib/update-notifier/update-motd-updates-available':0,ta1-theia-1
1557752875.977:200,5E72A693-3D75-57ED-933D-68F95FF12EAF:b'run-parts --lsbsysinit /etc/update-motd.d':0,CLONE,4D5480DC-71C5-5A61-8E17-005D3E959628,b'/bin/sh -e /usr/lib/update-notifier/update-motd-updates-available':0,ta1-theia-1
1557752875.971:196,5E72A693-3D75-57ED-933D-68F95FF12EAF:b'run-parts --lsbsysinit /etc/update-motd.d':0,CLONE,D9B091E3-69C0-509E-8CDB-0CD3A8E0489B,b'/bin/sh -e /usr/lib/update-notifier/update-motd-updates-available':0,ta1-theia-1
1557752875.969:192,5E72A693-3D75-57ED-933D-68F95FF12EAF:b'run-parts --lsbsysinit /etc/update-motd.d':0,CLONE,DB3AE354-5190-52A8-BC3A-FE0C50127936,b'/bin/sh -e /usr/lib/update-notifier/update-motd-updates-available':0,ta1-theia-1
1557752875.963:188,5E72A693-3D75-57ED-933D-68F95FF12EAF:b'run-parts --lsbsysinit /etc/update-motd.d':0,CLONE,79F864E3-FB0E-5A17-8FA4-1E6FA4220592,b'/bin/sh -e /usr/lib/update-notifier/update-motd-updates-available':0,ta1-theia-1
1557752875.961:184,5E72A693-3D75-57ED-933D-68F95FF12EAF:b'run-parts --lsbsysinit /etc/update-motd.d':0,CLONE,4FC61E09-6EA2-525E-85AD-091AF6106AE7,b'/bin/sh -e /usr/lib/update-notifier/update-motd-updates-available':0,ta1-theia-1
1557752875.955:180,5E72A693-3D75-57ED-933D-68F95FF12EAF:b'run-parts --lsbsysinit /etc/update-motd.d':0,CLONE,AB437028-3E3A-526C-9BEC-573444A45232,b'/bin/sh -e /usr/lib/update-notifier/update-motd-updates-available':0,ta1-theia-1
1557752875.953:176,5E72A693-3D75-57ED-933D-68F95FF12EAF:b'run-parts --lsbsysinit /etc/update-motd.d':0,CLONE,538BEA80-9EFF-527D-BB92-4A33D1031078,b'/bin/sh -e /usr/lib/update-notifier/update-motd-updates-available':0,ta1-theia-1
1557752875.947:172,5E72A693-3D75-57ED-933D-68F95FF12EAF:b'run-parts --lsbsysinit /etc/update-motd.d':0,CLONE,595543F5-19FD-52ED-998E-450F8F62183D,b'/bin/sh -e /usr/lib/update-notifier/update-motd-updates-available':0,ta1-theia-1
1557752875.945:168,5E72A693-3D75-57ED-933D-68F95FF12EAF:b'run-parts --lsbsysinit /etc/update-motd.d':0,CLONE,7EE23B10-AFDC-52D2-9258-193EF04C99DC,b'/bin/sh -e /usr/lib/update-notifier/update-motd-updates-available':0,ta1-theia-1
1557752875.938:164,5E72A693-3D75-57ED-933D-68F95FF12EAF:b'run-parts --lsbsysinit /etc/update-motd.d':0,CLONE,2BC5FF3B-6E2D-5ED4-9909-D0374536E09C,b'/bin/sh -e /usr/lib/update-notifier/update-motd-updates-available':0,ta1-theia-1
1557752875.937:160,5E72A693-3D75-57ED-933D-68F95FF12EAF:b'run-parts --lsbsysinit /etc/update-motd.d':0,CLONE,57E16B15-B985-56F5-923F-B25A9B237557,b'/bin/sh -e /usr/lib/update-notifier/update-motd-updates-available':0,ta1-theia-1
1557752875.931:156,5E72A693-3D75-57ED-933D-68F95FF12EAF:b'run-parts --lsbsysinit /etc/update-motd.d':0,CLONE,0FC81C87-213D-5F49-B1AD-ED242012CBF3,b'/bin/sh -e /usr/lib/update-notifier/update-motd-updates-available':0,ta1-theia-1
1557752875.929:152,5E72A693-3D75-57ED-933D-68F95FF12EAF:b'run-parts --lsbsysinit /etc/update-motd.d':0,CLONE,C3D1B7D6-FABE-59D1-9A1B-B987B9B84928,b'/bin/sh -e /usr/lib/update-notifier/update-motd-updates-available':0,ta1-theia-1
1557752875.920:148,5E72A693-3D75-57ED-933D-68F95FF12EAF:b'run-parts --lsbsysinit /etc/update-motd.d':0,CLONE,19394949-0163-5DBA-AE56-01E70197214C,b'/bin/sh -e /usr/lib/update-notifier/update-motd-updates-available':0,ta1-theia-1
1557752875.918:144,5E72A693-3D75-57ED-933D-68F95FF12EAF:b'run-parts --lsbsysinit /etc/update-motd.d':0,CLONE,4D0BF548-4847-5C48-A08A-53D6139CB607,b'/bin/sh -e /usr/lib/update-notifier/update-motd-updates-available':0,ta1-theia-1
1557752875.911:140,5E72A693-3D75-57ED-933D-68F95FF12EAF:b'run-parts --lsbsysinit /etc/update-motd.d':0,CLONE,9BC9648E-FD53-5B18-8C38-232F5E14DC37,b'/bin/sh -e /usr/lib/update-notifier/update-motd-updates-available':0,ta1-theia-1
1557752875.909:136,5E72A693-3D75-57ED-933D-68F95FF12EAF:b'run-parts --lsbsysinit /etc/update-motd.d':0,CLONE,D7A758A9-7031-5D20-BEDB-4A06A08D3D94,b'/bin/sh -e /usr/lib/update-notifier/update-motd-updates-available':0,ta1-theia-1
1557752875.903:132,5E72A693-3D75-57ED-933D-68F95FF12EAF:b'run-parts --lsbsysinit /etc/update-motd.d':0,CLONE,F22AFB8A-A4FD-5257-B657-F7F8FCB6BED0,b'/bin/sh -e /usr/lib/update-notifier/update-motd-updates-available':0,ta1-theia-1
1557752875.901:128,5E72A693-3D75-57ED-933D-68F95FF12EAF:b'run-parts --lsbsysinit /etc/update-motd.d':0,CLONE,EC16BB09-06AE-5296-89C1-81A5958BFF7C,b'/bin/sh -e /usr/lib/update-notifier/update-motd-updates-available':0,ta1-theia-1
1557752875.895:124,5E72A693-3D75-57ED-933D-68F95FF12EAF:b'run-parts --lsbsysinit /etc/update-motd.d':0,CLONE,09D685BE-9732-539F-8D42-10EA106A991F,b'/bin/sh -e /usr/lib/update-notifier/update-motd-updates-available':0,ta1-theia-1
1557752875.893:120,5E72A693-3D75-57ED-933D-68F95FF12EAF:b'run-parts --lsbsysinit /etc/update-motd.d':0,CLONE,56FC994E-AEB2-5871-A5D5-E9C95858975E,b'/bin/sh -e /usr/lib/update-notifier/update-motd-updates-available':0,ta1-theia-1
1557752875.887:116,5E72A693-3D75-57ED-933D-68F95FF12EAF:b'run-parts --lsbsysinit /etc/update-motd.d':0,CLONE,142E6F4D-1799-5110-8857-310ABBFAD650,b'/bin/sh -e /usr/lib/update-notifier/update-motd-updates-available':0,ta1-theia-1
1557752875.885:112,5E72A693-3D75-57ED-933D-68F95FF12EAF:b'run-parts --lsbsysinit /etc/update-motd.d':0,CLONE,B94763F8-2E5E-5160-938D-6CA288AD04DF,b'/bin/sh -e /usr/lib/update-notifier/update-motd-updates-available':0,ta1-theia-1
1557752875.879:108,5E72A693-3D75-57ED-933D-68F95FF12EAF:b'run-parts --lsbsysinit /etc/update-motd.d':0,CLONE,6C5745D7-8768-5524-B77B-0F7CD350CBE1,b'/bin/sh -e /usr/lib/update-notifier/update-motd-updates-available':0,ta1-theia-1
1557752875.877:104,5E72A693-3D75-57ED-933D-68F95FF12EAF:b'run-parts --lsbsysinit /etc/update-motd.d':0,CLONE,60FD35FC-DFA4-5234-B1E3-3531CA215D36,b'/bin/sh -e /usr/lib/update-notifier/update-motd-updates-available':0,ta1-theia-1
1557752875.871:100,5E72A693-3D75-57ED-933D-68F95FF12EAF:b'run-parts --lsbsysinit /etc/update-motd.d':0,CLONE,2B1CB477-97E8-593D-9425-15030C022F74,b'/bin/sh -e /usr/lib/update-notifier/update-motd-updates-available':0,ta1-theia-1
1557752875.869:96,5E72A693-3D75-57ED-933D-68F95FF12EAF:b'run-parts --lsbsysinit /etc/update-motd.d':0,CLONE,6D73C997-67BF-59AB-8A22-87D8D4DCACD6,b'/bin/sh -e /usr/lib/update-notifier/update-motd-updates-available':0,ta1-theia-1
1557752875.863:92,5E72A693-3D75-57ED-933D-68F95FF12EAF:b'run-parts --lsbsysinit /etc/update-motd.d':0,CLONE,89A831F0-8770-5136-B94A-C91098263009,b'/bin/sh -e /usr/lib/update-notifier/update-motd-updates-available':0,ta1-theia-1
1557752875.861:88,5E72A693-3D75-57ED-933D-68F95FF12EAF:b'run-parts --lsbsysinit /etc/update-motd.d':0,CLONE,B8E3C9B7-08F2-5B43-8CDF-D79248B8AB43,b'/bin/sh -e /usr/lib/update-notifier/update-motd-updates-available':0,ta1-theia-1
1557752875.852:84,5E72A693-3D75-57ED-933D-68F95FF12EAF:b'run-parts --lsbsysinit /etc/update-motd.d':0,CLONE,068D2077-3053-5D5A-9521-95152841618F,b'/bin/sh -e /usr/lib/update-notifier/update-motd-updates-available':0,ta1-theia-1
1557752875.850:80,5E72A693-3D75-57ED-933D-68F95FF12EAF:b'run-parts --lsbsysinit /etc/update-motd.d':0,CLONE,CE02B9F1-DF16-51AF-B149-91FBEB685F8C,b'/bin/sh -e /usr/lib/update-notifier/update-motd-updates-available':0,ta1-theia-1
1557752875.840:76,5E72A693-3D75-57ED-933D-68F95FF12EAF:b'run-parts --lsbsysinit /etc/update-motd.d':0,CLONE,5E51A6B6-9ABB-5A43-B3AD-B35EC274CF7A,b'/bin/sh -e /usr/lib/update-notifier/update-motd-updates-available':0,ta1-theia-1
1557752875.839:72,5E72A693-3D75-57ED-933D-68F95FF12EAF:b'run-parts --lsbsysinit /etc/update-motd.d':0,CLONE,D7732D74-DA17-52E1-BACE-735F139501C1,b'/bin/sh -e /usr/lib/update-notifier/update-motd-updates-available':0,ta1-theia-1
1557752875.837:68,5E72A693-3D75-57ED-933D-68F95FF12EAF:b'run-parts --lsbsysinit /etc/update-motd.d':0,CLONE,D827F65E-707D-57E7-9354-5DED6404367D,b'/bin/sh -e /usr/lib/update-notifier/update-motd-updates-available':0,ta1-theia-1
1557752875.823:64,5E72A693-3D75-57ED-933D-68F95FF12EAF:b'run-parts --lsbsysinit /etc/update-motd.d':0,CLONE,12741E40-406D-5E51-9E47-BCD5107E975C,b'/bin/sh -e /usr/lib/update-notifier/update-motd-updates-available':0,ta1-theia-1
1557752875.821:60,5E72A693-3D75-57ED-933D-68F95FF12EAF:b'run-parts --lsbsysinit /etc/update-motd.d':0,CLONE,089B558C-FEB6-5670-B667-6CB8CC0843DB,b'/bin/sh -e /usr/lib/update-notifier/update-motd-updates-available':0,ta1-theia-1
1557752875.811:56,5E72A693-3D75-57ED-933D-68F95FF12EAF:b'run-parts --lsbsysinit /etc/update-motd.d':0,CLONE,6CE45DB1-A17C-57FA-A783-CB51EA45748D,b'/bin/sh -e /usr/lib/update-notifier/update-motd-updates-available':0,ta1-theia-1
1557752875.809:52,5E72A693-3D75-57ED-933D-68F95FF12EAF:b'run-parts --lsbsysinit /etc/update-motd.d':0,CLONE,3E94F0BE-5D43-50CF-849B-0D2A97719C14,b'/bin/sh -e /usr/lib/update-notifier/update-motd-updates-available':0,ta1-theia-1
1557752875.807:48,5E72A693-3D75-57ED-933D-68F95FF12EAF:b'run-parts --lsbsysinit /etc/update-motd.d':0,CLONE,B9888324-28E0-544D-896F-9D4E39CB6AD1,b'/bin/sh -e /usr/lib/update-notifier/update-motd-updates-available':0,ta1-theia-1
1557752875.798:105,9893A01C-AA4B-51E5-9CF7-8FD6199A9288:b'/bin/sh -e /usr/lib/update-notifier/update-motd-updates-available':0,CLONE,A7907407-D371-5F85-981E-9CDBC0D205BE,b'apt-config shell ListDir Dir::State::Lists':0,ta1-theia-1
1557752875.794:43,5E72A693-3D75-57ED-933D-68F95FF12EAF:b'run-parts --lsbsysinit /etc/update-motd.d':0,CLONE,9893A01C-AA4B-51E5-9CF7-8FD6199A9288,b'/bin/sh -e /usr/lib/update-notifier/update-motd-updates-available':0,ta1-theia-1
1557752875.791:105,860BF21E-33A4-57FF-A2A0-BAF980EB0433:b'/bin/sh -e /usr/lib/update-notifier/update-motd-updates-available':0,CLONE,490F7360-F687-51F4-9674-76404E27454E,b'apt-config shell StateDir Dir::State':0,ta1-theia-1
1557752875.785:39,5E72A693-3D75-57ED-933D-68F95FF12EAF:b'run-parts --lsbsysinit /etc/update-motd.d':0,CLONE,860BF21E-33A4-57FF-A2A0-BAF980EB0433,b'/bin/sh -e /usr/lib/update-notifier/update-motd-updates-available':0,ta1-theia-1
1557752875.783:35,5E72A693-3D75-57ED-933D-68F95FF12EAF:b'run-parts --lsbsysinit /etc/update-motd.d':0,CLONE,4B154843-A073-530E-ACDB-F7EF18ACDB94,b'/bin/sh -e /usr/lib/update-notifier/update-motd-updates-available':0,ta1-theia-1
1557752875.781:30,96F15175-F984-5546-829C-6C81F06C589F:b'sh -c /usr/bin/env -i PATH=/usr/local/sbin:/usr/local/bin:/usr/sbin:/usr/bin:/sbin:/bin run-parts --lsbsysinit /etc/update-motd.d > /var/run/motd.new':0,CLONE,5E72A693-3D75-57ED-933D-68F95FF12EAF,b'run-parts --lsbsysinit /etc/update-motd.d':0,ta1-theia-1
1557752875.723:4,038EB72D-093B-5B66-B3F3-A48CC632C2E8:b'/usr/bin/python /usr/bin/landscape-sysinfo':0,EXECUTE,0100D00F-C326-0C00-0000-0000B790005A,/usr/bin/who:0,ta1-theia-1
1557752875.717:5035,EE4DABBA-559C-5E41-9A49-AC6CC52C5EFB:b'/bin/sh /etc/update-motd.d/50-landscape-sysinfo':0,CLONE,038EB72D-093B-5B66-B3F3-A48CC632C2E8,b'/usr/bin/python /usr/bin/landscape-sysinfo':0,ta1-theia-1
1557752875.561:1903,EE4DABBA-559C-5E41-9A49-AC6CC52C5EFB:b'/bin/sh /etc/update-motd.d/50-landscape-sysinfo':0,CLONE,76E2EFC0-B1E3-5245-A7F6-73CFFDFAF1AA,b'/usr/bin/python /usr/bin/landscape-sysinfo':0,ta1-theia-1
1557752875.518:16,97D1ED6A-4FD6-5179-A21B-B915CD159AC1:b'/usr/bin/python /usr/bin/landscape-sysinfo':0,CLONE,A5355BC3-52A0-5EA4-8D41-2343A52345B6,b'sh -c /sbin/ldconfig -p 2>/dev/null':0,ta1-theia-1
1557752875.518:1732,EE4DABBA-559C-5E41-9A49-AC6CC52C5EFB:b'/bin/sh /etc/update-motd.d/50-landscape-sysinfo':0,CLONE,97D1ED6A-4FD6-5179-A21B-B915CD159AC1,b'/usr/bin/python /usr/bin/landscape-sysinfo':0,ta1-theia-1
1557752875.507:16,F3443752-B327-5F24-8319-9AA554BDB71F:b'/usr/bin/python /usr/bin/landscape-sysinfo':0,CLONE,653ADE58-011C-543E-A8D6-C4C68F9939B8,b'sh -c /sbin/ldconfig -p 2>/dev/null':0,ta1-theia-1
1557752875.506:1707,EE4DABBA-559C-5E41-9A49-AC6CC52C5EFB:b'/bin/sh /etc/update-motd.d/50-landscape-sysinfo':0,CLONE,F3443752-B327-5F24-8319-9AA554BDB71F,b'/usr/bin/python /usr/bin/landscape-sysinfo':0,ta1-theia-1
1557752875.332:29,359ED49C-BA9C-5D0E-BD5E-A9781A242619:b'run-parts --lsbsysinit /etc/update-motd.d':0,CLONE,EE4DABBA-559C-5E41-9A49-AC6CC52C5EFB,b'/bin/sh /etc/update-motd.d/50-landscape-sysinfo':0,ta1-theia-1
1557752875.330:27,359ED49C-BA9C-5D0E-BD5E-A9781A242619:b'run-parts --lsbsysinit /etc/update-motd.d':0,CLONE,3A223D94-398F-5B7A-BE63-63D495AC98DC,b'/bin/sh /etc/update-motd.d/50-landscape-sysinfo':0,ta1-theia-1
1557752875.317:1,7ED2C449-7E4A-5343-8485-B3315108CD4E:b'/bin/sh /etc/update-motd.d/50-landscape-sysinfo':0,CLONE,9088CA10-077A-5B2D-8205-30447DA3EF65,b'/bin/sh /etc/update-motd.d/50-landscape-sysinfo':0,ta1-theia-1
1557752875.314:2,6C25F8F8-B563-529E-B7A8-A965EB8D74C0:b'/bin/sh /etc/update-motd.d/50-landscape-sysinfo':0,CLONE,DDECF073-B528-5D7F-9E90-C781C6171F44,b'/bin/sh /etc/update-motd.d/50-landscape-sysinfo':0,ta1-theia-1
1557752875.314:1,6C25F8F8-B563-529E-B7A8-A965EB8D74C0:b'/bin/sh /etc/update-motd.d/50-landscape-sysinfo':0,CLONE,7ED2C449-7E4A-5343-8485-B3315108CD4E,b'/bin/sh /etc/update-motd.d/50-landscape-sysinfo':0,ta1-theia-1
1557752875.313:22,359ED49C-BA9C-5D0E-BD5E-A9781A242619:b'run-parts --lsbsysinit /etc/update-motd.d':0,CLONE,6C25F8F8-B563-529E-B7A8-A965EB8D74C0,b'/bin/sh /etc/update-motd.d/50-landscape-sysinfo':0,ta1-theia-1
1557752875.304:18,359ED49C-BA9C-5D0E-BD5E-A9781A242619:b'run-parts --lsbsysinit /etc/update-motd.d':0,CLONE,68C19D25-B760-5B79-92A3-CF016592516B,b'/bin/sh /etc/update-motd.d/50-landscape-sysinfo':0,ta1-theia-1
1557752875.302:29,96F15175-F984-5546-829C-6C81F06C589F:b'sh -c /usr/bin/env -i PATH=/usr/local/sbin:/usr/local/bin:/usr/sbin:/usr/bin:/sbin:/bin run-parts --lsbsysinit /etc/update-motd.d > /var/run/motd.new':0,CLONE,359ED49C-BA9C-5D0E-BD5E-A9781A242619,b'run-parts --lsbsysinit /etc/update-motd.d':0,ta1-theia-1
1557752875.292:24,BF096A7B-94D0-5BBA-A53D-1DB75A7B3D24:b'run-parts --lsbsysinit /etc/update-motd.d':0,CLONE,D54B7214-65C5-5C19-9265-283F3D1F0BD9,b'/bin/sh /etc/update-motd.d/10-help-text':0,ta1-theia-1
1557752875.292:23,BF096A7B-94D0-5BBA-A53D-1DB75A7B3D24:b'run-parts --lsbsysinit /etc/update-motd.d':0,CLONE,15A78EFC-F302-565F-A6B5-24A5F6062BA3,b'/bin/sh /etc/update-motd.d/10-help-text':0,ta1-theia-1
1557752875.289:28,96F15175-F984-5546-829C-6C81F06C589F:b'sh -c /usr/bin/env -i PATH=/usr/local/sbin:/usr/local/bin:/usr/sbin:/usr/bin:/sbin:/bin run-parts --lsbsysinit /etc/update-motd.d > /var/run/motd.new':0,CLONE,BF096A7B-94D0-5BBA-A53D-1DB75A7B3D24,b'run-parts --lsbsysinit /etc/update-motd.d':0,ta1-theia-1
1557752875.281:31,257BF2C8-2491-532A-81DD-50A5096470A1:b'run-parts --lsbsysinit /etc/update-motd.d':0,CLONE,5FFEF3EF-B935-5F8D-970C-9360B391DFFD,b'/bin/sh /etc/update-motd.d/00-header':0,ta1-theia-1
1557752875.272:27,257BF2C8-2491-532A-81DD-50A5096470A1:b'run-parts --lsbsysinit /etc/update-motd.d':0,CLONE,9114F5D0-5826-593C-9A73-302B45BBAA03,b'/bin/sh /etc/update-motd.d/00-header':0,ta1-theia-1
1557752875.267:23,257BF2C8-2491-532A-81DD-50A5096470A1:b'run-parts --lsbsysinit /etc/update-motd.d':0,CLONE,7DBD31AF-457F-5552-9FCE-7D596EB070DF,b'/bin/sh /etc/update-motd.d/00-header':0,ta1-theia-1
1557752875.255:27,96F15175-F984-5546-829C-6C81F06C589F:b'sh -c /usr/bin/env -i PATH=/usr/local/sbin:/usr/local/bin:/usr/sbin:/usr/bin:/sbin:/bin run-parts --lsbsysinit /etc/update-motd.d > /var/run/motd.new':0,CLONE,257BF2C8-2491-532A-81DD-50A5096470A1,b'run-parts --lsbsysinit /etc/update-motd.d':0,ta1-theia-1
1557752875.250:16,5986356D-BE95-5362-8CC9-7F761BBABB9C:b'sshd: admin [priv]  ':0,CLONE,96F15175-F984-5546-829C-6C81F06C589F,b'sh -c /usr/bin/env -i PATH=/usr/local/sbin:/usr/local/bin:/usr/sbin:/usr/bin:/sbin:/bin run-parts --lsbsysinit /etc/update-motd.d > /var/run/motd.new':0,ta1-theia-1
1557752875.248:582,095E5288-2AC0-54D7-9C73-594CF4BBC1E2:b'/usr/sbin/sshd -D':0,CLONE,5986356D-BE95-5362-8CC9-7F761BBABB9C,b'sshd: admin [priv]  ':0,ta1-theia-1
1557752871.069:513397,CC7C9A7F-4BD4-5E0F-88B4-3EA111554703:null:null,READ,0100D00F-0B00-5800-0000-0000678E005A,/etc/hosts:0,ta1-theia-1
1557752871.069:513396,CC7C9A7F-4BD4-5E0F-88B4-3EA111554703:null:null,READ,0100D00F-0B00-5800-0000-0000678E005A,/etc/hosts:0,ta1-theia-1
1557752869.963:300,095E5288-2AC0-54D7-9C73-594CF4BBC1E2:b'/usr/sbin/sshd -D':0,READ,0100D00F-0B00-5800-0000-0000678E005A,/etc/hosts:0,ta1-theia-1
1557752869.963:299,095E5288-2AC0-54D7-9C73-594CF4BBC1E2:b'/usr/sbin/sshd -D':0,READ,0100D00F-0B00-5800-0000-0000678E005A,/etc/hosts:0,ta1-theia-1
1557752869.917:274,095E5288-2AC0-54D7-9C73-594CF4BBC1E2:b'/usr/sbin/sshd -D':0,CLONE,5CCB4F12-429B-5F2A-B594-B83CEEA8FDCE,b'sshd: [accepted]    ':0,ta1-theia-1
1557752869.108:5282,84053D48-9767-59AE-A797-BAC5E4ED3368:null:null,CLONE,095E5288-2AC0-54D7-9C73-594CF4BBC1E2,b'/usr/sbin/sshd -D':0,ta1-theia-1
1557752862.223:513351,CC7C9A7F-4BD4-5E0F-88B4-3EA111554703:null:null,READ,0100D00F-0B00-5800-0000-0000678E005A,/etc/hosts:0,ta1-theia-1
1557752862.223:513350,CC7C9A7F-4BD4-5E0F-88B4-3EA111554703:null:null,READ,0100D00F-0B00-5800-0000-0000678E005A,/etc/hosts:0,ta1-theia-1
1557752833.061:513310,CC7C9A7F-4BD4-5E0F-88B4-3EA111554703:null:null,READ,0100D00F-0B00-5800-0000-0000678E005A,/etc/hosts:0,ta1-theia-1
1557752833.061:513309,CC7C9A7F-4BD4-5E0F-88B4-3EA111554703:null:null,READ,0100D00F-0B00-5800-0000-0000678E005A,/etc/hosts:0,ta1-theia-1
1557752824.962:513268,CC7C9A7F-4BD4-5E0F-88B4-3EA111554703:null:null,READ,0100D00F-0B00-5800-0000-0000678E005A,/etc/hosts:0,ta1-theia-1
1557752824.962:513267,CC7C9A7F-4BD4-5E0F-88B4-3EA111554703:null:null,READ,0100D00F-0B00-5800-0000-0000678E005A,/etc/hosts:0,ta1-theia-1
1557752802.059:513243,CC7C9A7F-4BD4-5E0F-88B4-3EA111554703:null:null,READ,0100D00F-0B00-5800-0000-0000678E005A,/etc/hosts:0,ta1-theia-1
1557752802.059:513242,CC7C9A7F-4BD4-5E0F-88B4-3EA111554703:null:null,READ,0100D00F-0B00-5800-0000-0000678E005A,/etc/hosts:0,ta1-theia-1
1557752794.882:513206,CC7C9A7F-4BD4-5E0F-88B4-3EA111554703:null:null,READ,0100D00F-0B00-5800-0000-0000678E005A,/etc/hosts:0,ta1-theia-1
1557752794.882:513205,CC7C9A7F-4BD4-5E0F-88B4-3EA111554703:null:null,READ,0100D00F-0B00-5800-0000-0000678E005A,/etc/hosts:0,ta1-theia-1
1557752772.060:513181,CC7C9A7F-4BD4-5E0F-88B4-3EA111554703:null:null,READ,0100D00F-0B00-5800-0000-0000678E005A,/etc/hosts:0,ta1-theia-1
1557752772.060:513180,CC7C9A7F-4BD4-5E0F-88B4-3EA111554703:null:null,READ,0100D00F-0B00-5800-0000-0000678E005A,/etc/hosts:0,ta1-theia-1
1557752764.932:513145,CC7C9A7F-4BD4-5E0F-88B4-3EA111554703:null:null,READ,0100D00F-0B00-5800-0000-0000678E005A,/etc/hosts:0,ta1-theia-1
1557752764.931:513144,CC7C9A7F-4BD4-5E0F-88B4-3EA111554703:null:null,READ,0100D00F-0B00-5800-0000-0000678E005A,/etc/hosts:0,ta1-theia-1
1557752760.061:513115,CC7C9A7F-4BD4-5E0F-88B4-3EA111554703:null:null,READ,0100D00F-0B00-5800-0000-0000678E005A,/etc/hosts:0,ta1-theia-1
1557752760.061:513114,CC7C9A7F-4BD4-5E0F-88B4-3EA111554703:null:null,READ,0100D00F-0B00-5800-0000-0000678E005A,/etc/hosts:0,ta1-theia-1
1557752753.683:513074,CC7C9A7F-4BD4-5E0F-88B4-3EA111554703:null:null,READ,0100D00F-0B00-5800-0000-0000678E005A,/etc/hosts:0,ta1-theia-1
1557752753.683:513073,CC7C9A7F-4BD4-5E0F-88B4-3EA111554703:null:null,READ,0100D00F-0B00-5800-0000-0000678E005A,/etc/hosts:0,ta1-theia-1
1557752743.066:513033,CC7C9A7F-4BD4-5E0F-88B4-3EA111554703:null:null,READ,0100D00F-0B00-5800-0000-0000678E005A,/etc/hosts:0,ta1-theia-1
1557752743.066:513032,CC7C9A7F-4BD4-5E0F-88B4-3EA111554703:null:null,READ,0100D00F-0B00-5800-0000-0000678E005A,/etc/hosts:0,ta1-theia-1
1557752734.914:512992,CC7C9A7F-4BD4-5E0F-88B4-3EA111554703:null:null,READ,0100D00F-0B00-5800-0000-0000678E005A,/etc/hosts:0,ta1-theia-1
1557752734.914:512991,CC7C9A7F-4BD4-5E0F-88B4-3EA111554703:null:null,READ,0100D00F-0B00-5800-0000-0000678E005A,/etc/hosts:0,ta1-theia-1
1557752713.833:512952,CC7C9A7F-4BD4-5E0F-88B4-3EA111554703:null:null,READ,0100D00F-0B00-5800-0000-0000678E005A,/etc/hosts:0,ta1-theia-1
1557752713.833:512951,CC7C9A7F-4BD4-5E0F-88B4-3EA111554703:null:null,READ,0100D00F-0B00-5800-0000-0000678E005A,/etc/hosts:0,ta1-theia-1
1557752682.061:512907,CC7C9A7F-4BD4-5E0F-88B4-3EA111554703:null:null,READ,0100D00F-0B00-5800-0000-0000678E005A,/etc/hosts:0,ta1-theia-1
1557752682.061:512906,CC7C9A7F-4BD4-5E0F-88B4-3EA111554703:null:null,READ,0100D00F-0B00-5800-0000-0000678E005A,/etc/hosts:0,ta1-theia-1
1557752674.946:512871,CC7C9A7F-4BD4-5E0F-88B4-3EA111554703:null:null,READ,0100D00F-0B00-5800-0000-0000678E005A,/etc/hosts:0,ta1-theia-1
1557752674.946:512870,CC7C9A7F-4BD4-5E0F-88B4-3EA111554703:null:null,READ,0100D00F-0B00-5800-0000-0000678E005A,/etc/hosts:0,ta1-theia-1
1557752656.055:512836,CC7C9A7F-4BD4-5E0F-88B4-3EA111554703:null:null,READ,0100D00F-0B00-5800-0000-0000678E005A,/etc/hosts:0,ta1-theia-1
1557752656.055:512835,CC7C9A7F-4BD4-5E0F-88B4-3EA111554703:null:null,READ,0100D00F-0B00-5800-0000-0000678E005A,/etc/hosts:0,ta1-theia-1
1557752648.054:512799,CC7C9A7F-4BD4-5E0F-88B4-3EA111554703:null:null,READ,0100D00F-0B00-5800-0000-0000678E005A,/etc/hosts:0,ta1-theia-1
1557752648.054:512798,CC7C9A7F-4BD4-5E0F-88B4-3EA111554703:null:null,READ,0100D00F-0B00-5800-0000-0000678E005A,/etc/hosts:0,ta1-theia-1
1557752641.596:512774,CC7C9A7F-4BD4-5E0F-88B4-3EA111554703:null:null,READ,0100D00F-0B00-5800-0000-0000678E005A,/etc/hosts:0,ta1-theia-1
1557752641.596:512773,CC7C9A7F-4BD4-5E0F-88B4-3EA111554703:null:null,READ,0100D00F-0B00-5800-0000-0000678E005A,/etc/hosts:0,ta1-theia-1
1557752635.059:512733,CC7C9A7F-4BD4-5E0F-88B4-3EA111554703:null:null,READ,0100D00F-0B00-5800-0000-0000678E005A,/etc/hosts:0,ta1-theia-1
1557752635.058:512732,CC7C9A7F-4BD4-5E0F-88B4-3EA111554703:null:null,READ,0100D00F-0B00-5800-0000-0000678E005A,/etc/hosts:0,ta1-theia-1
1557752626.055:512688,CC7C9A7F-4BD4-5E0F-88B4-3EA111554703:null:null,READ,0100D00F-0B00-5800-0000-0000678E005A,/etc/hosts:0,ta1-theia-1
1557752626.055:512687,CC7C9A7F-4BD4-5E0F-88B4-3EA111554703:null:null,READ,0100D00F-0B00-5800-0000-0000678E005A,/etc/hosts:0,ta1-theia-1
1557752618.054:512652,CC7C9A7F-4BD4-5E0F-88B4-3EA111554703:null:null,READ,0100D00F-0B00-5800-0000-0000678E005A,/etc/hosts:0,ta1-theia-1
1557752618.054:512651,CC7C9A7F-4BD4-5E0F-88B4-3EA111554703:null:null,READ,0100D00F-0B00-5800-0000-0000678E005A,/etc/hosts:0,ta1-theia-1
1557752610.578:512612,CC7C9A7F-4BD4-5E0F-88B4-3EA111554703:null:null,READ,0100D00F-0B00-5800-0000-0000678E005A,/etc/hosts:0,ta1-theia-1
1557752610.578:512611,CC7C9A7F-4BD4-5E0F-88B4-3EA111554703:null:null,READ,0100D00F-0B00-5800-0000-0000678E005A,/etc/hosts:0,ta1-theia-1
1557752538.054:512571,CC7C9A7F-4BD4-5E0F-88B4-3EA111554703:null:null,READ,0100D00F-0B00-5800-0000-0000678E005A,/etc/hosts:0,ta1-theia-1
1557752538.054:512570,CC7C9A7F-4BD4-5E0F-88B4-3EA111554703:null:null,READ,0100D00F-0B00-5800-0000-0000678E005A,/etc/hosts:0,ta1-theia-1
1557752529.054:512521,CC7C9A7F-4BD4-5E0F-88B4-3EA111554703:null:null,READ,0100D00F-0B00-5800-0000-0000678E005A,/etc/hosts:0,ta1-theia-1
1557752529.054:512520,CC7C9A7F-4BD4-5E0F-88B4-3EA111554703:null:null,READ,0100D00F-0B00-5800-0000-0000678E005A,/etc/hosts:0,ta1-theia-1
1557752524.930:512485,CC7C9A7F-4BD4-5E0F-88B4-3EA111554703:null:null,READ,0100D00F-0B00-5800-0000-0000678E005A,/etc/hosts:0,ta1-theia-1
1557752524.930:512484,CC7C9A7F-4BD4-5E0F-88B4-3EA111554703:null:null,READ,0100D00F-0B00-5800-0000-0000678E005A,/etc/hosts:0,ta1-theia-1
1557752514.313:512450,CC7C9A7F-4BD4-5E0F-88B4-3EA111554703:null:null,READ,0100D00F-0B00-5800-0000-0000678E005A,/etc/hosts:0,ta1-theia-1
1557752514.313:512449,CC7C9A7F-4BD4-5E0F-88B4-3EA111554703:null:null,READ,0100D00F-0B00-5800-0000-0000678E005A,/etc/hosts:0,ta1-theia-1
1557752502.053:512409,CC7C9A7F-4BD4-5E0F-88B4-3EA111554703:null:null,READ,0100D00F-0B00-5800-0000-0000678E005A,/etc/hosts:0,ta1-theia-1
1557752502.053:512408,CC7C9A7F-4BD4-5E0F-88B4-3EA111554703:null:null,READ,0100D00F-0B00-5800-0000-0000678E005A,/etc/hosts:0,ta1-theia-1
1557752494.914:512372,CC7C9A7F-4BD4-5E0F-88B4-3EA111554703:null:null,READ,0100D00F-0B00-5800-0000-0000678E005A,/etc/hosts:0,ta1-theia-1
1557752494.914:512371,CC7C9A7F-4BD4-5E0F-88B4-3EA111554703:null:null,READ,0100D00F-0B00-5800-0000-0000678E005A,/etc/hosts:0,ta1-theia-1
1557752486.246:512347,CC7C9A7F-4BD4-5E0F-88B4-3EA111554703:null:null,READ,0100D00F-0B00-5800-0000-0000678E005A,/etc/hosts:0,ta1-theia-1
1557752486.246:512346,CC7C9A7F-4BD4-5E0F-88B4-3EA111554703:null:null,READ,0100D00F-0B00-5800-0000-0000678E005A,/etc/hosts:0,ta1-theia-1
1557752472.051:512291,CC7C9A7F-4BD4-5E0F-88B4-3EA111554703:null:null,READ,0100D00F-0B00-5800-0000-0000678E005A,/etc/hosts:0,ta1-theia-1
1557752472.051:512290,CC7C9A7F-4BD4-5E0F-88B4-3EA111554703:null:null,READ,0100D00F-0B00-5800-0000-0000678E005A,/etc/hosts:0,ta1-theia-1
1557752464.898:512254,CC7C9A7F-4BD4-5E0F-88B4-3EA111554703:null:null,READ,0100D00F-0B00-5800-0000-0000678E005A,/etc/hosts:0,ta1-theia-1
1557752464.898:512253,CC7C9A7F-4BD4-5E0F-88B4-3EA111554703:null:null,READ,0100D00F-0B00-5800-0000-0000678E005A,/etc/hosts:0,ta1-theia-1
1557752447.626:125345,D2254D75-B9E0-55BB-A06C-FF862E97E769:null:null,CLONE,1A58E4D8-5B00-5704-8BE1-BA0C18E30567,b'xscreensaver -no-splash':1003,ta1-theia-1
1557752447.592:139,A1AB5F71-07D4-5A49-BBAA-8C0B4E68192D:b'/usr/bin/python /usr/share/apport/apport 187956 11 0':1003,CLONE,4E705977-8FD8-5108-97E0-5C8C81C3CA4C,b'/usr/bin/gdbus call -e -d org.gnome.SessionManager -o /org/gnome/SessionManager -m org.gnome.SessionManager.IsSessionRunning':1003,ta1-theia-1
1557752447.585:1214,8B0C615E-7072-579F-A3A0-7F07B2FC6E6B:b'/usr/bin/python /usr/share/apport/apport 187956 11 0':0,CLONE,A1AB5F71-07D4-5A49-BBAA-8C0B4E68192D,b'/usr/bin/python /usr/share/apport/apport 187956 11 0':1003,ta1-theia-1
1557752447.533:125320,D2254D75-B9E0-55BB-A06C-FF862E97E769:null:null,CLONE,1615BFB5-07D2-5829-AF01-F0207A7DA4E8,b'xscreensaver -no-splash':1003,ta1-theia-1
1557752447.518:139,909D8FD4-A2E0-5FA6-8BD3-42E54167559C:b'/usr/bin/python /usr/share/apport/apport 187952 11 0':1003,CLONE,8145E533-7113-5512-B884-F1FB5D5F2479,b'/usr/bin/gdbus call -e -d org.gnome.SessionManager -o /org/gnome/SessionManager -m org.gnome.SessionManager.IsSessionRunning':1003,ta1-theia-1
1557752447.511:1214,BBFA864B-5AB1-586A-8F00-871B8114D7E9:b'/usr/bin/python /usr/share/apport/apport 187952 11 0':0,CLONE,909D8FD4-A2E0-5FA6-8BD3-42E54167559C,b'/usr/bin/python /usr/share/apport/apport 187952 11 0':1003,ta1-theia-1
1557752447.457:125311,D2254D75-B9E0-55BB-A06C-FF862E97E769:null:null,CLONE,DC6DED6E-E3F9-5C8B-8F9A-62B575CF1B14,b'xscreensaver -no-splash':1003,ta1-theia-1
1557752442.050:512220,CC7C9A7F-4BD4-5E0F-88B4-3EA111554703:null:null,READ,0100D00F-0B00-5800-0000-0000678E005A,/etc/hosts:0,ta1-theia-1
1557752442.050:512219,CC7C9A7F-4BD4-5E0F-88B4-3EA111554703:null:null,READ,0100D00F-0B00-5800-0000-0000678E005A,/etc/hosts:0,ta1-theia-1
1557752434.946:512183,CC7C9A7F-4BD4-5E0F-88B4-3EA111554703:null:null,READ,0100D00F-0B00-5800-0000-0000678E005A,/etc/hosts:0,ta1-theia-1
1557752434.946:512182,CC7C9A7F-4BD4-5E0F-88B4-3EA111554703:null:null,READ,0100D00F-0B00-5800-0000-0000678E005A,/etc/hosts:0,ta1-theia-1
